Date,BZ=F,CC=F,CL=F,CT=F,GC=F,GF=F,HE=F,HG=F,HO=F,KC=F,KE=F,LBR=F,LE=F,NG=F,OJ=F,PA=F,PL=F,RB=F,SB=F,SI=F,ZC=F,ZL=F,ZM=F,ZO=F,ZR=F,ZS=F,ZW=F
2025-07-29,72.51000213623047,8220.0,69.20999908447266,66.30000305175781,3323.39990234375,336.20001220703125,107.25,5.603499889373779,2.4637999534606934,296.5,518.5,684.5,229.7250061035156,3.0810000896453857,305.45001220703125,1268.199951171875,1404.0,2.218400001525879,16.59000015258789,38.08399963378906,389.25,57.540000915527344,261.70001220703125,369.0,12.385000228881836,981.75,529.75
2025-07-30,73.23999786376953,8192.0,70.0,65.9000015258789,3295.800048828125,338.95001220703125,107.0250015258789,5.570000171661377,2.4184999465942383,293.3999938964844,522.0,691.5,233.0749969482422,3.0450000762939453,285.1499938964844,1255.199951171875,1360.699951171875,2.2690999507904053,16.450000762939453,37.56600189208984,391.75,56.5,260.70001220703125,357.0,12.354999542236328,967.75,523.75
2025-07-31,72.52999877929688,8506.0,69.26000213623047,65.61000061035156,3293.199951171875,331.375,107.125,4.33050012588501,2.399499893188477,295.79998779296875,526.25,692.0,227.7749938964844,3.1059999465942383,260.1499938964844,1196.0999755859375,1286.4000244140625,2.21560001373291,16.350000381469727,36.55199813842773,394.0,55.58000183105469,261.79998779296875,353.25,12.279999732971191,961.75,523.25
2025-08-01,69.66999816894531,8232.0,67.33000183105469,64.41999816894531,3347.699951171875,334.57501220703125,107.3499984741211,4.412499904632568,2.2999000549316406,284.20001220703125,518.75,695.5,230.125,3.0829999446868896,235.1499938964844,1207.9000244140625,1304.0,2.1185998916625977,16.18000030517578,36.7869987487793,389.5,54.720001220703125,267.5,350.25,12.25,961.75,516.75
2025-08-04,68.76000213623047,8102.0,66.29000091552734,64.55999755859375,3374.39990234375,335.3999938964844,108.1750030517578,4.414999961853027,2.317600011825561,288.54998779296875,517.0,691.5,230.8999938964844,2.931999921798706,234.3000030517578,1194.800048828125,1326.4000244140625,2.1022000312805176,16.25,37.19200134277344,387.0,54.5,273.79998779296875,339.25,12.279999732971191,969.0,516.75
2025-08-05,67.63999938964844,8363.0,65.16000366210938,65.58999633789062,3381.89990234375,341.04998779296875,108.7750015258789,4.363999843597412,2.250200033187866,298.70001220703125,504.5,684.0,234.2749938964844,3.009999990463257,234.6499938964844,1193.5,1317.199951171875,2.0915000438690186,16.09000015258789,37.6870002746582,381.5,53.84000015258789,273.6000061035156,328.75,12.524999618530272,969.0,508.25
2025-08-06,66.88999938964844,8470.0,64.3499984741211,65.69999694824219,3380.0,345.0249938964844,108.875,4.390999794006348,2.2627999782562256,293.3999938964844,511.5,670.0,236.3000030517578,3.07699990272522,232.8500061035156,1137.4000244140625,1326.0,2.090399980545044,16.010000228881836,37.76599884033203,379.75,53.790000915527344,269.3999938964844,332.75,12.515000343322754,961.5,508.5
2025-08-07,66.43000030517578,8644.0,63.880001068115234,64.95999908447266,3400.300048828125,348.6499938964844,108.7750015258789,4.378499984741211,2.2667999267578125,297.79998779296875,521.5,653.5,238.75,3.066999912261963,225.3000030517578,1160.9000244140625,1339.9000244140625,2.077500104904175,16.010000228881836,38.15800094604492,384.5,53.540000915527344,272.70001220703125,332.0,12.704999923706056,971.75,518.25
2025-08-08,66.58999633789062,8526.0,63.880001068115234,65.31999969482422,3439.10009765625,339.3999938964844,108.9000015258789,4.45550012588501,2.2792999744415283,309.3500061035156,518.25,652.5,232.5500030517578,2.990000009536743,236.4499969482422,1133.199951171875,1325.5999755859375,2.086100101470948,16.25,38.41699981689453,382.75,52.7599983215332,273.3999938964844,333.0,12.720000267028809,966.75,514.5
2025-08-11,66.62999725341797,8778.0,63.959999084472656,65.29000091552734,3353.10009765625,340.2250061035156,109.6750030517578,4.423500061035156,2.29099988937378,320.70001220703125,519.0,636.5,233.0749969482422,2.9539999961853027,249.1999969482422,1149.4000244140625,1329.9000244140625,2.0766000747680664,16.489999771118164,37.6619987487793,385.0,53.290000915527344,277.70001220703125,333.5,12.970000267028809,989.5,515.0
2025-08-12,66.12000274658203,8793.0,63.16999816894531,67.06999969482422,3348.89990234375,345.375,109.5500030517578,4.508500099182129,2.2441000938415527,315.1499938964844,510.75,622.0,235.8249969482422,2.808000087738037,253.6499938964844,1131.199951171875,1341.9000244140625,2.074399948120117,16.940000534057617,37.89899826049805,371.5,53.29999923706055,278.3999938964844,334.25,12.779999732971191,1011.75,505.0
2025-08-13,65.62999725341797,8566.0,62.650001525878906,66.41000366210938,3358.699951171875,345.875,109.625,4.48199987411499,2.242799997329712,319.6000061035156,506.75,606.5,235.5500030517578,2.828000068664551,245.1999969482422,1121.0999755859375,1331.5,2.0703999996185303,16.850000381469727,38.499000549316406,374.0,53.34999847412109,284.1000061035156,331.75,12.78499984741211,1023.5,507.25
2025-08-14,66.83999633789062,8225.0,63.959999084472656,66.16999816894531,3335.199951171875,340.3999938964844,109.6500015258789,4.464499950408936,2.234499931335449,326.5,504.25,612.5,233.3500061035156,2.8410000801086426,249.0500030517578,1144.5,1350.300048828125,2.1092000007629395,16.579999923706055,37.98199844360352,375.0,51.9900016784668,282.1000061035156,332.0,12.779999732971191,1008.5,503.5
2025-08-15,65.8499984741211,8235.0,62.79999923706055,66.0999984741211,3336.0,346.1499938964844,90.0999984741211,4.478000164031982,2.2249999046325684,341.6499938964844,507.0,609.5,236.25,2.91599988937378,247.8999938964844,1107.5999755859375,1334.300048828125,2.072499990463257,16.440000534057617,37.89400100708008,383.75,53.18000030517578,283.3999938964844,334.5,12.699999809265137,1022.25,506.5
2025-08-18,66.5999984741211,8047.0,63.41999816894531,66.41999816894531,3331.699951171875,348.8999938964844,90.125,4.456999778747559,2.240299940109253,343.6000061035156,506.25,598.0,236.7250061035156,2.890000104904175,240.3999938964844,1121.4000244140625,1326.4000244140625,2.098700046539306,16.25,37.95100021362305,383.0,53.27000045776367,280.3999938964844,337.0,12.585000038146973,1020.75,502.75
2025-08-19,65.79000091552734,8012.0,62.34999847412109,66.25,3313.39990234375,350.54998779296875,90.1500015258789,4.408999919891357,2.2511000633239746,356.20001220703125,499.5,595.5,236.3249969482422,2.7660000324249268,242.1499938964844,1101.800048828125,1302.300048828125,2.08899998664856,16.309999465942383,37.26100158691406,379.5,51.68000030517578,287.3999938964844,331.0,12.510000228881836,1013.0,498.5
2025-08-20,66.83999633789062,7675.0,63.209999084472656,66.63999938964844,3343.39990234375,355.7749938964844,89.94999694824219,4.426000118255615,2.279599905014038,360.25,500.75,596.0,238.5249938964844,2.752000093460083,242.3000030517578,1111.199951171875,1334.0,2.1282999515533447,16.56999969482422,37.70500183105469,380.0,51.20000076293945,292.0,325.5,12.05500030517578,1015.0,505.5
2025-08-21,67.66999816894531,7435.0,63.52000045776367,65.88999938964844,3336.89990234375,356.375,89.92500305175781,4.43149995803833,2.32509994506836,375.25,503.25,611.0,238.6499938964844,2.825999975204468,236.3000030517578,1105.5,1351.199951171875,2.1596999168396,16.350000381469727,38.027000427246094,387.25,53.63999938964844,296.79998779296875,323.25,11.734999656677246,1034.5,507.0
2025-08-22,67.7300033569336,7582.0,63.65999984741211,66.43000030517578,3374.39990234375,360.3500061035156,91.1999969482422,4.447500228881836,2.3080999851226807,390.6499938964844,498.0,602.5,239.9499969482422,2.697999954223633,240.25,1123.5,1355.4000244140625,2.158499956130981,16.479999542236328,39.00299835205078,388.25,54.84000015258789,296.70001220703125,318.25,11.524999618530272,1036.5,504.75
2025-08-25,68.80000305175781,7957.0,64.80000305175781,65.98999786376953,3373.800048828125,360.8500061035156,91.4000015258789,4.46649980545044,2.3475000858306885,389.9500122070313,496.75,597.0,240.2250061035156,2.696000099182129,255.25,1087.5,1331.5999755859375,2.1482999324798584,16.399999618530273,38.67699813842773,389.25,54.310001373291016,295.70001220703125,312.0,11.670000076293944,1025.5,506.75
2025-08-26,67.22000122070312,7532.0,63.25,65.47000122070312,3388.60009765625,363.2250061035156,93.4250030517578,4.450500011444092,2.2804999351501465,384.0499877929688,493.0,575.0,242.5,2.7170000076293945,265.3500061035156,1084.199951171875,1342.4000244140625,2.122299909591675,16.40999984741211,38.58200073242188,387.5,52.7599983215332,297.20001220703125,308.25,11.864999771118164,1028.75,509.5
2025-08-27,68.05000305175781,7731.0,64.1500015258789,65.41000366210938,3404.60009765625,365.4500122070313,93.9000015258789,4.414500236511231,2.295300006866455,393.7999877929688,485.5,560.0,243.25,2.867000102996826,255.6000061035156,1082.0,1341.4000244140625,2.148900032043457,16.469999313354492,38.68899917602539,382.5,52.470001220703125,293.1000061035156,306.5,11.524999618530272,1027.25,502.25
2025-08-28,68.62000274658203,7738.0,64.5999984741211,66.04000091552734,3431.800048828125,365.9249877929688,94.2750015258789,4.463500022888184,2.309799909591675,387.75,486.75,562.0,237.0,2.944000005722046,240.6000061035156,1104.5999755859375,1356.4000244140625,2.1991000175476074,16.479999542236328,39.18999862670898,385.5,51.75,286.29998779296875,301.25,11.520000457763672,1028.25,510.25
2025-08-29,68.12000274658203,7635.0,64.01000213623047,65.20999908447266,3473.699951171875,364.7749938964844,95.0250015258789,4.518499851226807,2.266700029373169,396.8500061035156,492.75,548.5,241.8999938964844,2.996999979019165,232.3000030517578,1105.199951171875,1365.699951171875,2.187599897384644,16.3700008392334,40.20000076293945,398.0,51.470001220703125,283.6000061035156,308.5,11.789999961853027,1036.75,518.0
2025-09-02,69.13999938964844,7420.0,65.58999633789062,64.56999969482422,3549.39990234375,364.25,95.5500030517578,4.569499969482422,2.3743999004364014,382.2000122070313,483.25,530.0,239.5249938964844,3.009000062942505,225.3000030517578,1136.4000244140625,1405.800048828125,2.042799949645996,16.149999618530273,41.07099914550781,403.0,51.970001220703125,275.5,303.75,11.6850004196167,1025.75,513.0
2025-09-03,67.5999984741211,7475.0,63.970001220703125,64.7300033569336,3593.199951171875,362.0750122070313,93.8249969482422,4.558499813079834,2.3608999252319336,385.25,482.75,524.0,238.3249969482422,3.063999891281128,231.25,1168.5,1448.5999755859375,2.01200008392334,16.030000686645508,41.54199981689453,397.75,51.15999984741211,275.8999938964844,300.5,11.75,1016.0,504.0
2025-09-04,66.98999786376953,7205.0,63.47999954223633,64.69000244140625,3565.800048828125,359.82501220703125,95.0250015258789,4.48799991607666,2.330699920654297,385.75,479.75,541.0,236.9499969482422,3.0739998817443848,223.3500061035156,1125.5,1371.199951171875,2.009500026702881,15.6899995803833,40.9109992980957,399.75,51.22999954223633,279.3999938964844,297.25,11.614999771118164,1012.0,502.25
2025-09-05,65.5,7382.0,61.869998931884766,64.38999938964844,3613.199951171875,359.82501220703125,96.0250015258789,4.482500076293945,2.2869999408721924,385.6000061035156,481.75,535.0,235.9750061035156,3.0480000972747803,222.8999938964844,1111.5999755859375,1381.699951171875,1.9642000198364256,15.550000190734863,41.07400131225586,399.0,50.560001373291016,280.5,297.75,11.579999923706056,1006.5,501.0
2025-09-08,66.0199966430664,7131.0,62.2599983215332,64.56999969482422,3638.10009765625,360.9500122070313,95.1500015258789,4.490499973297119,2.3118999004364014,397.7999877929688,492.25,526.5,235.8000030517578,3.0899999141693115,230.3999938964844,1139.4000244140625,1380.800048828125,1.9586000442504885,15.630000114440918,41.42599868774414,403.0,50.72999954223633,284.70001220703125,297.5,11.345000267028809,1013.5,505.5
2025-09-09,66.38999938964844,7270.0,62.630001068115234,64.6500015258789,3643.300048828125,351.70001220703125,96.125,4.500999927520752,2.3199000358581543,393.0,487.5,529.0,230.1750030517578,3.117000102996826,240.9499969482422,1124.699951171875,1367.300048828125,1.9924999475479128,15.84000015258789,40.87799835205078,401.25,49.70000076293945,291.70001220703125,296.0,11.345000267028809,1011.5,500.75
2025-09-10,67.48999786376953,7356.0,63.66999816894531,65.55999755859375,3643.60009765625,353.20001220703125,96.8249969482422,4.550000190734863,2.333699941635132,401.0,485.75,530.0,231.1499938964844,3.0290000438690186,245.3000030517578,1194.300048828125,1392.9000244140625,2.007999897003174,15.93000030517578,41.132999420166016,397.25,50.220001220703125,286.3999938964844,293.5,11.324999809265137,1005.5,495.0
2025-09-11,66.37000274658203,7451.0,62.369998931884766,65.37000274658203,3636.89990234375,355.2250061035156,98.1750030517578,4.590499877929688,2.281899929046631,400.0499877929688,487.0,521.0,232.2749938964844,2.934000015258789,242.3000030517578,1219.5999755859375,1395.4000244140625,1.979300022125244,15.81999969482422,41.696998596191406,399.0,50.81999969482422,288.29998779296875,294.0,11.375,1015.25,503.0
2025-09-12,66.98999786376953,7315.0,62.68999862670898,65.19000244140625,3649.39990234375,350.3999938964844,97.125,4.588500022888184,2.289999961853028,410.6499938964844,487.0,545.0,229.9750061035156,2.940999984741211,246.3500061035156,1229.300048828125,1407.300048828125,1.9853999614715576,15.789999961853027,42.387001037597656,399.0,51.380001068115234,288.29998779296875,294.25,11.225000381469728,1025.75,503.0
2025-09-15,67.44000244140625,7539.0,63.29999923706055,65.41999816894531,3682.199951171875,358.79998779296875,97.5250015258789,4.6554999351501465,2.3310999870300293,432.3500061035156,514.0,570.0,234.6000061035156,3.0429999828338623,259.8999938964844,1204.0,1412.800048828125,2.013400077819824,16.0,42.516998291015625,423.25,51.7599983215332,285.20001220703125,318.25,11.529999732971191,1042.75,525.0
2025-09-16,68.47000122070312,7371.0,64.5199966430664,66.38999938964844,3688.89990234375,358.32501220703125,97.375,4.632999897003174,2.3935000896453857,422.25,523.5,572.5,233.4499969482422,3.102999925613404,268.95001220703125,1179.9000244140625,1398.5,2.041599988937378,15.899999618530272,42.47100067138672,429.5,52.68999862670898,285.79998779296875,319.0,11.739999771118164,1049.75,534.0
2025-09-17,67.94999694824219,7385.0,64.05000305175781,65.86000061035156,3681.800048828125,355.0249938964844,97.3249969482422,4.571000099182129,2.35479998588562,388.5499877929688,516.25,567.0,231.1000061035156,3.0999999046325684,253.9499969482422,1154.4000244140625,1372.699951171875,2.028700113296509,15.539999961853027,41.72200012207031,426.75,51.2400016784668,283.8999938964844,321.0,11.59000015258789,1043.75,528.25
2025-09-18,67.44000244140625,7233.0,63.56999969482422,65.19000244140625,3643.699951171875,358.17498779296875,97.4749984741211,4.540999889373779,2.3399999141693115,385.8500061035156,510.0,573.5,232.375,2.938999891281128,240.3500061035156,1168.0,1397.4000244140625,2.011399984359741,15.380000114440918,41.70700073242188,423.75,50.56999969482422,283.0,321.5,11.520000457763672,1037.5,524.25
2025-09-19,66.68000030517578,7243.0,62.68000030517578,64.94000244140625,3671.5,359.1499938964844,97.9749984741211,4.568999767303467,2.2988998889923096,366.5,507.25,568.0,233.5749969482422,2.888000011444092,243.75,1150.800048828125,1414.300048828125,1.970700025558472,15.460000038146973,42.5359992980957,424.0,50.02999877929688,282.8999938964844,321.25,11.5,1025.5,522.5
2025-09-22,66.56999969482422,6959.0,62.63999938964844,64.31999969482422,3740.699951171875,362.7250061035156,98.8000030517578,4.572999954223633,2.29229998588562,367.3500061035156,502.25,569.0,237.1499938964844,2.805999994277954,238.6999969482422,1193.699951171875,1423.699951171875,1.9781999588012693,15.25,43.79899978637695,421.75,49.16999816894531,278.8999938964844,310.0,11.46500015258789,1011.0,510.75
2025-09-23,67.62999725341797,6992.0,63.40999984741211,64.52999877929688,3780.60009765625,364.8500061035156,100.5250015258789,4.584499835968018,2.328000068664551,350.1499938964844,511.5,579.5,235.6000061035156,2.852999925613404,244.75,1232.300048828125,1504.199951171875,1.999099969863892,15.65999984741211,44.19200134277344,426.25,49.34999847412109,275.1000061035156,308.5,11.479999542236328,1012.0,520.5
2025-09-24,69.30999755859375,7048.0,64.98999786376953,64.04000091552734,3732.10009765625,365.375,99.4250030517578,4.752500057220459,2.37719988822937,367.75,506.75,586.5,234.0500030517578,2.8580000400543213,244.4499969482422,1221.4000244140625,1484.5,2.0188000202178955,15.640000343322754,43.777000427246094,424.25,49.290000915527344,271.70001220703125,308.75,11.43000030517578,1009.0,519.5
2025-09-25,69.41999816894531,6925.0,64.9800033569336,63.83000183105469,3736.89990234375,365.4249877929688,100.0999984741211,4.699999809265137,2.426500082015991,371.3500061035156,512.25,583.5,232.0500030517578,2.9040000438690186,242.3500061035156,1264.4000244140625,1530.699951171875,2.00219988822937,15.760000228881836,44.696998596191406,425.75,49.7400016784668,268.6000061035156,313.0,11.369999885559082,1012.25,527.0
2025-09-26,70.12999725341797,6908.0,65.72000122070312,63.95000076293945,3775.300048828125,357.0,101.5,4.715499877929688,2.4289000034332275,378.0499877929688,505.5,594.0,231.8000030517578,2.8350000381469727,240.75,1291.4000244140625,1582.699951171875,2.037600040435791,15.869999885559082,46.22100067138672,422.0,49.59999847412109,268.79998779296875,309.0,11.244999885559082,1013.75,519.75
2025-09-29,67.97000122070312,6998.0,63.45000076293945,63.04999923706055,3820.89990234375,356.20001220703125,101.1500015258789,4.841000080108643,2.356600046157837,372.2000122070313,508.25,594.5,231.3249969482422,3.2669999599456787,237.6999969482422,1265.699951171875,1609.300048828125,1.995100021362305,16.020000457763672,46.61199951171875,421.5,49.11000061035156,268.1000061035156,308.25,11.359999656677246,1010.5,519.5
2025-09-30,67.0199966430664,6749.0,62.369998931884766,63.31999969482422,3840.800048828125,361.0249938964844,99.8499984741211,4.804999828338623,2.3324999809265137,374.8500061035156,497.75,613.0,231.8500061035156,3.302999973297119,243.5500030517578,1263.5,1584.5999755859375,1.972900032997132,16.100000381469727,46.25299835205078,415.5,48.869998931884766,265.70001220703125,307.5,11.164999961853027,1001.75,508.0
2025-10-01,65.3499984741211,6675.0,61.77999877929688,63.150001525878906,3867.5,358.9750061035156,98.4250030517578,4.83050012588501,2.3018999099731445,383.8999938964844,495.5,609.0,231.1000061035156,3.4760000705718994,229.5,1250.5,1569.9000244140625,1.8859000205993648,16.1299991607666,47.290000915527344,416.5,49.75,264.70001220703125,303.75,11.074999809265137,1013.0,509.25
2025-10-02,64.11000061035156,6481.0,60.47999954223633,62.650001525878906,3839.699951171875,354.29998779296875,98.6750030517578,4.8979997634887695,2.243499994277954,378.1000061035156,499.0,613.5,230.5249938964844,3.441999912261963,231.8500061035156,1239.800048828125,1563.800048828125,1.8509999513626096,16.399999618530273,46.0,421.75,49.81999969482422,271.29998779296875,299.75,11.010000228881836,1023.75,514.75
2025-10-03,64.52999877929688,6190.0,60.880001068115234,62.86000061035156,3880.800048828125,357.17498779296875,98.9749984741211,5.058000087738037,2.236299991607666,390.75,497.0,615.5,231.0249938964844,3.3239998817443848,233.1000061035156,1273.0,1619.300048828125,1.8604999780654907,16.469999313354492,47.59700012207031,419.0,49.43000030517578,270.70001220703125,299.25,11.109999656677246,1018.0,515.25
2025-10-06,65.47000122070312,6283.0,61.68999862670898,62.70000076293945,3948.5,362.3999938964844,98.3249969482422,4.986999988555908,2.24429988861084,381.3500061035156,495.5,615.5,231.875,3.3570001125335693,224.6999969482422,1326.800048828125,1634.9000244140625,1.901600003242493,16.809999465942383,48.08200073242188,421.75,49.790000915527344,268.79998779296875,288.75,11.03499984741211,1017.75,512.75
2025-10-07,65.44999694824219,6179.0,61.72999954223633,62.02000045776367,3976.60009765625,365.5,97.8499984741211,5.047999858856201,2.265300035476685,375.3999938964844,492.0,602.5,233.1000061035156,3.497999906539917,212.3999938964844,1347.5999755859375,1626.5999755859375,1.8939000368118288,16.6299991607666,47.17900085449219,419.75,50.52999877929688,268.8999938964844,287.75,10.890000343322754,1022.0,506.75
2025-10-08,66.25,6000.0,62.54999923706055,62.470001220703125,4043.300048828125,369.5,97.625,5.046000003814697,2.291300058364868,385.1000061035156,493.25,601.5,233.8500061035156,3.3329999446868896,209.3999938964844,1454.199951171875,1678.0,1.909500002861023,16.290000915527344,48.65599822998047,422.0,50.970001220703125,270.79998779296875,287.25,10.725000381469728,1029.5,507.25
2025-10-09,65.22000122070312,5945.0,61.5099983215332,62.02999877929688,3946.300048828125,374.0249938964844,97.0,5.075500011444092,2.2802999019622803,377.25,489.75,610.0,235.0249938964844,3.2690000534057617,205.5500030517578,1430.5,1634.0999755859375,1.882599949836731,16.260000228881836,46.84999847412109,418.25,50.380001068115234,269.70001220703125,295.75,10.885000228881836,1022.25,506.5
2025-10-10,62.72999954223633,5848.0,58.900001525878906,63.84000015258789,3975.89990234375,375.5,97.0,4.848499774932861,2.204400062561035,373.0499877929688,483.0,610.5,238.4750061035156,3.1059999465942383,203.6000061035156,1447.5999755859375,1600.699951171875,1.8203999996185305,16.100000381469727,46.9379997253418,413.0,49.400001525878906,267.3999938964844,297.25,10.68000030517578,1006.75,498.5
2025-10-13,63.31999969482422,5822.0,59.4900016784668,63.59000015258789,4108.60009765625,375.5,97.4250030517578,5.100500106811523,2.2497000694274902,385.2000122070313,481.25,615.5,240.5749969482422,3.118000030517578,204.1499938964844,1509.4000244140625,1669.5999755859375,1.8437999486923216,15.609999656677246,50.130001068115234,410.75,50.040000915527344,266.5,297.75,10.71500015258789,1007.75,496.75
2025-10-14,62.38999938964844,5899.0,58.70000076293945,63.5099983215332,4138.7001953125,380.1749877929688,97.4749984741211,4.980500221252441,2.1975998878479004,399.6499938964844,488.5,619.0,241.8249969482422,3.0280001163482666,203.1000061035156,1569.4000244140625,1655.0999755859375,1.82860004901886,15.880000114440918,50.31399917602539,413.0,49.91999816894531,267.0,296.25,10.725000381469728,1006.5,500.25
2025-10-15,61.90999984741211,5809.0,58.27000045776367,63.7599983215332,4176.89990234375,379.7250061035156,83.5999984741211,4.9720001220703125,2.174799919128418,394.8999938964844,488.25,626.5,242.1750030517578,3.0160000324249268,193.0,1569.0999755859375,1668.699951171875,1.834400057792664,15.6899995803833,51.073001861572266,416.75,50.79999923706055,275.8999938964844,293.0,10.585000038146973,1006.5,498.75
2025-10-16,61.060001373291016,5991.0,57.459999084472656,63.72999954223633,4280.2001953125,379.6749877929688,82.5999984741211,4.958000183105469,2.1535000801086426,393.7999877929688,488.75,627.5,243.9499969482422,2.937999963760376,193.3000030517578,1655.0,1734.9000244140625,1.8116999864578247,15.800000190734863,53.02299880981445,421.75,50.869998931884766,276.8999938964844,291.5,10.6899995803833,1010.75,502.5
2025-10-17,61.290000915527344,5895.0,57.540000915527344,64.27999877929688,4189.89990234375,371.9500122070313,82.375,4.93149995803833,2.180000066757202,397.4500122070313,491.5,634.0,240.25,3.007999897003174,183.3000030517578,1499.199951171875,1602.300048828125,1.8377000093460083,15.5,49.86399841308594,422.5,51.130001068115234,281.0,295.0,10.619999885559082,1019.5,503.75
2025-10-20,61.0099983215332,5899.0,57.52000045776367,64.16000366210938,4336.39990234375,372.9500122070313,82.07499694824219,4.998000144958496,2.192100048065185,406.0499877929688,490.0,610.0,241.8500061035156,3.3970000743865967,186.4499969482422,1514.800048828125,1634.9000244140625,1.830199956893921,15.720000267028809,51.11899948120117,423.25,51.310001373291016,285.0,299.75,10.479999542236328,1031.75,504.75
2025-10-21,61.31999969482422,5916.0,57.81999969482422,64.41999816894531,4087.699951171875,372.9249877929688,83.2750015258789,4.929999828338623,2.2058000564575195,413.5499877929688,485.0,613.0,243.6750030517578,3.4739999771118164,185.8999938964844,1412.5999755859375,1504.0,1.8252999782562256,15.239999771118164,47.45000076293945,419.75,50.650001525878906,286.8999938964844,301.5,10.470000267028809,1030.75,500.25
2025-10-22,62.59000015258789,6298.0,58.5,63.7400016784668,4044.39990234375,365.0750122070313,82.4000015258789,4.960999965667725,2.249599933624268,420.8500061035156,488.5,599.5,239.0500030517578,3.450000047683716,175.89999389648438,1439.699951171875,1536.0,1.8650000095367432,15.100000381469728,47.46099853515625,423.0,50.06999969482422,290.0,302.0,10.260000228881836,1034.75,503.75
2025-10-23,65.98999786376953,6339.0,61.790000915527344,64.06999969482422,4125.5,363.3500061035156,81.7750015258789,5.081999778747559,2.4030001163482666,410.1499938964844,500.0,584.5,239.7250061035156,3.344000101089477,195.8999938964844,1470.9000244140625,1587.5999755859375,1.926900029182434,15.289999961853027,48.48199844360352,428.0,50.869998931884766,292.29998779296875,307.5,10.239999771118164,1044.75,513.0
2025-10-24,65.94000244140625,6319.0,61.5,64.19999694824219,4118.39990234375,354.29998779296875,81.9000015258789,5.093500137329102,2.40310001373291,403.0,501.5,589.5,233.75,3.303999900817871,193.3000030517578,1463.5999755859375,1593.9000244140625,1.922700047492981,14.970000267028809,48.37699890136719,423.25,50.27000045776367,294.1000061035156,309.0,10.15999984741211,1041.75,512.5
2025-10-27,65.62000274658203,6182.0,61.310001373291016,64.55999755859375,4001.89990234375,345.5,81.5,5.140500068664551,2.436100006103516,390.1000061035156,514.25,576.0,228.8249969482422,3.441999912261963,193.6999969482422,1415.9000244140625,1578.4000244140625,1.920400023460388,14.460000038146973,46.5620002746582,428.75,50.77000045776367,298.20001220703125,297.0,10.28499984741211,1067.25,526.0
2025-10-28,64.4000015258789,6002.0,60.150001525878906,65.05000305175781,3966.199951171875,344.1000061035156,80.82499694824219,5.140500068664551,2.387200117111206,387.8999938964844,520.0,566.5,227.5,3.345000028610229,184.25,1402.699951171875,1577.0,1.9251999855041504,14.369999885559082,47.125,432.0,50.2599983215332,306.5,291.0,10.28499984741211,1078.25,529.0
2025-10-29,64.91999816894531,6044.0,60.47999954223633,66.01000213623047,3983.699951171875,347.875,80.7750015258789,5.233500003814697,2.424299955368042,390.7000122070313,522.75,550.5,231.3999938964844,3.375999927520752,182.0500030517578,1429.5,1591.300048828125,1.9737000465393064,14.420000076293944,47.72100067138672,434.0,50.15999984741211,308.70001220703125,289.5,10.015000343322754,1080.25,532.25
2025-10-30,65.0,6058.0,60.56999969482422,65.12000274658203,4001.300048828125,347.2749938964844,80.82499694824219,5.078000068664551,2.4600000381469727,392.0,513.0,543.0,235.2749938964844,3.9560000896453857,172.8000030517578,1461.5,1608.300048828125,2.0034000873565674,14.279999732971191,48.428001403808594,430.25,49.650001525878906,315.6000061035156,283.0,10.234999656677246,1091.25,524.25
2025-10-31,65.06999969482422,6151.0,60.97999954223633,65.54000091552734,3982.199951171875,338.875,81.2750015258789,5.065499782562256,2.4312000274658203,392.0499877929688,524.5,539.0,236.6000061035156,4.124000072479248,168.8000030517578,1444.699951171875,1569.800048828125,1.9931000471115112,14.43000030517578,47.99399948120117,431.5,48.68000030517578,321.6000061035156,289.75,10.265000343322754,1099.75,534.0
2025-11-03,64.88999938964844,6559.0,61.04999923706055,65.68000030517578,4000.300048828125,342.57501220703125,80.5999984741211,5.046999931335449,2.4052999019622803,406.6499938964844,531.75,545.0,232.1999969482422,4.265999794006348,174.5500030517578,1446.9000244140625,1574.0,1.916100025177002,14.649999618530272,47.88800048828125,434.25,49.84000015258789,320.79998779296875,296.25,10.234999656677246,1119.75,543.5
2025-11-04,64.44000244140625,6600.0,60.560001373291016,65.19999694824219,3947.699951171875,334.9750061035156,79.92500305175781,4.926000118255615,2.4446001052856445,405.25,536.5,544.0,227.7749938964844,4.3429999351501465,185.3500061035156,1412.9000244140625,1542.300048828125,1.9227999448776243,14.220000267028809,47.130001068115234,431.5,49.52999877929688,317.3999938964844,302.0,10.199999809265137,1108.25,550.25
2025-11-05,63.52000045776367,6396.0,59.59999847412109,65.2300033569336,3980.300048828125,325.7250061035156,80.5999984741211,4.9629998207092285,2.432499885559082,413.6000061035156,540.0,537.0,220.5249938964844,4.23199987411499,185.1499938964844,1442.4000244140625,1553.5,1.9092999696731567,14.109999656677246,47.86299896240234,435.25,49.68999862670898,324.79998779296875,301.0,9.94499969482422,1119.75,554.75
2025-11-06,63.380001068115234,6185.0,59.43000030517578,64.54000091552734,3979.89990234375,322.04998779296875,78.9749984741211,4.945499897003174,2.4960999488830566,396.75,522.25,538.0,218.7749938964844,4.35699987411499,177.3000030517578,1388.0999755859375,1528.300048828125,1.9656000137329104,14.1899995803833,47.79399871826172,428.75,49.34999847412109,312.70001220703125,294.5,10.015000343322754,1091.75,535.5
2025-11-07,63.630001068115234,6013.0,59.75,63.619998931884766,3999.39990234375,326.3999938964844,79.4000015258789,4.938000202178955,2.482100009918213,407.7999877929688,519.25,533.5,221.3500061035156,4.315000057220459,168.39999389648438,1397.300048828125,1539.300048828125,1.9402999877929688,14.100000381469728,48.016998291015625,427.25,49.68000030517578,317.1000061035156,291.75,10.024999618530272,1101.75,527.75
2025-11-10,64.05999755859375,6102.0,60.130001068115234,64.30999755859375,4111.7998046875,335.6499938964844,82.7750015258789,5.086999893188477,2.5104000568389893,414.75,527.0,528.5,228.5500030517578,4.3379998207092285,181.6999969482422,1443.0999755859375,1591.0999755859375,1.9710999727249143,14.199999809265137,50.17699813842773,429.75,50.58000183105469,320.0,298.0,10.125,1116.0,535.75
2025-11-11,65.16000366210938,5829.0,61.040000915527344,63.880001068115234,4106.7998046875,337.67498779296875,82.3499984741211,5.048500061035156,2.575700044631958,422.7000122070313,523.75,507.0,227.1999969482422,4.565000057220459,176.60000610351562,1467.5999755859375,1589.4000244140625,2.01200008392334,14.25,50.61800003051758,432.0,51.09999847412109,316.8999938964844,305.0,10.335000038146973,1113.25,536.0
2025-11-12,62.709999084472656,5625.0,58.4900016784668,63.29999923706055,4204.39990234375,339.0249938964844,80.625,5.089499950408936,2.481600046157837,403.6499938964844,525.5,509.0,225.2749938964844,4.5329999923706055,169.8000030517578,1499.9000244140625,1622.300048828125,1.955399990081787,14.520000457763672,53.33200073242188,435.25,50.619998931884766,321.0,306.25,10.28499984741211,1120.5,536.0
2025-11-13,63.0099983215332,5487.0,58.68999862670898,62.900001525878906,4186.89990234375,337.0,78.07499694824219,5.087500095367432,2.4646999835968018,401.7000122070313,525.75,514.5,219.0,4.645999908447266,165.6999969482422,1470.4000244140625,1603.9000244140625,1.959699988365173,14.4399995803833,53.07400131225586,441.5,50.25,328.3999938964844,311.75,10.125,1132.0,535.75
2025-11-14,64.38999938964844,5287.0,60.09000015258789,62.4900016784668,4087.60009765625,338.67498779296875,78.5,5.049499988555908,2.531100034713745,399.7999877929688,515.25,508.0,219.1499938964844,4.565999984741211,157.85000610351562,1420.699951171875,1555.199951171875,2.0116000175476074,14.960000038146973,50.59000015258789,430.25,50.150001525878906,322.5,306.25,10.140000343322754,1112.75,527.25
2025-11-17,64.19999694824219,5264.0,59.90999984741211,62.36000061035156,4068.300048828125,339.8500061035156,78.57499694824219,5.0,2.546999931335449,402.5499877929688,528.75,545.5,221.2749938964844,4.361000061035156,155.5500030517578,1413.9000244140625,1545.699951171875,1.9901000261306765,14.800000190734863,50.625,434.75,51.13999938964844,330.79998779296875,308.5,10.4399995803833,1157.25,544.25
2025-11-18,64.88999938964844,5262.0,60.7400016784668,62.56999969482422,4061.300048828125,340.7749938964844,77.9000015258789,4.962500095367432,2.7011001110076904,415.3500061035156,526.25,552.5,220.0249938964844,4.370999813079834,158.1999969482422,1419.4000244140625,1545.199951171875,1.9993000030517576,14.699999809265137,50.45000076293945,436.75,52.16999816894531,327.0,309.25,10.350000381469728,1153.5,546.5
2025-11-19,63.5099983215332,4943.0,59.43999862670898,62.29999923706055,4077.699951171875,341.8500061035156,78.8499984741211,5.007999897003174,2.635699987411499,404.5,515.5,535.5,216.3000030517578,4.550000190734863,148.39999389648438,1402.0999755859375,1546.9000244140625,1.9321000576019287,14.65999984741211,50.790000915527344,429.75,51.09999847412109,318.8999938964844,311.5,10.104999542236328,1136.25,536.75
2025-11-20,63.380001068115234,5108.0,59.13999938964844,61.68000030517578,4056.5,340.6499938964844,79.4749984741211,4.959499835968018,2.5332999229431152,406.5,506.25,538.0,214.7250061035156,4.473999977111816,152.3000030517578,1382.4000244140625,1506.199951171875,1.9184000492095947,14.65999984741211,50.24700164794922,426.5,50.65999984741211,314.0,305.75,10.029999732971191,1122.5,527.0
2025-11-21,62.560001373291016,5084.0,58.060001373291016,61.34999847412109,4076.699951171875,314.2250061035156,77.80000305175781,5.008500099182129,2.456399917602539,400.0,511.0,538.5,214.4499969482422,4.579999923706055,142.39999389648438,1383.5999755859375,1513.800048828125,1.8833999633789065,14.779999732971191,49.87300109863281,425.5,50.2599983215332,315.1000061035156,305.5,10.44499969482422,1125.0,527.0
2025-11-24,63.369998931884766,5090.0,58.84000015258789,61.43999862670898,4091.89990234375,304.9750061035156,78.19999694824219,4.961999893188477,2.406100034713745,407.4500122070313,507.25,539.0,207.1999969482422,4.548999786376953,136.85000610351562,1403.0999755859375,1542.5,1.8966000080108645,14.81999969482422,50.29499816894531,423.75,50.18000030517578,314.20001220703125,301.0,10.414999961853027,1123.25,522.25
2025-11-25,62.47999954223633,4999.0,57.95000076293945,62.43000030517578,4139.2001953125,307.07501220703125,78.44999694824219,4.999499797821045,2.353800058364868,414.2000122070313,513.25,544.0,207.0,4.423999786376953,140.85000610351562,1402.199951171875,1556.9000244140625,1.857200026512146,14.90999984741211,50.93399810791016,423.5,50.29999923706055,317.0,310.0,10.170000076293944,1124.75,527.25
2025-11-26,63.130001068115234,4993.0,58.650001525878906,62.77000045776367,4165.2001953125,315.125,80.42500305175781,5.104499816894531,2.325500011444092,411.5,517.25,550.0,211.0249938964844,4.558000087738037,150.39999389648438,1422.5,1578.9000244140625,1.8890000581741333,15.140000343322754,52.91600036621094,431.75,50.869998931884766,317.1000061035156,304.0,10.135000228881836,1131.5,529.0
2025-11-28,63.20000076293945,5404.0,58.54999923706055,62.90999984741211,4218.2998046875,323.9750061035156,80.5999984741211,5.185500144958496,2.3329999446868896,413.0,517.75,544.0,215.5749969482422,4.849999904632568,156.0500030517578,1468.5999755859375,1677.699951171875,1.895900011062622,15.210000038146973,56.44599914550781,435.5,51.7599983215332,314.3999938964844,294.75,10.074999809265137,1137.75,531.0
2025-12-01,63.16999816894531,5456.0,59.31999969482422,62.83000183105469,4239.2998046875,321.07501220703125,80.2249984741211,5.218999862670898,2.3399999141693115,411.5,517.0,537.0,214.1999969482422,4.921000003814697,148.5500030517578,1444.800048828125,1670.0999755859375,1.868899941444397,14.760000228881836,58.417999267578125,432.75,52.060001373291016,311.1000061035156,291.75,10.175000190734863,1128.0,530.25
2025-12-02,62.45000076293945,5401.0,58.63999938964844,62.77000045776367,4186.60009765625,329.875,80.5,5.160999774932861,2.312700033187866,405.5499877929688,523.5,535.0,218.4750061035156,4.840000152587891,150.9499969482422,1470.9000244140625,1644.0,1.830299973487854,14.979999542236328,57.983001708984375,438.0,52.34999847412109,308.6000061035156,292.5,10.114999771118164,1124.75,537.75
2025-12-03,62.66999816894531,5453.0,58.95000076293945,62.65999984741211,4199.2998046875,331.8500061035156,80.55000305175781,5.308000087738037,2.300800085067749,403.75,521.0,531.0,218.9499969482422,4.994999885559082,148.85000610351562,1476.800048828125,1656.5,1.827200055122376,14.93000030517578,57.92100143432617,431.5,51.34999847412109,308.3999938964844,298.25,9.914999961853027,1115.75,537.75
2025-12-04,63.2599983215332,5434.0,59.66999816894531,62.27999877929688,4211.7998046875,336.57501220703125,81.125,5.291500091552734,2.3036999702453613,411.9500122070313,529.5,536.5,221.4499969482422,5.063000202178955,150.39999389648438,1451.9000244140625,1654.4000244140625,1.8271000385284424,14.880000114440918,56.84700012207031,437.75,51.52999877929688,308.5,303.0,10.09000015258789,1119.5,541.0
2025-12-05,63.75,5643.0,60.08000183105469,62.130001068115234,4212.89990234375,339.04998779296875,81.6500015258789,5.381999969482422,2.3629000186920166,406.25,523.25,539.5,227.1499938964844,5.289000034332275,145.6999969482422,1472.4000244140625,1655.0,1.8341000080108645,14.800000190734863,58.422000885009766,436.75,51.36000061035156,304.70001220703125,296.5,9.984999656677246,1105.25,537.5
2025-12-08,62.4900016784668,5648.0,58.880001068115234,61.880001068115234,4187.2001953125,335.6499938964844,82.30000305175781,5.364500045776367,2.2981998920440674,396.0499877929688,521.0,547.0,227.3249969482422,4.912000179290772,153.10000610351562,1483.5999755859375,1655.0,1.7980999946594238,14.81999969482422,57.77899932861328,436.25,50.900001525878906,303.6000061035156,287.5,10.145000457763672,1093.75,536.0
2025-12-09,61.93999862670898,5829.0,58.25,63.86000061035156,4206.7001953125,335.5,82.5,5.240499973297119,2.2600998878479004,394.2000122070313,520.25,550.0,226.8249969482422,4.573999881744385,153.5,1511.4000244140625,1695.0999755859375,1.7897000312805176,14.670000076293944,60.16899871826172,440.75,50.72999954223633,298.20001220703125,288.75,10.095000267028809,1087.25,536.25
2025-12-10,62.209999084472656,6168.0,58.459999084472656,64.12000274658203,4196.39990234375,338.375,82.44999694824219,5.2754998207092285,2.2730000019073486,400.7999877929688,516.5,551.5,226.8000030517578,4.59499979019165,148.75,1458.300048828125,1641.800048828125,1.781499981880188,14.90999984741211,60.37900161743164,434.75,50.810001373291016,298.20001220703125,280.5,9.9350004196167,1091.25,531.25
2025-12-11,61.27999877929688,6235.0,57.59999847412109,63.970001220703125,4285.5,343.3999938964844,83.4000015258789,5.427000045776367,2.228899955749512,405.4500122070313,515.5,556.5,230.375,4.230999946594238,153.14999389648438,1512.699951171875,1707.800048828125,1.7597999572753906,14.850000381469728,63.92900085449219,435.25,50.560001373291016,298.79998779296875,279.25,9.824999809265137,1093.5,534.5
2025-12-12,61.119998931884766,6226.0,57.43999862670898,63.83000183105469,4300.10009765625,339.1000061035156,83.32499694824219,5.2835001945495605,2.197999954223633,397.2000122070313,498.75,558.0,229.8000030517578,4.11299991607666,163.14999389648438,1514.199951171875,1757.0999755859375,1.7520999908447266,15.100000381469728,61.36199951171875,431.5,49.72999954223633,300.6000061035156,279.25,9.859999656677246,1076.75,534.5
2025-12-15,60.560001373291016,5823.0,56.81999969482422,63.93999862670898,4306.7001953125,339.92498779296875,83.8499984741211,5.338500022888184,2.1805999279022217,387.7000122070313,512.0,558.5,230.8249969482422,4.01200008392334,166.14999389648438,1592.800048828125,1810.5,1.732300043106079,14.949999809265137,62.93999862670898,439.75,49.47999954223633,303.5,281.0,9.75,1071.75,520.75
2025-12-16,58.91999816894531,5998.0,55.27000045776367,63.09999847412109,4304.5,343.32501220703125,84.7750015258789,5.287000179290772,2.1285998821258545,379.2999877929688,505.0,563.5,231.1499938964844,3.885999917984009,168.0,1626.5999755859375,1870.0999755859373,1.680899977684021,14.81999969482422,62.70000076293945,436.5,48.36000061035156,302.3999938964844,277.25,9.494999885559082,1062.75,509.5
2025-12-17,59.68000030517578,5978.0,55.93999862670898,63.43000030517578,4347.5,341.5249938964844,83.0,5.363500118255615,2.149499893188477,351.8999938964844,507.75,565.0,230.3000030517578,4.02400016784668,169.75,1684.199951171875,1932.699951171875,1.6943000555038452,14.760000228881836,66.23699951171875,440.5,48.52000045776367,298.20001220703125,286.75,9.380000114440918,1058.25,506.25
2025-12-18,59.81999969482422,5934.0,56.150001525878906,63.5099983215332,4339.5,340.2749938964844,84.125,5.366499900817871,2.131599903106689,345.45001220703125,517.0,557.0,228.4250030517578,3.9079999923706055,178.10000610351562,1737.9000244140625,1955.5,1.701300024986267,14.479999542236328,64.59200286865234,444.5,48.11000061035156,298.3999938964844,297.25,9.574999809265137,1052.25,507.75
2025-12-19,60.470001220703125,5845.0,56.65999984741211,63.75,4361.39990234375,345.6000061035156,84.5,5.439499855041504,2.121900081634521,340.6499938964844,515.25,557.0,230.3999938964844,3.983999967575073,198.1000061035156,1749.0,2013.199951171875,1.708199977874756,14.81999969482422,66.84500122070312,443.75,47.900001525878906,297.6000061035156,298.0,9.78499984741211,1049.25,509.75
2025-12-22,62.06999969482422,5887.0,58.0099983215332,63.61000061035156,4444.60009765625,346.5,85.3499984741211,5.4375,2.158099889755249,347.3500061035156,521.25,544.5,230.7250061035156,3.964999914169312,208.9499969482422,1793.4000244140625,2084.0,1.7422000169754028,14.989999771118164,67.90599822998047,447.0,48.54999923706055,298.6000061035156,297.75,9.84000015258789,1053.25,515.5
2025-12-23,62.380001068115234,5958.0,58.380001068115234,64.01000213623047,4482.7998046875,344.625,85.9749984741211,5.47599983215332,2.1905999183654785,346.95001220703125,528.0,545.0,228.8249969482422,4.4079999923706055,214.6999969482422,1918.5999755859373,2282.0,1.7431999444961548,15.199999809265137,70.48500061035156,447.5,48.29999923706055,301.1000061035156,293.5,9.8100004196167,1051.5,517.0
2025-12-24,62.2400016784668,5966.0,58.34999847412109,64.23999786376953,4480.60009765625,344.7250061035156,85.05000305175781,5.498499870300293,2.157599925994873,345.1499938964844,534.0,550.5,228.6999969482422,4.242000102996826,210.0500030517578,1766.300048828125,2242.39990234375,1.747099995613098,15.289999961853027,71.03099822998047,451.0,49.02999877929688,304.70001220703125,304.0,9.914999961853027,1063.25,521.75
2025-12-26,60.63999938964844,5953.0,56.7400016784668,64.48999786376953,4529.10009765625,346.17498779296875,84.5250015258789,5.766499996185303,2.1070001125335693,350.25,533.5,552.0,229.8249969482422,4.366000175476074,202.25,1984.699951171875,2467.699951171875,1.697100043296814,15.170000076293944,76.48600006103516,450.0,48.720001220703125,303.70001220703125,308.0,9.78499984741211,1058.75,519.0
2025-12-29,61.93999862670898,6242.0,58.08000183105469,64.3499984741211,4325.10009765625,347.0,84.4749984741211,5.490499973297119,2.127500057220459,352.1499938964844,527.25,541.0,228.8999938964844,4.686999797821045,206.3000030517578,1648.300048828125,2104.800048828125,1.7151999473571775,15.260000228881836,69.85600280761719,442.25,48.77999877929688,298.79998779296875,305.25,9.510000228881836,1049.5,513.0
2025-12-30,61.91999816894531,6063.0,57.95000076293945,64.31999969482422,4370.10009765625,349.54998779296875,85.44999694824219,5.727499961853027,2.150500059127808,350.20001220703125,522.0,540.0,231.1750030517578,3.971999883651733,201.8999938964844,1706.699951171875,2232.300048828125,1.7209999561309814,14.84000015258789,77.3740005493164,440.5,48.93000030517578,296.70001220703125,304.75,9.479999542236328,1046.25,510.75
2025-12-31,60.84999847412109,6065.0,57.41999816894531,64.2699966430664,4325.60009765625,350.25,85.0999984741211,5.630000114440918,2.1205999851226807,348.75,514.75,538.5,232.0,3.686000108718872,205.1999969482422,1629.199951171875,2034.5,1.705399990081787,15.010000228881836,70.13400268554688,440.25,48.06999969482422,294.5,302.5,9.595000267028809,1030.5,507.0
2026-01-02,60.75,5871.0,57.31999969482422,64.01000213623047,4314.39990234375,356.1000061035156,84.0999984741211,5.639999866485596,2.1150999069213867,357.29998779296875,515.0,533.0,236.0,3.618000030517578,201.6000061035156,1668.0,2125.699951171875,1.698199987411499,14.600000381469728,70.55599975585938,437.5,48.869998931884766,291.0,298.0,9.404999732971191,1029.5,506.5
2026-01-05,61.7599983215332,6077.0,58.31999969482422,64.6500015258789,4436.89990234375,358.9750061035156,86.1500015258789,5.924499988555908,2.142800092697144,359.3500061035156,520.75,531.5,235.875,3.5230000019073486,207.8500061035156,1742.199951171875,2269.5,1.7200000286102295,14.729999542236328,76.16400146484375,444.5,49.470001220703125,294.8999938964844,304.5,9.920000076293944,1047.25,512.5
2026-01-06,60.70000076293945,5954.0,57.130001068115234,65.05999755859375,4482.2001953125,362.1749877929688,85.67500305175781,6.010499954223633,2.0829999446868896,373.8500061035156,521.5,532.0,236.625,3.3499999046325684,217.8500061035156,1865.5999755859373,2434.0,1.700600028038025,14.760000228881836,80.52999877929688,444.0,49.0,294.70001220703125,308.0,10.06999969482422,1042.0,510.5
2026-01-07,59.959999084472656,5915.0,55.9900016784668,64.8499984741211,4449.2998046875,359.6000061035156,84.80000305175781,5.809000015258789,2.0566999912261963,375.4500122070313,531.5,528.0,234.5249938964844,3.525000095367432,239.6000061035156,1767.199951171875,2253.39990234375,1.694499969482422,14.979999542236328,77.13500213623047,446.75,48.81999969482422,301.5,308.75,10.109999656677246,1052.75,518.0
2026-01-08,61.9900016784668,6077.0,57.7599983215332,64.45999908447266,4449.7001953125,362.4750061035156,85.875,5.746500015258789,2.119499921798706,372.3500061035156,530.25,529.5,235.2749938964844,3.407000064849853,237.0,1781.0999755859375,2251.699951171875,1.7603000402450562,14.970000267028809,74.71600341796875,446.0,49.02999877929688,300.3999938964844,307.0,9.9350004196167,1047.0,518.0
2026-01-09,63.34000015258789,5345.0,59.119998931884766,64.41000366210938,4490.2998046875,360.7250061035156,85.30000305175781,5.855500221252441,2.134999990463257,357.6499938964844,530.25,534.5,233.7250061035156,3.1689999103546143,223.25,1853.0,2278.300048828125,1.7805999517440796,14.890000343322754,78.88400268554688,445.75,49.2599983215332,300.0,303.5,9.979999542236328,1048.5,517.25
2026-01-12,63.869998931884766,5443.0,59.5,64.91000366210938,4604.2998046875,362.0499877929688,84.42500305175781,5.985000133514404,2.154400110244751,356.04998779296875,526.75,541.0,235.25,3.4089999198913574,195.3999938964844,1921.300048828125,2359.60009765625,1.7937999963760376,14.84000015258789,84.61000061035156,421.5,49.81999969482422,294.6000061035156,293.5,9.989999771118164,1033.0,511.25
2026-01-13,65.47000122070312,5224.0,61.150001525878906,64.87999725341797,4589.2001953125,366.2749938964844,84.625,5.96999979019165,2.2383999824523926,360.25,519.5,550.0,237.25,3.4189999103546143,201.3000030517578,1900.4000244140625,2333.800048828125,1.8265000581741333,14.890000343322754,85.87699890136719,419.75,50.77999877929688,286.3999938964844,291.75,10.34000015258789,1023.25,510.5
2026-01-14,66.5199966430664,5090.0,62.02000045776367,64.98999786376953,4626.2998046875,364.75,85.69999694824219,6.008999824523926,2.281899929046631,356.0,522.25,558.0,235.1499938964844,3.119999885559082,197.6499938964844,1886.9000244140625,2367.10009765625,1.830399990081787,14.68000030517578,90.86900329589844,422.0,50.7599983215332,287.20001220703125,287.25,10.255000114440918,1030.5,512.5
2026-01-15,63.7599983215332,4966.0,59.18999862670898,64.70999908447266,4616.2998046875,368.4249877929688,87.80000305175781,5.947999954223633,2.2083001136779785,358.1000061035156,517.25,552.0,236.0500030517578,3.128000020980835,199.5,1859.0,2390.0,1.7838000059127808,14.56999969482422,91.8759994506836,420.25,52.970001220703125,289.20001220703125,293.25,10.600000381469728,1053.0,510.5
2026-01-16,64.12999725341797,5076.0,59.43999862670898,64.66000366210938,4588.39990234375,361.9249877929688,88.2750015258789,5.78849983215332,2.237600088119507,355.29998779296875,527.25,609.5,232.1499938964844,3.102999925613404,208.5,1805.199951171875,2303.800048828125,1.7851999998092651,14.960000038146973,88.09100341796875,424.75,52.61000061035156,290.0,302.0,10.600000381469728,1057.75,518.0
2026-01-20,64.91999816894531,4648.0,60.34000015258789,64.33999633789062,4759.60009765625,362.625,87.8499984741211,5.7729997634887695,2.338500022888184,346.5,523.0,614.5,232.375,3.9070000648498535,202.4499969482422,1890.9000244140625,2431.5,1.823799967765808,14.720000267028809,94.20600128173828,423.75,52.560001373291016,291.6000061035156,300.5,10.6899995803833,1053.0,510.25
2026-01-21,65.23999786376953,4448.0,60.619998931884766,64.30000305175781,4831.7998046875,363.2250061035156,87.8499984741211,5.729499816894531,2.430500030517578,347.5,519.75,612.0,233.1000061035156,4.875,203.8500061035156,1865.199951171875,2480.39990234375,1.8573999404907229,14.739999771118164,92.20999908447266,421.75,54.0099983215332,291.3999938964844,293.5,10.789999961853027,1064.5,507.75
2026-01-22,64.05999755859375,4469.0,59.36000061035156,63.880001068115234,4908.7998046875,363.7250061035156,88.4749984741211,5.742499828338623,2.36680006980896,347.70001220703125,525.75,600.0,232.375,5.045000076293945,218.8000030517578,1910.300048828125,2561.800048828125,1.817199945449829,14.960000038146973,95.97599792480467,424.0,53.77999877929688,296.20001220703125,291.25,10.6850004196167,1064.0,515.5
2026-01-23,65.87999725341797,4201.0,61.06999969482422,63.810001373291016,4976.2001953125,364.7999877929688,88.3499984741211,5.910999774932861,2.428499937057495,350.8999938964844,540.75,595.0,234.8999938964844,5.275000095367432,219.3999938964844,2010.0,2722.10009765625,1.8509999513626096,14.729999542236328,100.9250030517578,430.5,53.9900016784668,299.8999938964844,297.25,10.654999732971191,1067.75,529.5
2026-01-26,65.58999633789062,4348.0,60.630001068115234,62.970001220703125,5079.7001953125,366.7000122070313,88.30000305175781,5.984000205993652,2.568000078201294,356.25,529.75,599.0,236.0249938964844,6.800000190734863,219.3000030517578,2169.89990234375,2852.39990234375,1.820099949836731,14.789999961853027,115.08000183105467,428.25,53.88999938964844,294.29998779296875,299.25,10.9350004196167,1061.75,522.5
2026-01-27,67.56999969482422,4433.0,62.38999938964844,63.83000183105469,5079.89990234375,366.8500061035156,89.05000305175781,5.828499794006348,2.646199941635132,367.25,532.75,596.0,235.6000061035156,6.953999996185303,220.0500030517578,1861.800048828125,2513.199951171875,1.8652000427246087,14.829999923706056,105.52300262451172,426.5,54.40999984741211,294.0,300.0,10.960000038146973,1067.25,523.25
2026-01-28,68.4000015258789,4150.0,63.209999084472656,63.72999954223633,5301.60009765625,368.1000061035156,87.94999694824219,5.892499923706055,2.666100025177002,351.0,542.25,597.5,236.8249969482422,7.460000038146973,226.6000061035156,2025.4000244140625,2605.699951171875,1.892300009727478,14.710000038146973,113.11100006103516,430.0,54.310001373291016,297.79998779296875,300.75,11.010000228881836,1075.0,536.0
2026-01-29,70.70999908447266,4177.0,65.41999816894531,63.47999954223633,5318.39990234375,369.1749877929688,87.69999694824219,6.17549991607666,2.585400104522705,345.5,547.0,600.0,235.5,3.9179999828338623,226.1000061035156,2000.5999755859373,2597.39990234375,1.919999957084656,14.699999809265137,114.03700256347656,430.75,54.02999877929688,296.0,303.0,11.119999885559082,1072.25,541.5
2026-01-30,70.69000244140625,4165.0,65.20999908447266,63.16999816894531,4713.89990234375,360.2749938964844,87.25,5.896999835968018,2.735599994659424,332.25,544.75,594.0,235.8500061035156,4.354000091552734,211.1000061035156,1688.300048828125,2102.800048828125,1.9227999448776243,14.270000457763672,78.29000091552734,428.25,53.5099983215332,293.6000061035156,306.75,11.029999732971191,1064.25,538.0
2026-02-02,66.30000305175781,4210.0,62.13999938964844,62.66999816894531,4622.5,366.3500061035156,87.75,5.801499843597412,2.359800100326538,333.25,535.25,596.5,238.1750030517578,3.236999988555908,188.3000030517578,1689.9000244140625,2093.5,1.8514000177383425,14.260000228881836,76.77799987792969,425.75,53.20000076293945,294.5,300.75,11.114999771118164,1060.25,527.75
2026-02-03,67.33000183105469,4300.0,63.209999084472656,62.310001373291016,4903.7001953125,367.9249877929688,88.55000305175781,6.0625,2.4093000888824463,317.1000061035156,534.75,594.0,240.3249969482422,3.311000108718872,168.60000610351562,1746.0999755859375,2195.60009765625,1.8978999853134155,14.630000114440918,83.04199981689453,428.5,54.4900016784668,291.8999938964844,304.75,11.09000015258789,1065.75,528.75
2026-02-04,69.45999908447266,4086.0,65.13999938964844,62.2400016784668,4920.39990234375,370.0750122070313,88.0,5.826000213623047,2.470000028610229,308.6499938964844,530.25,588.5,240.5249938964844,3.4649999141693115,169.64999389648438,1726.199951171875,2162.699951171875,1.9651999473571773,14.4399995803833,84.16500091552734,429.5,55.65999984741211,296.20001220703125,307.0,11.0649995803833,1092.25,526.75
2026-02-05,67.55000305175781,4209.0,63.290000915527344,61.7599983215332,4861.39990234375,364.0750122070313,87.30000305175781,5.798999786376953,2.393199920654297,308.3999938964844,538.5,586.5,235.25,3.509000062942505,159.64999389648438,1688.9000244140625,2061.60009765625,1.9265999794006348,14.270000457763672,76.52899932861328,435.0,55.650001525878906,303.20001220703125,311.75,11.270000457763672,1112.25,535.25
2026-02-06,68.05000305175781,4197.0,63.54999923706055,61.060001373291016,4951.2001953125,367.4249877929688,87.375,5.863500118255615,2.413300037384033,296.54998779296875,531.25,585.5,237.75,3.421999931335449,158.85000610351562,1732.699951171875,2093.300048828125,1.953199982643128,14.109999656677246,76.73500061035156,430.25,55.33000183105469,303.6000061035156,301.75,11.229999542236328,1115.25,529.75
2026-02-09,69.04000091552734,4102.0,64.36000061035156,61.61000061035156,5050.89990234375,367.4500122070313,87.0999984741211,5.945000171661377,2.416899919509888,299.8500061035156,528.75,597.5,239.3000030517578,3.138000011444092,168.85000610351562,1737.0999755859375,2108.89990234375,1.9854999780654907,14.350000381469728,82.06500244140625,428.75,56.68999862670898,297.79998779296875,299.0,11.1899995803833,1110.75,528.75
2026-02-10,68.80000305175781,3805.0,63.959999084472656,61.59000015258789,5003.7998046875,364.7749938964844,86.8499984741211,5.895999908447266,2.3987998962402344,294.20001220703125,530.5,600.5,239.1000061035156,3.115000009536743,175.8000030517578,1722.699951171875,2091.60009765625,1.9592000246047967,14.119999885559082,80.21800231933594,428.75,57.27000045776367,300.79998779296875,302.5,11.229999542236328,1122.5,528.25
2026-02-11,69.4000015258789,3762.0,64.62999725341797,61.9900016784668,5071.60009765625,367.4500122070313,86.9000015258789,5.948999881744385,2.4403998851776123,294.79998779296875,538.5,593.5,242.3500061035156,3.1589999198913574,185.8000030517578,1735.300048828125,2137.89990234375,1.978899955749512,13.84000015258789,83.75399780273438,427.5,57.04999923706055,303.0,305.0,11.135000228881836,1124.0,537.25
2026-02-12,67.5199966430664,3632.0,62.84000015258789,62.290000915527344,4923.7001953125,365.7250061035156,86.75,5.770999908447266,2.392699956893921,299.6499938964844,554.0,596.0,242.5,3.2170000076293945,170.35000610351562,1650.300048828125,2014.0,1.915899991989136,13.75,75.5459976196289,431.25,57.540000915527344,307.8999938964844,309.0,11.199999809265137,1137.25,552.5
2026-02-13,67.75,3581.0,62.88999938964844,62.11000061035156,5022.0,366.1499938964844,86.94999694824219,5.792500019073486,2.387900114059448,300.04998779296875,542.5,598.5,243.0749969482422,3.243000030517578,184.0,1697.5,2071.199951171875,1.9110000133514404,13.779999732971191,77.85099792480469,431.75,57.08000183105469,309.20001220703125,310.75,11.020000457763672,1133.0,548.75
2026-02-17,67.41999816894531,3384.0,62.33000183105469,61.52000045776367,4882.89990234375,370.9750061035156,92.3000030517578,5.632999897003174,2.3905999660491943,284.6000061035156,538.75,593.5,246.5500030517578,3.0309998989105225,200.0,1675.199951171875,2012.5,1.9143999814987185,13.859999656677246,73.4469985961914,426.25,57.290000915527344,305.79998779296875,312.25,10.755000114440918,1134.0,537.75
2026-02-18,70.3499984741211,3226.0,65.19000244140625,61.54999923706055,4986.5,370.5750122070313,92.5500030517578,5.793499946594238,2.518699884414673,287.54998779296875,551.0,582.5,246.6000061035156,3.010999917984009,197.3000030517578,1751.300048828125,2106.39990234375,1.968000054359436,14.170000076293944,77.50900268554688,427.0,58.59000015258789,303.8999938964844,320.75,10.274999618530272,1133.5,547.0
2026-02-19,71.66000366210938,2968.0,66.43000030517578,61.93000030517578,4975.89990234375,370.2749938964844,93.4499969482422,5.730000019073486,2.6147000789642334,287.3999938964844,565.5,568.0,247.5,2.996000051498413,187.3000030517578,1690.4000244140625,2062.300048828125,2.006599903106689,14.06999969482422,77.56500244140625,425.75,59.68000030517578,304.79998779296875,330.0,10.164999961853027,1141.0,559.5
2026-02-20,71.76000213623047,3080.0,66.38999938964844,63.02999877929688,5059.2998046875,368.0249938964844,93.6750030517578,5.830999851226807,2.5857999324798584,288.29998779296875,572.25,578.0,246.5749969482422,3.046999931335449,181.0500030517578,1774.199951171875,2169.699951171875,1.9973000288009644,14.300000190734863,82.28299713134766,427.5,58.91999816894531,309.79998779296875,330.0,10.164999961853027,1137.5,573.5
2026-02-23,71.48999786376953,3004.0,66.30999755859375,63.560001373291016,5204.7001953125,364.2999877929688,93.6999969482422,5.7729997634887695,2.6782000064849854,281.1499938964844,560.0,570.5,244.9750061035156,2.984999895095825,173.64999389648438,1772.199951171875,2146.39990234375,1.989199995994568,14.449999809265137,86.52300262451172,427.5,59.38999938964844,308.70001220703125,329.25,9.984999656677246,1134.25,569.5
2026-02-24,70.7699966430664,2997.0,65.62999725341797,63.560001373291016,5155.7998046875,365.1000061035156,95.8000030517578,5.922999858856201,2.6868999004364014,288.25,554.25,565.0,245.0249938964844,2.914999961853028,182.1999969482422,1813.5,2181.10009765625,1.9714000225067136,14.550000190734863,87.45700073242188,427.75,60.02999877929688,310.70001220703125,329.25,9.859999656677246,1139.5,567.5
2026-02-25,70.8499984741211,2957.0,65.41999816894531,64.16999816894531,5206.39990234375,366.2999877929688,96.1999969482422,5.979499816894531,2.674000024795532,288.29998779296875,552.5,556.0,246.0,2.969000101089477,185.6000061035156,1834.0999755859373,2325.60009765625,1.9914000034332275,14.59000015258789,90.93900299072266,430.5,60.2599983215332,318.29998779296875,313.75,9.904999732971191,1148.25,565.75
2026-02-26,70.75,2974.0,65.20999908447266,63.36000061035156,5176.5,361.6499938964844,95.7249984741211,5.947000026702881,2.612499952316284,286.0,551.5,557.0,246.0,2.82699990272522,175.60000610351562,1748.5999755859375,2230.699951171875,2.032299995422364,14.40999984741211,86.99800109863281,433.25,61.290000915527344,317.6000061035156,307.5,9.94499969482422,1147.75,571.75
2026-02-27,72.4800033569336,2798.0,67.0199966430664,63.61000061035156,5230.5,355.42498779296875,95.7249984741211,6.004499912261963,2.6709001064300537,284.6000061035156,572.75,558.0,244.0,2.858999967575073,175.6999969482422,1792.199951171875,2365.60009765625,2.077899932861328,14.300000190734863,92.68199920654295,438.75,61.290000915527344,315.5,315.25,10.395000457763672,1157.25,591.25
2026-03-02,77.73999786376953,2931.0,71.2300033569336,62.59000015258789,5294.39990234375,357.2749938964844,95.5749969482422,5.894499778747559,2.900399923324585,288.3500061035156,567.0,555.0,233.1000061035156,2.9600000381469727,166.5500030517578,1762.5999755859375,2311.89990234375,2.3705999851226807,13.90999984741211,88.28399658203125,433.25,62.16999816894531,308.29998779296875,310.75,10.619999885559082,1150.0,574.5
2026-03-03,81.4000015258789,2925.0,74.55999755859375,62.040000915527344,5107.39990234375,357.20001220703125,95.75,5.773499965667725,3.1868999004364014,286.95001220703125,570.5,554.0,234.125,3.053999900817871,176.5500030517578,1635.0,2074.800048828125,2.45740008354187,13.93000030517578,82.9229965209961,434.25,62.27000045776367,310.5,314.75,10.585000038146973,1155.75,572.25
2026-03-04,81.4000015258789,2968.0,74.66000366210938,62.15999984741211,5120.2001953125,363.9249877929688,97.0749969482422,5.855000019073486,3.293800115585327,290.70001220703125,565.25,557.5,238.3500061035156,2.9170000553131104,187.8000030517578,1667.800048828125,2154.699951171875,2.514899969100952,13.729999542236328,82.63300323486328,431.75,63.09000015258789,306.1000061035156,321.25,10.4350004196167,1154.5,566.75
2026-03-05,85.41000366210938,2963.0,81.01000213623047,63.02999877929688,5065.2998046875,362.6000061035156,95.6750030517578,5.752999782562256,3.614300012588501,293.0,585.25,566.5,238.5249938964844,3.003000020980835,183.3999938964844,1620.199951171875,2130.0,2.6709001064300537,13.720000267028809,81.68699645996094,441.5,65.31999969482422,305.6000061035156,330.0,10.789999961853027,1163.75,582.75
2026-03-06,92.69000244140624,3138.0,90.9000015258789,63.18999862670898,5146.10009765625,355.625,95.625,5.756999969482422,3.6224000453948975,297.6000061035156,611.5,561.0,234.5749969482422,3.186000108718872,174.0500030517578,1631.699951171875,2142.39990234375,2.7465999126434326,14.100000381469728,83.81600189208984,447.0,66.20999908447266,313.1000061035156,331.0,10.899999618530272,1185.0,611.25
2026-03-09,98.95999908447266,3197.0,94.7699966430664,63.59000015258789,5091.5,350.6499938964844,94.8249969482422,5.80049991607666,3.5866000652313232,301.75,607.75,560.5,230.1499938964844,3.119999885559082,174.60000610351562,1662.199951171875,2169.60009765625,2.8083999156951904,14.59000015258789,84.03199768066406,437.5,65.75,308.79998779296875,334.25,11.015000343322754,1180.5,598.0
2026-03-10,87.80000305175781,3356.0,83.44999694824219,65.30000305175781,5229.7001953125,353.3500061035156,96.0749969482422,5.90399980545044,3.34660005569458,300.54998779296875,596.75,563.0,232.375,3.0199999809265137,184.3000030517578,1668.699951171875,2235.0,2.640300035476685,14.380000114440918,89.08300018310547,436.25,65.33000183105469,311.79998779296875,344.75,10.914999961853027,1187.25,584.75
2026-03-11,91.9800033569336,3337.0,87.25,65.16999816894531,5167.39990234375,348.7250061035156,95.1999969482422,5.8454999923706055,3.678800106048584,292.0,601.5,560.0,230.1499938964844,3.2090001106262207,192.9499969482422,1624.4000244140625,2205.0,2.788300037384033,14.25,85.06500244140625,444.25,67.08000183105469,316.3999938964844,355.5,10.96500015258789,1200.5,588.5
2026-03-12,100.45999908447266,3223.0,95.7300033569336,65.13999938964844,5115.7998046875,348.2250061035156,94.3499984741211,5.82450008392334,3.898900032043457,296.5,601.5,569.0,231.25,3.2330000400543213,197.8000030517578,1621.9000244140625,2160.0,2.964600086212158,14.380000114440918,84.66999816894531,448.25,67.33999633789062,319.8999938964844,363.5,11.005000114440918,1213.0,592.25
2026-03-13,103.13999938964844,3205.0,98.70999908447266,65.8499984741211,5052.5,349.4750061035156,93.4499969482422,5.714499950408936,4.014699935913086,290.3500061035156,618.75,573.5,230.8999938964844,3.13100004196167,199.3000030517578,1554.0999755859375,2036.5999755859373,3.041399955749512,14.369999885559082,80.91400146484375,452.5,67.33999633789062,319.8999938964844,363.5,11.03499984741211,1211.0,618.5
2026-03-16,100.20999908447266,3328.0,93.5,68.19000244140625,4994.0,355.45001220703125,93.5,5.790500164031982,3.837500095367432,297.75,616.5,603.0,233.25,3.0230000019073486,199.8000030517578,1584.5,2089.5,3.0002999305725098,14.1899995803833,80.26300048828125,454.0,63.93999862670898,312.20001220703125,360.25,11.380000114440918,1155.25,597.25
2026-03-17,103.41999816894533,3349.0,96.20999908447266,68.7699966430664,5001.0,359.79998779296875,93.7249984741211,5.726500034332275,4.0157999992370605,302.04998779296875,606.75,610.0,235.2250061035156,3.032999992370605,190.5,1614.0,2131.800048828125,3.1233999729156494,14.449999809265137,79.52999877929688,454.0,65.97000122070312,311.70001220703125,355.75,11.34000015258789,1157.0,589.75
2026-03-18,107.37999725341795,3260.0,96.31999969482422,68.69999694824219,4889.89990234375,358.7250061035156,93.75,5.553999900817871,4.197800159454346,299.70001220703125,626.0,612.5,235.3999938964844,3.065000057220459,180.5,1517.0999755859375,2052.0,3.0985000133514404,14.800000190734863,77.23799896240234,463.25,65.52999877929688,321.70001220703125,363.75,11.350000381469728,1161.75,604.25
2026-03-19,108.6500015258789,3331.0,96.13999938964844,67.66999816894531,4600.7001953125,355.2749938964844,92.0500030517578,5.433000087738037,4.3420000076293945,306.20001220703125,627.25,609.5,233.2749938964844,3.16599988937378,167.0500030517578,1434.5999755859375,1939.199951171875,3.1270999908447266,15.369999885559082,70.9020004272461,469.75,65.41000366210938,332.5,367.75,11.329999923706056,1168.5,608.0
2026-03-20,112.19000244140624,3255.0,98.31999969482422,67.30999755859375,4570.39990234375,357.75,91.2750015258789,5.34250020980835,4.608399868011475,309.75,606.25,609.0,234.0500030517578,3.095000028610229,161.5,1424.800048828125,1970.5999755859373,3.286200046539306,15.699999809265137,69.36000061035156,465.5,65.51000213623047,328.0,358.0,11.095000267028809,1161.25,595.25
2026-03-23,99.94000244140624,3180.0,88.12999725341797,67.18000030517578,4404.10009765625,358.45001220703125,90.8000030517578,5.439499855041504,4.056000232696533,307.0,603.25,596.0,235.3000030517578,2.8910000324249268,161.9499969482422,1411.300048828125,1860.300048828125,2.974900007247925,15.520000457763672,69.04900360107422,459.5,65.58000183105469,326.6000061035156,339.5,10.9350004196167,1163.5,587.75
2026-03-24,104.48999786376952,3235.0,92.3499984741211,67.62000274658203,4399.2998046875,360.2999877929688,91.0500030517578,5.422500133514404,4.290900230407715,317.8500061035156,604.0,585.5,235.375,2.943000078201294,171.9499969482422,1411.199951171875,1892.0,3.1480000019073486,15.880000114440918,69.27400207519531,462.5,65.7300033569336,322.3999938964844,333.25,10.989999771118164,1155.0,590.0
2026-03-25,102.22000122070312,3133.0,90.31999969482422,68.18000030517578,4549.7998046875,361.875,90.9000015258789,5.52899980545044,4.00629997253418,316.1000061035156,617.75,597.5,234.4250030517578,2.95199990272522,182.5500030517578,1416.0,1925.199951171875,3.012399911880493,15.550000190734863,72.36100006103516,467.25,67.0999984741211,319.79998779296875,332.5,10.975000381469728,1171.75,597.75
2026-03-26,108.01000213623048,3164.0,94.4800033569336,69.41000366210938,4375.5,363.5249938964844,90.8249969482422,5.446499824523926,4.273399829864502,307.6499938964844,626.75,596.0,235.1000061035156,2.999000072479248,180.3999938964844,1341.300048828125,1838.300048828125,3.130199909210205,15.869999885559082,67.6709976196289,467.0,68.0199966430664,322.1000061035156,339.25,10.970000267028809,1173.75,605.0
2026-03-27,112.56999969482422,3165.0,99.63999938964844,69.45999908447266,4492.0,361.4500122070313,90.7750015258789,5.4670000076293945,4.495500087738037,301.70001220703125,632.75,596.0,238.5,3.095000028610229,176.5500030517578,1390.9000244140625,1870.5999755859373,3.250099897384644,15.760000228881836,69.54499816894531,462.0,67.41000366210938,315.29998779296875,341.5,11.09000015258789,1159.25,605.0
2026-03-30,112.77999877929688,3155.0,102.87999725341795,70.19000244140625,4526.0,363.2999877929688,90.4749984741211,5.47599983215332,4.364299774169922,292.54998779296875,626.25,605.0,239.5500030517578,2.88700008392334,180.10000610351562,1418.0,1885.5999755859373,3.3515000343322754,15.550000190734863,70.3239974975586,455.75,68.47000122070312,314.8999938964844,351.0,11.31999969482422,1159.75,607.0
2026-03-31,118.3499984741211,3300.0,101.37999725341795,70.0,4647.60009765625,369.125,90.4250030517578,5.587500095367432,4.163400173187256,298.3500061035156,635.5,608.5,243.0249938964844,2.884000062942505,190.0,1471.199951171875,1950.0,3.312299966812134,15.520000457763672,74.69000244140625,457.75,68.87999725341797,316.3999938964844,354.25,11.375,1171.0,616.25
2026-04-01,101.16000366210938,3345.0,100.12000274658205,70.76000213623047,4783.2001953125,370.75,90.9250030517578,5.624000072479248,4.05679988861084,297.79998779296875,613.75,606.0,244.0500030517578,2.819000005722046,199.8999938964844,1478.4000244140625,1969.300048828125,3.091399908065796,15.289999961853027,75.86699676513672,454.25,67.11000061035156,318.20001220703125,347.0,11.279999732971191,1168.5,597.5
2026-04-02,109.02999877929688,3245.0,111.54000091552734,70.91999816894531,4651.5,372.8999938964844,90.3499984741211,5.563000202178955,4.361100196838379,295.3999938964844,615.75,596.5,246.1999969482422,2.799999952316284,199.3999938964844,1491.4000244140625,1963.800048828125,3.2880001068115234,15.0,72.73500061035156,452.25,68.94000244140625,315.20001220703125,345.5,11.229999542236328,1163.5,598.25
2026-04-06,109.7699966430664,3235.0,112.41000366210938,71.66999816894531,4656.7998046875,372.0249938964844,90.4749984741211,5.583499908447266,4.328400135040283,298.04998779296875,608.25,584.0,248.0249938964844,2.811000108718872,200.6499938964844,1476.199951171875,1958.199951171875,3.308199882507324,14.970000267028809,72.66100311279297,454.0,69.94999694824219,316.6000061035156,348.75,11.079999923706056,1166.75,595.25
2026-04-07,109.2699966430664,3028.0,112.9499969482422,71.30999755859375,4657.10009765625,368.8999938964844,90.7750015258789,5.54449987411499,4.477399826049805,286.1000061035156,607.5,577.5,248.1999969482422,2.869999885559082,199.6000061035156,1442.0,1929.0999755859373,3.3052000999450684,14.579999923706056,71.82599639892578,449.0,69.72000122070312,311.79998779296875,341.25,11.145000457763672,1158.25,598.0
2026-04-08,94.75,3196.0,94.41000366210938,71.66999816894531,4749.5,370.6749877929688,90.1999969482422,5.759500026702881,3.8083999156951904,294.04998779296875,595.25,589.0,249.0,2.7239999771118164,205.1000061035156,1586.9000244140625,2050.60009765625,3.005899906158448,14.229999542236328,75.2239990234375,447.25,67.41999816894531,314.1000061035156,332.5,11.05500030517578,1162.0,580.25
2026-04-09,95.91999816894533,3162.0,97.87000274658205,73.26000213623047,4792.2001953125,372.5249938964844,90.6750030517578,5.748000144958496,3.937000036239624,293.70001220703125,590.5,581.0,249.7749938964844,2.6700000762939453,193.8000030517578,1553.0,2096.60009765625,3.000699996948242,13.920000076293944,76.2770004272461,444.0,67.69999694824219,317.6000061035156,332.5,10.904999732971191,1165.25,574.5
2026-04-10,95.1999969482422,3246.0,96.56999969482422,73.22000122070312,4761.89990234375,374.1499938964844,90.7249984741211,5.870500087738037,3.761600017547608,300.1000061035156,590.75,575.5,251.7749938964844,2.6480000019073486,197.4499969482422,1528.0999755859375,2049.10009765625,3.037300109863281,13.75,76.3239974975586,441.0,67.08999633789062,331.79998779296875,332.25,10.795000076293944,1175.75,571.0
2026-04-13,99.36000061035156,3278.0,99.08000183105467,74.52999877929688,4742.39990234375,374.4750061035156,90.5,5.97599983215332,3.834100008010864,300.8500061035156,603.25,575.5,250.6499938964844,2.627000093460083,195.5,1569.800048828125,2061.800048828125,3.115999937057495,13.68000030517578,75.52300262451172,440.25,66.5,331.8999938964844,338.5,10.65999984741211,1162.25,582.25
2026-04-14,94.79000091552734,3557.0,91.27999877929688,74.33999633789062,4825.0,375.875,90.5,6.070499897003174,3.624300003051758,302.6499938964844,622.75,579.0,252.5500030517578,2.5989999771118164,192.5,1579.4000244140625,2084.60009765625,3.039499998092652,13.880000114440918,79.39099884033203,443.0,66.44000244140625,329.70001220703125,344.5,10.78499984741211,1158.0,592.0
2026-04-15,94.93000030517578,3477.0,91.29000091552734,75.11000061035156,4800.0,373.5,90.6999969482422,6.072000026702881,3.753200054168701,304.25,625.5,581.0,252.6000061035156,2.609999895095825,184.6000061035156,1578.0999755859375,2112.89990234375,3.069200038909912,13.510000228881836,79.49099731445312,451.25,67.5999984741211,334.3999938964844,345.75,10.904999732971191,1167.0,593.75
2026-04-16,99.38999938964844,3367.0,94.69000244140624,75.69999694824219,4785.39990234375,373.0750122070313,94.0500030517578,6.066500186920166,3.832900047302246,296.45001220703125,642.75,583.0,250.3000030517578,2.6470000743865967,176.10000610351562,1570.5,2094.10009765625,3.1637001037597656,13.65999984741211,78.60600280761719,448.5,69.33000183105469,332.70001220703125,346.0,10.835000038146973,1163.75,598.5
2026-04-17,90.37999725341795,3186.0,83.8499984741211,77.4000015258789,4857.60009765625,371.3250122070313,93.4000015258789,6.103499889373779,3.39739990234375,289.29998779296875,636.75,581.5,249.9499969482422,2.674000024795532,186.1000061035156,1590.4000244140625,2124.5,3.004800081253052,13.3100004196167,81.73799896240234,448.75,68.16000366210938,331.79998779296875,331.5,11.100000381469728,1167.25,591.25
2026-04-20,95.4800033569336,3298.0,89.61000061035156,77.5999984741211,4806.60009765625,368.875,94.2249984741211,6.035999774932861,3.540899991989136,292.20001220703125,635.0,585.5,249.6000061035156,2.688999891281128,174.4499969482422,1559.5999755859375,2070.699951171875,3.11680006980896,13.470000267028809,79.95099639892578,452.0,69.62999725341797,325.1000061035156,322.75,11.03499984741211,1165.75,597.0
2026-04-21,98.4800033569336,3220.0,92.12999725341795,78.26000213623047,4698.39990234375,366.5750122070313,95.4000015258789,6.001500129699707,3.728800058364868,289.0,643.5,576.5,247.4250030517578,2.697000026702881,169.9499969482422,1531.699951171875,2024.300048828125,3.2098000049591064,13.43000030517578,76.41100311279297,453.75,72.13999938964844,325.29998779296875,324.0,10.989999771118164,1174.5,605.0
2026-04-22,101.91000366210938,3339.0,92.95999908447266,76.33000183105469,4732.5,366.7999877929688,95.0500030517578,6.119999885559082,3.937900066375733,302.3999938964844,637.75,583.5,246.8500061035156,2.7219998836517334,165.10000610351562,1547.0999755859375,2072.60009765625,3.357899904251098,13.56999969482422,77.89299774169922,454.25,71.68000030517578,320.6000061035156,316.25,11.100000381469728,1164.5,599.25
2026-04-23,105.06999969482422,3369.0,95.8499984741211,76.80000305175781,4705.10009765625,366.625,95.6500015258789,6.075500011444092,3.9881999492645264,316.3500061035156,666.75,583.5,247.0749969482422,2.614000082015991,157.25,1484.5999755859375,2022.5999755859373,3.462100028991699,13.600000381469728,75.46499633789062,455.5,71.66000366210938,320.6000061035156,320.5,11.015000343322754,1159.75,610.75
2026-04-24,105.33000183105467,3349.0,94.4000015258789,77.0,4722.2998046875,367.625,94.3000030517578,6.023499965667725,3.887399911880493,309.79998779296875,659.0,582.5,248.3000030517578,2.5230000019073486,147.25,1501.5,2015.0,3.462599992752075,13.93000030517578,76.38300323486328,455.0,71.91000366210938,324.29998779296875,322.75,10.800000190734863,1163.75,608.25
2026-04-27,108.2300033569336,3218.0,96.37000274658205,77.33000183105469,4675.39990234375,370.5750122070313,94.375,6.01800012588501,3.9746999740600586,304.1000061035156,667.25,579.0,250.4250030517578,2.549999952316284,142.75,1477.699951171875,1981.0999755859373,3.490999937057495,13.829999923706056,75.00299835205078,460.75,72.26000213623047,333.79998779296875,332.75,10.739999771118164,1177.25,621.5
2026-04-28,111.26000213623048,3305.0,99.93000030517578,77.33999633789062,4591.5,372.0750122070313,94.1500015258789,5.914500236511231,3.971199989318848,306.3999938964844,696.75,566.0,252.6750030517578,2.559000015258789,152.25,1461.0999755859375,1942.300048828125,3.560400009155273,14.109999656677246,73.20500183105469,465.25,73.37999725341797,333.3999938964844,334.5,10.574999809265137,1173.0,649.0
2026-04-29,118.02999877929688,3335.0,106.87999725341795,76.86000061035156,4545.2001953125,372.2749938964844,95.0999984741211,5.878499984741211,4.198699951171875,305.25,690.25,571.0,256.875,2.6470000743865967,157.39999389648438,1461.800048828125,1885.300048828125,3.7411000728607178,14.68000030517578,71.56900024414062,466.5,75.30999755859375,328.0,334.25,10.53499984741211,1182.25,642.25
2026-04-30,114.01000213623048,3494.0,105.06999969482422,79.86000061035156,4614.7001953125,373.75,93.4499969482422,5.926000118255615,4.138400077819824,300.8999938964844,678.0,571.0,258.4750061035156,2.7669999599456787,167.3000030517578,1526.4000244140625,1979.0,3.7715001106262207,14.579999923706056,73.53399658203125,464.75,76.36000061035156,322.29998779296875,328.75,10.795000076293944,1182.0,623.75
2026-05-01,108.16999816894533,3521.0,101.94000244140624,81.8499984741211,4629.89990234375,371.3999938964844,92.8249969482422,5.932000160217285,3.946399927139282,302.0,682.5,573.0,253.0,2.7799999713897705,166.35000610351562,1539.199951171875,1996.5999755859373,3.595200061798096,14.949999809265137,75.95099639892578,468.25,76.6500015258789,320.79998779296875,334.0,10.875,1187.75,624.5
2026-05-04,114.44000244140624,3812.0,106.41999816894533,80.58000183105469,4519.5,366.6000061035156,91.625,5.795000076293945,4.073200225830078,302.20001220703125,682.5,574.0,251.75,2.867000102996826,173.39999389648438,1474.699951171875,1946.9000244140625,3.7381999492645264,15.289999961853027,73.0719985961914,473.75,78.0199966430664,320.70001220703125,341.5,11.369999885559082,1207.5,629.5
2026-05-05,109.87000274658205,4003.0,102.2699966430664,82.45999908447266,4555.7998046875,371.8250122070313,92.8000030517578,5.942999839782715,4.030200004577637,305.8500061035156,677.25,577.0,253.2250061035156,2.7880001068115234,167.1999969482422,1507.0999755859375,1960.699951171875,3.6205999851226807,15.369999885559082,73.10800170898438,465.5,78.4000015258789,322.6000061035156,341.5,11.710000038146973,1195.75,616.5
2026-05-06,101.2699966430664,4064.0,95.08000183105467,81.70999908447266,4681.89990234375,372.3999938964844,91.6999969482422,6.136499881744385,3.785599946975708,299.45001220703125,675.75,578.0,253.4750061035156,2.7300000190734863,170.39999389648438,1546.0,2048.699951171875,3.4593000411987305,14.8100004196167,76.81099700927734,452.75,76.51000213623047,319.79998779296875,329.25,11.8149995803833,1179.0,606.0
2026-05-07,100.05999755859376,4356.0,94.80999755859376,83.0,4699.7998046875,366.3250122070313,91.5,6.127500057220459,3.8166000843048096,291.04998779296875,654.75,576.5,250.0500030517578,2.7690000534057617,163.64999389648438,1517.800048828125,2048.10009765625,3.4560000896453857,14.539999961853027,79.70099639892578,452.75,75.08999633789062,321.29998779296875,325.5,11.664999961853027,1177.0,601.75
2026-05-08,101.29000091552734,4113.0,95.41999816894533,84.7300033569336,4720.39990234375,367.375,90.875,6.249000072479248,3.8991000652313232,289.70001220703125,672.5,580.0,248.8999938964844,2.756999969482422,173.64999389648438,1482.5999755859375,2047.199951171875,3.526700019836426,14.6899995803833,80.3949966430664,456.25,75.26000213623047,322.5,331.0,11.81999969482422,1194.25,607.5
2026-05-11,104.20999908447266,4632.0,98.06999969482422,87.7699966430664,4718.7001953125,368.3999938964844,90.875,6.41349983215332,3.968600034713745,298.6000061035156,673.5,582.0,249.3999938964844,2.9100000858306885,183.6000061035156,1513.800048828125,2115.5,3.599800109863281,14.90999984741211,85.48500061035156,460.75,74.68000030517578,327.8999938964844,337.5,11.895000457763672,1199.75,622.25
2026-05-12,107.7699966430664,4503.0,102.18000030517578,86.31999969482422,4677.60009765625,365.8999938964844,90.9250030517578,6.485000133514404,4.15880012512207,294.79998779296875,720.5,578.0,247.6999969482422,2.8429999351501465,192.6000061035156,1485.699951171875,2110.0,3.697700023651123,15.010000228881836,85.12999725341797,467.25,76.30000305175781,332.8999938964844,345.25,12.039999961853027,1213.5,665.0
2026-05-13,105.62999725341795,4309.0,101.0199966430664,86.80999755859375,4697.7001953125,367.3250122070313,90.9000015258789,6.635499954223633,3.9667000770568848,296.25,714.0,577.0,252.8000030517578,2.864000082015991,191.3000030517578,1531.0,2187.10009765625,3.61870002746582,15.380000114440918,88.88800048828125,466.5,75.26000213623047,342.70001220703125,350.25,12.350000381469728,1215.25,665.0
2026-05-14,105.72000122070312,4189.0,101.16999816894533,83.94000244140625,4678.10009765625,367.5750122070313,90.4499969482422,6.567500114440918,3.905600070953369,294.45001220703125,702.75,584.5,252.0749969482422,2.8940000534057617,181.3000030517578,1456.5999755859375,2083.5,3.605700016021729,14.989999771118164,84.91200256347656,451.5,74.81999969482422,342.70001220703125,345.5,12.40999984741211,1174.5,647.0
2026-05-15,109.26000213623048,4002.0,105.41999816894533,80.61000061035156,4555.7998046875,368.6749877929688,98.75,6.251500129699707,4.053400039672852,284.6000061035156,688.0,590.0,253.8999938964844,2.9600000381469727,164.4499969482422,1422.9000244140625,1981.300048828125,3.701900005340576,14.800000190734863,77.16100311279297,455.75,73.87999725341797,334.29998779296875,363.75,12.56999969482422,1177.0,635.75
2026-05-18,112.0999984741211,3791.0,108.66000366210938,83.69999694824219,4552.5,368.7999877929688,98.5250015258789,6.271999835968018,4.114500045776367,276.20001220703125,703.75,593.0,253.375,3.0239999294281006,160.3000030517578,1417.800048828125,1968.0999755859373,3.760699987411499,14.729999542236328,77.072998046875,477.0,75.62999725341797,334.5,373.0,12.8149995803833,1213.0,664.5
2026-05-19,111.27999877929688,3907.0,107.7699966430664,82.33000183105469,4506.2998046875,369.5750122070313,97.9250030517578,6.164999961853027,4.162499904632568,270.1499938964844,703.75,595.0,254.5500030517578,3.114000082015991,154.14999389648438,1360.199951171875,1933.800048828125,3.696199893951416,15.010000228881836,74.8280029296875,475.25,75.44000244140625,332.29998779296875,380.5,12.970000267028809,1209.5,667.25
2026-05-20,105.0199966430664,3889.0,98.26000213623048,81.5999984741211,4531.2998046875,370.7250061035156,97.2750015258789,6.290500164031982,3.947099924087525,268.29998779296875,698.75,589.5,253.2749938964844,3.003999948501587,156.9499969482422,1373.800048828125,1949.800048828125,3.4874000549316406,14.729999542236328,75.85099792480469,465.75,74.66000366210938,330.8999938964844,362.5,12.925000190734863,1199.75,660.5
2026-05-21,102.58000183105467,3767.0,96.3499984741211,77.9800033569336,4539.7998046875,369.125,95.125,6.256999969482422,3.831599950790405,273.3999938964844,687.0,584.0,249.1499938964844,3.0179998874664307,166.60000610351562,1383.4000244140625,1955.0999755859373,3.379600048065185,14.899999618530272,76.41400146484375,462.25,73.87000274658203,328.3999938964844,360.5,13.005000114440918,1194.25,647.5
2026-05-22,103.54000091552734,3796.0,96.5999984741211,77.41999816894531,4521.0,349.8500061035156,95.75,6.3420000076293945,3.8877999782562256,272.3500061035156,682.0,585.5,249.3000030517578,2.907000064849853,171.4499969482422,1358.0,1931.5999755859373,3.453900098800659,14.699999809265137,75.89299774169922,463.25,73.9800033569336,331.8999938964844,366.0,12.984999656677246,1196.5,646.25
2026-05-26,99.58000183105467,4169.0,93.88999938964844,77.37000274658203,4500.39990234375,349.45001220703125,96.125,6.361000061035156,3.714600086212158,274.0,676.25,587.0,248.2250061035156,2.8940000534057617,177.10000610351562,1385.800048828125,1942.199951171875,3.220499992370605,14.539999961853027,76.30500030517578,457.5,74.36000061035156,328.6000061035156,368.25,13.0,1186.0,635.5
2026-05-27,94.29000091552734,4140.0,88.68000030517578,76.16000366210938,4447.5,354.625,97.5999984741211,6.304999828338623,3.5975000858306885,269.8500061035156,669.75,588.0,251.4250030517578,3.039999961853028,167.10000610351562,1395.5999755859375,1918.699951171875,3.133699893951416,14.140000343322754,74.5989990234375,452.5,75.26000213623047,330.6000061035156,377.25,12.80500030517578,1185.25,622.5
2026-05-28,93.70999908447266,4099.0,88.9000015258789,76.7699966430664,4499.2998046875,353.0249938964844,96.9749984741211,6.395999908447266,3.61870002746582,274.25,665.25,588.0,249.75,3.2850000858306885,168.64999389648438,1377.5999755859375,1921.5999755859373,3.1851999759674072,13.93000030517578,75.6449966430664,455.75,76.69999694824219,334.1000061035156,371.0,12.93000030517578,1194.5,624.0
2026-05-29,92.0500030517578,3923.0,87.36000061035156,76.1500015258789,4560.5,348.42498779296875,95.8499984741211,6.359499931335449,3.537300109863281,265.6000061035156,649.75,587.5,248.25,3.289999961853028,159.25,1361.0,1922.199951171875,3.126699924468994,14.0600004196167,75.61599731445312,446.75,77.72000122070312,329.79998779296875,358.75,12.604999542236328,1186.75,610.5
2026-06-01,94.9800033569336,3895.0,92.16000366210938,76.63999938964844,4475.2001953125,351.54998779296875,95.0250015258789,6.52400016784668,3.639400005340576,260.6000061035156,647.0,587.5,249.0,3.178999900817871,150.0,1360.5,1922.4000244140625,3.084700107574463,14.449999809265137,75.00700378417969,444.0,79.08999633789062,326.5,347.25,12.5,1180.75,608.75
2026-06-02,96.0,4108.0,93.76000213623048,77.04000091552734,4489.10009765625,348.42498779296875,95.6999969482422,6.649499893188477,3.698699951171875,259.20001220703125,634.75,588.5,247.6750030517578,3.1670000553131104,160.0,1373.0999755859375,1937.4000244140625,3.1442999839782715,14.380000114440918,75.31099700927734,440.5,78.41000366210938,326.20001220703125,335.0,12.65999984741211,1165.25,603.0
2026-06-03,97.80999755859376,4072.0,96.0199966430664,76.7300033569336,4436.7001953125,342.625,96.0500030517578,6.480999946594238,3.848099946975708,253.1000061035156,624.0,597.5,246.625,3.21399998664856,168.39999389648438,1317.0999755859375,1868.699951171875,3.131599903106689,14.239999771118164,73.47599792480469,431.5,78.70999908447266,320.79998779296875,326.5,12.529999732971191,1154.0,587.25
2026-06-04,95.02999877929688,3965.0,93.04000091552734,74.88999938964844,4475.7998046875,353.375,95.3000030517578,6.511000156402588,3.673799991607666,247.1499938964844,620.25,606.5,249.1750030517578,3.3359999656677246,168.39999389648438,1318.800048828125,1894.0,3.038300037384033,14.270000457763672,73.77899932861328,424.5,76.29000091552734,313.70001220703125,318.5,12.395000457763672,1129.5,581.75
2026-06-05,93.08999633789062,3762.0,90.54000091552734,73.75,4337.10009765625,353.8999938964844,94.3000030517578,6.263500213623047,3.587399959564209,246.5,620.75,608.0,250.0749969482422,3.2290000915527344,159.39999389648438,1247.0999755859375,1792.0,3.0459001064300537,14.140000343322754,68.94300079345703,417.5,74.12000274658203,308.5,312.5,12.395000457763672,1121.5,580.0
2026-06-08,94.25,3831.0,91.3000030517578,73.38999938964844,4335.89990234375,350.70001220703125,94.0250015258789,6.329500198364258,3.599900007247925,245.8999938964844,629.75,612.0,246.5249938964844,3.1470000743865967,160.60000610351562,1200.9000244140625,1749.4000244140625,3.0706000328063965,14.119999885559082,68.42500305175781,418.75,74.55999755859375,302.70001220703125,312.25,12.470000267028809,1115.75,583.25
2026-06-09,91.4499969482422,3831.0,88.19999694824219,71.26000213623047,4260.0,354.1499938964844,93.5749969482422,6.302499771118164,3.541800022125244,244.3999938964844,630.75,618.0,248.0249938964844,3.140000104904175,170.35000610351562,1213.5999755859375,1708.5999755859375,3.0211000442504883,14.079999923706056,65.09400177001953,419.5,74.91000366210938,301.1000061035156,313.75,12.390000343322754,1113.75,585.25
2026-06-10,93.0999984741211,3757.0,90.02999877929688,71.0999984741211,4108.2001953125,354.375,93.1750030517578,6.249000072479248,3.612600088119507,248.3999938964844,630.5,620.0,250.1000061035156,3.184999942779541,166.8000030517578,1230.800048828125,1688.0,3.1098999977111816,13.920000076293944,64.5989990234375,419.0,75.33000183105469,301.8999938964844,318.5,12.324999809265137,1123.0,587.5
2026-06-11,90.37999725341795,3710.0,87.70999908447266,72.48999786376953,4090.300048828125,359.6499938964844,92.7750015258789,6.258999824523926,3.513099908828736,253.9499969482422,634.75,619.5,251.4750061035156,3.086999893188477,165.8000030517578,1234.5999755859375,1662.5999755859375,3.1013998985290527,13.789999961853027,63.8849983215332,411.75,74.44999694824219,301.70001220703125,315.5,12.204999923706056,1115.0,586.75
2026-06-12,87.33000183105469,3779.0,84.87999725341797,72.94000244140625,4215.0,357.42498779296875,92.5250015258789,6.430500030517578,3.404400110244751,257.20001220703125,634.5,623.5,249.875,3.119999885559082,163.3000030517578,1276.199951171875,1709.199951171875,3.049799919128418,13.699999809265137,67.85900115966797,412.75,74.27999877929688,301.29998779296875,306.0,12.039999961853027,1113.5,584.5
2026-06-15,83.16999816894531,3882.0,80.75,73.43000030517578,4328.0,361.5499877929688,96.5749969482422,6.482500076293945,3.2664999961853027,262.95001220703125,640.0,631.0,250.625,3.1470000743865967,154.6999969482422,1346.800048828125,1770.0,2.947200059890747,13.68000030517578,70.06600189208984,415.5,74.37000274658203,302.0,297.0,11.8100004196167,1119.25,589.75
2026-06-16,78.95999908447266,4142.0,76.05000305175781,75.01000213623047,4330.89990234375,366.875,94.8000030517578,6.488999843597412,3.1702001094818115,277.25,633.75,631.0,255.3000030517578,3.239000082015991,147.64999389648438,1355.9000244140625,1812.0999755859373,2.880500078201294,13.81999969482422,69.89900207519531,413.75,72.91999816894531,304.79998779296875,304.5,11.84000015258789,1130.0,596.0
2026-06-17,79.55000305175781,4144.0,76.79000091552734,76.9000015258789,4358.89990234375,367.4249877929688,94.6500015258789,6.481500148773193,3.1946001052856445,277.8500061035156,652.5,630.5,255.7250061035156,3.1449999809265137,148.85000610351562,1349.0999755859375,1790.699951171875,2.909600019454956,13.850000381469728,70.69599914550781,421.0,71.54000091552734,304.79998779296875,306.5,11.93000030517578,1132.0,612.75
2026-06-18,79.8499984741211,4143.0,76.5999984741211,76.05000305175781,4224.10009765625,366.6000061035156,95.0250015258789,6.374499797821045,3.1273000240325928,275.1000061035156,644.0,633.0,254.8000030517578,3.2330000400543213,158.5,1274.5,1705.199951171875,2.9948999881744385,13.59000015258789,66.25499725341797,417.5,69.69000244140625,301.29998779296875,313.25,12.204999923706056,1122.75,605.75
2026-06-22,77.9000015258789,4525.0,74.81999969482422,75.20999908447266,4181.89990234375,370.4249877929688,94.6500015258789,6.356500148773193,3.093100070953369,277.0,633.5,636.0,255.8249969482422,3.253000020980835,154.60000610351562,1257.0999755859375,1670.300048828125,2.986999988555908,13.350000381469728,65.5270004272461,411.5,71.1500015258789,299.79998779296875,303.75,12.475000381469728,1115.75,597.5
2026-06-23,77.08000183105469,4545.0,73.20999908447266,73.95999908447266,4129.89990234375,368.1499938964844,94.2249984741211,6.140999794006348,3.154599905014038,287.95001220703125,618.25,624.5,255.1499938964844,3.1470000743865967,149.10000610351562,1230.699951171875,1660.9000244140625,2.9590001106262207,13.420000076293944,62.02000045776367,409.75,70.58999633789062,302.8999938964844,302.0,12.895000457763672,1117.0,586.75
2026-06-24,73.73999786376953,4902.0,70.33999633789062,72.08999633789062,3990.300048828125,372.9249877929688,93.8499984741211,5.942999839782715,3.1761999130249023,291.54998779296875,617.25,617.0,256.0,3.220999956130981,139.10000610351562,1161.300048828125,1580.5999755859375,2.881799936294556,13.420000076293944,58.05199813842773,407.0,69.45999908447266,303.6000061035156,282.75,12.925000190734863,1108.75,585.75
2026-06-25,75.26000213623047,5159.0,71.91999816894531,73.4000015258789,4030.5,373.2999877929688,92.6999969482422,6.070499897003174,3.2981998920440674,288.79998779296875,620.5,617.5,257.3999938964844,3.3429999351501465,133.35000610351562,1180.199951171875,1601.699951171875,3.0272998809814453,13.550000190734863,58.34799957275391,414.75,70.80999755859375,308.20001220703125,273.75,12.975000381469728,1127.5,591.0
2026-06-26,71.98999786376953,5014.0,69.2300033569336,71.66000366210938,4078.699951171875,369.8500061035156,92.9250030517578,6.141499996185303,3.208199977874756,286.75,611.0,618.0,257.45001220703125,3.2309999465942383,140.89999389648438,1209.0,1630.9000244140625,2.957099914550781,13.979999542236328,59.21699905395508,412.75,71.30000305175781,307.0,276.75,13.100000381469728,1126.25,578.25
2026-06-29,73.1500015258789,4895.0,70.75,72.0,4022.300048828125,367.4750061035156,93.8249969482422,6.097499847412109,3.331700086593628,291.1000061035156,600.0,616.0,257.3999938964844,3.180999994277954,141.75,1210.4000244140625,1574.5,3.0613999366760254,14.289999961853027,58.17499923706055,402.0,69.06999969482422,304.70001220703125,259.75,13.21500015258789,1108.75,569.5
2026-06-30,72.91999816894531,5002.0,69.5,72.22000122070312,4022.89990234375,364.6000061035156,94.3249969482422,6.192500114440918,3.316800117492676,311.20001220703125,611.0,617.0,258.20001220703125,3.275000095367432,172.75,1200.0,1550.199951171875,3.014400005340576,14.34000015258789,59.47700119018555,412.75,66.73999786376953,304.70001220703125,264.25,12.81999969482422,1116.75,580.75
2026-07-01,71.56999969482422,5006.0,68.58000183105469,73.27999877929688,4068.300048828125,364.1499938964844,93.3499984741211,6.123499870300293,3.217900037765503,324.29998779296875,623.25,619.5,241.8249969482422,3.220000028610229,174.89999389648438,1212.800048828125,1588.9000244140625,2.945199966430664,14.989999771118164,60.084999084472656,421.0,67.0199966430664,306.6000061035156,271.5,12.864999771118164,1126.25,592.0
2026-07-02,71.80000305175781,4949.0,68.69000244140625,72.56999969482422,4112.7001953125,360.625,93.8499984741211,6.114500045776367,3.1821999549865723,315.6499938964844,627.0,623.5,239.2250061035156,3.196000099182129,174.0,1261.9000244140625,1616.5999755859375,2.91729998588562,14.850000381469728,60.64300155639648,425.0,66.94999694824219,307.70001220703125,285.75,12.80500030517578,1131.75,590.5
2026-07-06,71.98999786376953,5602.0,68.55000305175781,73.94999694824219,4155.10009765625,360.5,93.3499984741211,6.177999973297119,3.2983999252319336,363.9500122070313,638.5,622.0,239.1000061035156,3.244999885559082,182.75,1260.4000244140625,1631.699951171875,3.0032999515533447,15.220000267028809,61.91999816894531,440.75,68.1500015258789,315.0,289.25,12.800000190734863,1182.25,606.0
2026-07-07,74.16000366210938,5667.0,70.44000244140625,76.94000244140625,4145.2998046875,360.6499938964844,93.4499969482422,6.171500205993652,3.3017001152038574,331.6000061035156,639.75,624.5,238.4250030517578,3.265000104904175,162.10000610351562,1270.5999755859375,1651.199951171875,2.953900098800659,15.140000343322754,60.930999755859375,442.5,68.79000091552734,318.3999938964844,294.0,13.21500015258789,1196.75,609.25
2026-07-08,78.0199966430664,5959.0,73.5199966430664,76.20999908447266,4070.89990234375,362.0499877929688,94.5,6.054500102996826,3.6575000286102295,324.25,634.25,627.5,237.625,3.211999893188477,158.25,1213.4000244140625,1576.4000244140625,3.103399991989136,15.109999656677246,58.16400146484375,434.75,71.38999938964844,314.5,298.75,13.140000343322754,1195.0,599.5
2026-07-09,76.30000305175781,6309.0,72.08000183105469,76.16000366210938,4130.60009765625,356.1499938964844,94.3249969482422,6.215000152587891,3.5715999603271484,356.95001220703125,642.25,625.5,235.25,3.01200008392334,149.89999389648438,1243.9000244140625,1618.800048828125,3.0387001037597656,15.119999885559082,60.37799835205078,427.75,70.44999694824219,319.5,295.25,13.4350004196167,1179.75,611.25
2026-07-10,76.01000213623047,5919.0,71.41000366210938,79.91999816894531,4104.10009765625,354.6000061035156,94.7750015258789,6.233500003814697,3.553299903869629,343.0,662.5,623.0,235.1999969482422,2.940000057220459,147.85000610351562,1266.300048828125,1618.0999755859375,2.984600067138672,14.880000114440918,59.80899810791016,438.0,70.86000061035156,323.1000061035156,301.25,13.345000267028809,1196.5,632.0
2026-07-13,83.30000305175781,5696.0,78.13999938964844,79.83000183105469,3997.0,354.3500061035156,94.7750015258789,6.232999801635742,3.823600053787232,341.3999938964844,655.25,619.5,234.7250061035156,2.8970000743865967,142.5500030517578,1242.699951171875,1602.199951171875,3.166300058364868,14.75,57.63399887084961,437.75,73.04000091552734,316.79998779296875,301.0,13.170000076293944,1202.0,627.0
2026-07-14,84.7300033569336,5660.0,79.33999633789062,79.5999984741211,4061.10009765625,348.79998779296875,95.0999984741211,6.329999923706055,4.0142998695373535,337.20001220703125,664.25,615.5,231.4250030517578,2.9040000438690186,140.25,1298.5999755859375,1631.5,3.227299928665161,14.880000114440918,58.77199935913086,433.75,73.04000091552734,319.6000061035156,292.5,13.149999618530272,1207.25,631.25
2026-07-15,84.94999694824219,5737.0,79.5999984741211,80.55999755859375,4044.0,349.95001220703125,95.1750030517578,6.293499946594238,3.948299884796143,334.45001220703125,720.0,617.5,230.125,2.924000024795532,138.85000610351562,1283.199951171875,1631.5,3.3008999824523926,14.850000381469728,57.11000061035156,447.5,72.91999816894531,318.8999938964844,354.75,13.93000030517578,1202.25,677.5
2026-07-16,84.2300033569336,5216.0,78.94999694824219,77.69000244140625,3985.60009765625,346.6000061035156,100.2750015258789,6.296000003814697,4.030700206756592,321.29998779296875,716.5,634.5,227.0749969482422,2.8580000400543213,133.8000030517578,1263.5,1635.699951171875,3.2846999168396,14.4399995803833,55.89799880981445,441.5,72.43000030517578,322.8999938964844,345.5,14.020000457763672,1195.0,674.75
2026-07-17,88.0999984741211,5533.0,82.48999786376953,77.06999969482422,4012.699951171875,345.95001220703125,101.6500015258789,6.21999979019165,4.064599990844727,328.45001220703125,732.25,635.0,224.4250030517578,2.9110000133514404,138.1999969482422,1244.0,1605.800048828125,3.392699956893921,14.829999923706055,56.03799819946289,444.75,74.80999755859375,320.20001220703125,342.25,14.010000228881836,1204.5,682.75
2026-07-20,89.22000122070312,5520.0,83.2300033569336,77.37000274658203,4010.300048828125,352.0,101.2750015258789,6.298999786376953,4.11899995803833,334.3999938964844,723.75,646.0,226.52499389648438,2.859999895095825,147.39999389648438,1261.0,1592.199951171875,3.3889999389648438,14.819999694824219,56.801998138427734,449.5,74.68000030517578,323.5,342.0,14.0,1226.0,674.0
2026-07-21,91.01000213623047,5607.0,84.91000366210938,78.95999908447266,4071.10009765625,349.54998779296875,101.5,6.511000156402588,4.1265997886657715,331.95001220703125,733.0,653.0,226.6750030517578,2.865000009536743,143.8000030517578,1279.5,1626.0999755859375,3.405900001525879,14.880000114440918,58.834999084472656,452.75,74.30000305175781,326.70001220703125,333.25,14.210000038146973,1219.5,678.0
2026-07-22,94.06999969482422,5328.0,86.83000183105469,79.87000274658203,4146.89990234375,341.17498779296875,101.44999694824219,6.451000213623047,4.148799896240234,316.6499938964844,763.5,659.0,223.1999969482422,2.924999952316284,150.3000030517578,1302.9000244140625,1643.199951171875,3.4147000312805176,14.739999771118164,60.01900100708008,462.0,75.4800033569336,331.6000061035156,338.75,14.305000305175781,1233.0,705.75
2026-07-23,100.69000244140625,5301.0,92.19000244140625,79.83999633789062,4046.60009765625,343.7749938964844,102.1500015258789,6.304999828338623,4.341599941253662,309.3999938964844,759.75,657.5,225.39999389648438,2.9159998893737793,146.8000030517578,1255.300048828125,1599.0999755859375,3.4964001178741455,14.6899995803833,57.79800033569336,464.0,75.58999633789062,329.8999938964844,332.5,14.130000114440918,1237.5,696.25
2026-07-24,96.77999877929688,5376.0,89.30999755859375,78.55000305175781,4067.60009765625,345.32501220703125,102.8499984741211,6.320000171661377,4.180600166320801,313.79998779296875,745.25,654.5,227.0749969482422,2.871000051498413,141.75,1246.699951171875,1593.4000244140625,3.395900011062622,14.770000457763672,58.65599822998047,464.25,74.33000183105469,331.29998779296875,328.25,13.975000381469727,1248.0,678.0
2026-07-27,88.36000061035156,5100.0,82.61000061035156,79.33999633789062,4074.5,338.25,102.9749984741211,6.339000225067139,4.111599922180176,324.54998779296875,729.0,647.5,225.22500610351562,2.7669999599456787,141.4499969482422,1289.5999755859375,1620.5999755859375,3.3273000717163086,14.579999923706055,58.47200012207031,451.75,71.45999908447266,320.79998779296875,314.75,13.645000457763672,1208.5,660.0
2026-07-28,84.08999633789062,5201.0,79.26000213623047,79.20999908447266,4036.300048828125,343.07501220703125,103.0999984741211,6.322000026702881,4.150899887084961,339.3999938964844,726.25,638.0,227.47500610351562,2.6619999408721924,136.85000610351562,1266.5,1612.199951171875,3.3345000743865967,14.550000190734863,57.29600143432617,458.5,70.76000213623047,320.29998779296875,313.75,13.65999984741211,1212.0,662.5
2026-07-29,90.73999786376953,5185.0,84.45999908447266,78.0199966430664,4034.699951171875,344.2749938964844,100.67500305175781,6.273499965667725,4.370100021362305,325.79998779296875,725.5,634.0,227.89999389648438,2.7249999046325684,137.9499969482422,1245.699951171875,1590.0999755859375,3.3977999687194824,14.5,57.862998962402344,449.0,69.16999816894531,315.29998779296875,312.75,13.510000228881836,1178.0,660.75
2026-07-30,89.02999877929688,5112.0,83.58999633789062,79.41000366210938,4100.10009765625,346.4750061035156,98.42500305175781,6.444499969482422,4.209400177001953,323.04998779296875,730.75,625.0,231.22500610351562,2.757999897003174,146.0,1302.199951171875,1651.9000244140625,3.2846999168395996,14.430000305175781,58.814998626708984,445.75,68.3499984741211,314.1000061035156,312.0,13.765000343322754,1177.25,663.5
2026-07-31,90.12000274658203,5397.0,84.66999816894531,80.5,4049.10009765625,348.0249938964844,98.8499984741211,6.435999870300293,4.121500015258789,332.1000061035156,707.5,614.0,231.75,2.746999979019165,154.9499969482422,1275.5999755859375,1650.300048828125,3.22160005569458,14.65999984741211,57.590999603271484,440.75,67.12000274658203,312.20001220703125,310.25,13.960000038146973,1172.0,639.25
2026-08-03,83.7699966430664,5939.0,80.33999633789062,81.3499984741211,4033.699951171875,347.82501220703125,97.5250015258789,6.513999938964844,3.87719988822937,319.5,717.25,601.0,231.10000610351562,2.7809998989105225,158.35000610351562,1250.9000244140625,1618.0,2.9667000770568848,15.010000228881836,57.66699981689453,449.25,68.69000244140625,313.3999938964844,316.0,14.175000190734863,1168.75,651.0
2026-08-04,79.36000061035156,5924.0,75.7699966430664,81.12999725341797,4095.39990234375,351.20001220703125,97.8499984741211,6.618500232696533,3.7704999446868896,324.1000061035156,707.0,586.5,231.9499969482422,2.681999921798706,159.6999969482422,1355.300048828125,1747.300048828125,2.8522000312805176,15.039999961853027,60.055999755859375,442.25,68.18000030517578,310.6000061035156,312.5,13.96500015258789,1155.0,638.5
2026-08-05,79.44999694824219,5882.0,75.22000122070312,81.83999633789062,4245.7998046875,353.32501220703125,96.5999984741211,6.703000068664551,3.7962000370025635,326.8999938964844,713.5,579.5,234.1750030517578,2.687999963760376,157.6999969482422,1364.699951171875,1737.4000244140625,2.8387999534606934,15.149999618530273,62.0989990234375,436.75,67.75,309.29998779296875,316.5,14.055000305175781,1151.5,642.25
2026-08-06,82.48999786376953,5776.0,77.29000091552734,81.95999908447266,4242.0,348.04998779296875,95.5,6.686999797821045,3.881999969482422,321.6499938964844,699.75,578.0,231.22500610351562,2.640000104904175,151.39999389648438,1372.9000244140625,1729.0,2.938499927520752,15.569999694824219,61.43899917602539,439.0,67.69999694824219,310.70001220703125,309.75,14.1850004196167,1157.25,631.25
2026-08-07,83.55000305175781,5782.0,78.18000030517578,83.22000122070312,4340.7001953125,351.6499938964844,95.5,6.570499897003174,3.902400016784668,335.54998779296875,714.0,579.0,231.6999969482422,2.6619999408721924,142.5500030517578,1374.0999755859375,1750.0999755859375,2.985300064086914,16.450000762939453,63.332000732421875,439.0,68.16000366210938,308.1000061035156,310.75,14.229999542236328,1156.5,639.75
2026-08-10,87.72000122070312,5821.0,82.12999725341797,82.72000122070312,4361.7998046875,350.75,95.69999694824219,6.5945000648498535,4.189799785614014,332.29998779296875,713.5,579.5,233.27499389648438,2.7939999103546143,141.85000610351562,1377.199951171875,1744.5,3.1354000568389893,16.469999313354492,65.10600280761719,438.25,69.45999908447266,303.70001220703125,324.0,14.024999618530273,1157.75,640.5
2026-08-11,88.91000366210938,5543.0,83.19999694824219,83.08999633789062,4383.0,350.17498779296875,95.875,6.611999988555908,4.252500057220459,335.75,699.25,581.0,232.75,2.7669999599456787,139.1999969482422,1366.0999755859375,1745.800048828125,3.1366000175476074,16.729999542236328,64.76899719238281,436.75,68.44999694824219,303.3999938964844,322.75,13.920000076293945,1147.5,630.25
2026-08-12,88.9800033569336,5619.0,83.2699966430664,83.20999908447266,4408.89990234375,346.3500061035156,95.67500305175781,6.5970001220703125,4.303999900817871,340.1000061035156,720.75,575.5,230.5749969482422,2.803999900817871,138.25,1370.199951171875,1761.0999755859375,3.153700113296509,16.420000076293945,65.55500030517578,457.0,68.95999908447266,311.0,323.25,13.914999961853027,1164.75,652.75
2026-08-13,87.06999969482422,5648.0,81.25,82.36000061035156,4363.60009765625,342.82501220703125,95.4749984741211,6.59250020980835,4.2505998611450195,333.1000061035156,720.5,569.0,226.22500610351562,2.7269999980926514,139.5500030517578,1322.5999755859375,1725.199951171875,3.128000020980835,16.81999969482422,64.87300109863281,448.0,68.66999816894531,309.8999938964844,316.5,14.194999694824219,1168.25,652.75
2026-08-14,88.5199966430664,5734.0,82.4000015258789,83.5999984741211,4380.39990234375,340.82501220703125,95.4000015258789,6.5995001792907715,4.282899856567383,338.1000061035156,754.25,568.0,223.625,2.7330000400543213,145.0500030517578,1322.5,1750.0,3.1840999126434326,16.600000381469727,64.98799896240234,459.0,69.05000305175781,308.70001220703125,323.75,13.979999542236328,1173.75,674.75
2026-08-17,88.6500015258789,5982.0,82.3499984741211,84.83999633789062,4452.2998046875,,,6.6529998779296875,4.1905999183654785,318.04998779296875,762.75,,,2.6659998893737793,142.9499969482422,1326.5,1769.0,2.8987998962402344,16.65999984741211,65.83999633789062,485.75,69.63999938964844,317.70001220703125,346.0,,1198.75,684.5
