,BTC,ETH,BNB,XRP,SOL,TRX,FIGR_HELOC,ZEC,HYPE,DOGE,XMR,LINK,WBT,ADA,LEO,RAIN,NEAR,XLM,BCH,LTC,CC,AVAX,UNI,SUI,BTW,GRAM,HBAR,QNT,SHIB,TAO,USDG,CRO,ENA,AAVE,OKB,PUMP,RLUSD,ONDO,USYC,USDY,M,DOT,WLD,ASTER,MNT,WLFI,USDF,SKY,ICP,PEPE,MORPHO,EURSAFO,U,HTX,BGB,BFUSD,ETC,USDGO,ARB,JUP,JST,KAS,GT,VVV,POL,KCS,ALGO,ATOM,RENDER,BCAP,FIL,PI,LIT,AERO,NEXO,NIGHT,CAKE,OUSD,USTB,ZRO,STABLE,STX,INJ,APT,GHO,XDC,VET,DASH,ETHFI,EUTBL,RAY,BDX,AKE,PYTH,FLR,币安人生,JAAA,CRV,DRV,USD0
2026-04-21,,,,,,,,,,,,,,,,,,,,,,,,,,,,,,,,,,,,,,,,,,,,,,,,,,,,,,,,,,,,,,,,,,,,,,,,,,0.3840062390441442,,,1.5309914017607955,,,,,,,,,,0.007096775190535,34.22968375333724,,,,,,,,,,,,
2026-04-22,,,,,,,,,,,,,,,,,,,,,,,,,,,,,,,,,,,,,,,,,,,,,,,,,,,,,,,,,,,,,,,,,,,,,,,,,,0.3806053212704802,,,1.5372769478691042,,,,,,,,,,0.0071568844926281,36.680019138947806,,,,,,,,,,,,
2026-04-23,,,,,,,,,,,,,,,,,,,,,,,,,,,,,,,,,,,,,,,,,,,,,,,,,,,,,,,,,,,,,,,,,,,,,,,,,,0.424677359441293,,,1.519289337095452,,,,,,3.2882457840768327,,,,0.0071422485850395,35.390901836604776,,,,,,,,,,,,
2026-04-24,,,,,,,,,,,,,,,,,,,,,,,,,,,,,,,,,,,,,,,,,,,,,,,,,,,,,,,,,,,,,,,,,,,,,,,,,,0.4350222026675107,,,1.510450555077158,,,,,,3.3828747865245994,,,,0.0072480263183978,36.52047414314488,,,,,,,,,,,,
2026-04-25,,,,,,,,,,,,,,,,,,,,,,,,,,,,,,,,,,,,,,,,,,,,,,,,,,,,,,,,,,,,,,,,,,,,,,,,,,0.4238543085627973,,,1.502721499814586,,,,,,3.4304409021000914,,,,0.0072736453078074,36.54513531097196,,,,,,,,,,,,
2026-04-26,,,,,,,,,,,,,,,,,,,,,,,,,,,,,,,,,,,,,,,,,,,,,,,,,,,,,,,,,,,,,,,,,,,,,,,,,,0.4243514378200833,,,1.5014334958888889,,,,,,3.54798370246186,,,,0.0073737025173993,36.14302715724877,,,,,,,,,,,,
2026-04-27,,,,,,,,,,,,,,,,,,,,,,,,,,,,,,,,,,,,,,,,,,,,,,,,,,,,,,,,,,,,,,,,,,,,,,,,,,0.4620387354353052,,,1.5302092263987486,,,,,,3.7427051407487695,,,,0.0073690981075096,36.26470656851923,,,,,,,,,,,,
2026-04-28,,,,,,,,,,,,,,,,,,,,,,,,,,,,,,,,,,,,,,,,,,,,,,,,,,,,,,,,,,,,,,,,,,,,,,,,,,0.45920227479264,,,1.5078708471821187,,,,,,3.586635659481772,,,,0.0072322766086011,35.51474053125718,,,,,,,,,,,,
2026-04-29,76331.86443470464,2292.7658741534183,624.401752594144,1.3830126883729867,84.04602358960982,0.3230866118973128,1.040656229103013,335.929240781846,40.15975321669774,0.0993376169954209,377.8492799111737,9.241565917220926,53.901225599768274,0.2468182834190765,10.476757151764732,0.0074537126619638,1.3472791417042964,0.1619153765560252,453.96272140599285,55.698878264402325,0.1490131999156929,9.172744111474485,3.241828948149037,0.9255642215457744,,1.3027250507727717,0.0889513538411756,69.1742897472103,6.136698740893795e-06,258.27606831849704,0.999772943470694,0.0691148346092493,0.1061923983657784,96.49004962048772,82.75505814477337,0.0019002179556179,0.9998864810233686,0.2645912360245475,1.122599278330211,1.1330796064047752,3.409175517182497,1.2292546323551208,0.2490441231121221,0.6519480080760466,0.6305228368812545,0.0737847100364643,0.9967954150355848,0.0861433743440963,2.397783169346791,3.881175740823285e-06,1.9595417559877315,1.17244514,0.9997958648245172,1.831771488047862e-06,1.959465934103904,0.999192915828059,8.404481992622717,0.999850318601,0.1237171110715454,0.1887822915553756,0.0847337891954039,0.0327912820468238,7.284218388597626,8.886792787928101,0.0919742017162298,8.45383704386787,0.1119949514788204,1.9536396702647767,1.7458729605327403,105.75,0.9186034009533852,0.1948815454388011,0.8963272082963331,0.4593231625620093,0.8892761049894523,,1.5020540630607304,,11.064665,,0.0365227105867897,,3.569708553282969,,0.999119708871728,0.0297619041671927,0.0071448039639245,34.83152684688793,,1.231152128163185,,0.0860570148343998,,,,,,,,
2026-04-30,75784.95743624517,2253.620049292702,617.1644396854956,1.3706147124320556,83.03560020545386,0.3230656334014304,1.0343822314020965,327.2711792293861,39.95048948285373,0.1041077731249249,376.1621555520116,9.111840909839144,53.85291440993714,0.2446028194869504,10.247610527925046,0.0078165813705211,1.3271960114836543,0.164745597624916,447.8326085560188,55.30424652367327,0.1512933174107234,9.119429079795776,3.191715189631525,0.9072258869770516,,1.3205261347604769,0.0886663244975252,69.3958374354969,6.15873198783507e-06,253.9389918075199,0.9998368496515434,0.0684334083759804,0.1039100987844433,93.28657439478684,82.48194599863002,0.0017438060263082,0.9999322680511944,0.263747368095572,1.1224712721487753,1.130525546858957,3.404765030921657,1.211510218973514,0.2457767541245258,0.6610621902559222,0.6245192548107692,0.0632273608101779,0.9967752027359978,0.0816109350878881,2.3815860275861347,3.853743550809333e-06,1.962845111500754,1.1771822,0.9998184802154744,1.8202247187609965e-06,1.9780822232199933,0.9991181966938876,8.340868969436684,0.9998212743154946,0.1246174147345359,0.182201994556848,0.0866945041933105,0.0325374100529142,7.225092278710151,8.750594353404132,0.0929620076771589,8.402412992389937,0.1103884359440899,1.9276568783732035,1.7158321344747989,105.75,0.91533229386535,0.1902807378215081,0.9484508076403938,0.4730410771444974,0.8843529817110399,,1.475425045421805,,11.065664,,0.0327715965341169,,3.47313894745358,,0.9992144474710752,0.0293023256325247,0.0069959264696357,34.53131481699116,0.4125637050722557,1.2277249819762026,,0.0853893844225704,,,,,,,,
2026-05-01,76296.7964844269,2256.9491123703424,615.1315444489046,1.3686295149928924,83.03995075848528,0.3266063272441348,1.0319200571071636,350.46215596891324,39.69064729566424,0.1065089064636547,379.4992991068209,9.10124166108337,57.17627970868855,0.246195391023833,10.258886590877385,0.0078348579547479,1.296511817610316,0.1584515737795581,441.9764017454791,55.160340634407575,0.1502733940802914,9.089914050254173,3.184992417601737,0.9081819084506138,,1.334745727010102,0.0873456234551532,68.9138655322258,6.224693460303535e-06,248.90728474852347,0.9997189507382356,0.0684756352527567,0.1026989296517512,92.82650504463282,82.42063764004786,0.001774822240791,0.9998258157704212,0.2628639846378069,,1.1328559738281323,3.161347209887118,1.2044564633310872,0.2402221095601765,0.6522895081943141,0.6276210896043569,0.0608365418613116,0.9966043233056175,0.0796206101196668,2.3755964634870925,3.873596767385635e-06,2.000410577385159,1.177016536,0.9997005393545292,1.824950233181406e-06,1.9915280290363684,0.9987983257754972,8.345307113686673,0.9997848607656326,0.1228789246003547,0.1799490567659797,0.0888996768593409,0.0324852194900537,7.232486465386616,8.533838661899859,0.095198265440982,8.447456250521428,0.1102704066288301,1.887625080862625,1.6753783070167214,105.75,0.9223828553995944,0.1776220036430167,0.8843067844278182,0.4494182648224896,0.894679813464818,,1.4474749358517616,,11.066706,,0.0331585833627657,,3.423668271483685,,0.999278134858698,0.0297029332123887,0.0069888553620606,35.41113432722254,0.4101656489186965,1.2327570937064871,,0.085319052219794,,,,,,,,
2026-05-02,78207.76425489692,2295.583440883838,615.4081816789101,1.387111151936983,83.74516060974149,0.3269159303603829,1.035030793459208,384.8989994397008,41.137284773325376,0.1084773128724048,379.47759162705927,9.094446430789157,58.33977542240092,0.2482638904078277,10.22971442334484,0.0078453552771675,1.288492926105208,0.1595788278406179,450.8351983139736,55.38556900116923,0.1497072523618263,9.086171701251128,3.2040175730190814,0.9189242594193257,0.0169398687981751,1.3203199838301758,0.0881559729214853,68.77703818244802,6.273260516054838e-06,270.74385821844953,0.99991518050174,0.0686804604734727,0.1020097080483727,92.05633560918112,83.15452460733864,0.001813738937908,0.9999488718493325,0.2680346472472632,,1.1267262864836325,2.976858376265483,1.2037351011471755,0.2322044303015213,0.6557662268291854,0.6302684851403533,0.0545964286619903,0.9964901659949632,0.0807995162461272,2.3435687101734457,3.93667082117929e-06,1.9674100131511405,1.177016536,0.9997470685570118,1.8353417465082808e-06,2.0110643255661937,0.999296090466342,8.407995558210885,1.0000050932916822,0.1228297984621631,0.1788189366907143,0.0858029097147264,0.032626508460806,7.239510951264627,9.27954509756839,0.0956107181309412,8.34916016085981,0.1087504481498275,1.8972726354503044,1.702259059775848,105.75,0.9188609377314516,0.1818572970279771,0.9025916318361782,0.4506294429028262,0.9056628809893044,,1.4519515937776046,,11.067755,,0.0335025348020685,,3.64358769396582,,0.9997221685537014,0.0293690491312701,0.0071640606419591,37.65913832717932,0.4095744696915463,1.2322974112305478,,0.0859240891700754,,,,,,,,
2026-05-03,78677.4246327222,2322.287161264127,618.0360989955103,1.3943322006711885,84.2627584319434,0.3299599334741449,,387.7180626065733,41.259744601390416,0.1084968617609307,383.00164583427966,9.173304049094677,58.63445449387162,0.2501632662187493,10.241205398767717,0.007653227858105,1.2982721995985946,0.1599103072887847,446.0358908084614,55.36395334054325,0.1481102725013578,9.181771808315649,3.253757230338984,0.9275770139450942,0.0169512566909241,1.3431219362614968,0.0885846296758677,68.68073702362139,6.276061164075317e-06,286.8005641333356,0.9998933961312526,0.0683876971560401,0.1025789933729835,93.25203411407958,85.227278093696,0.0018183639029802,0.9998351568448256,0.283581816504682,,1.1321724305938667,2.970817157578877,1.226926772477519,0.2401426069499329,0.6812655209898116,0.6297770784869178,0.0555780122343143,0.9965307179299472,0.0807904239308495,2.3662140174149333,3.99169556802573e-06,1.975792049858825,1.176933721,0.9999469315444592,1.8474835351787305e-06,2.0140967936505074,0.9993591452015902,8.523018429805012,1.0001414678105192,0.1217744152477066,0.1805677840142258,0.0840164433389525,0.0331992767877103,7.245069418924722,9.31415253885103,0.0973939026937117,8.37767549576305,0.1130011056320755,1.883448134859636,1.7832313139738143,105.75,0.931809032113675,0.1788187068617469,0.908495634352224,0.4540261069752544,0.9108047455681068,,1.466347615309581,,11.067755,,0.0333620543694238,,3.801005833083506,,0.9995758554862386,0.0292451387652269,0.0072133943856029,37.09788770861538,0.4174157122960285,1.2325503387190602,,0.0860597392795388,,,,,,,,
2026-05-04,78512.09246456268,2322.5878639164766,617.0592341065477,1.388725666103684,83.84166473387728,0.3382174852055166,1.038181654930934,412.9273993810469,41.50565278757201,0.1081460758064979,391.75232063152566,9.122322434969949,58.61228144872585,0.2494502850782546,10.324595576467177,0.0074977328439538,1.2749393974520355,0.1579261861733474,443.86104970677184,55.23477622934384,0.1478918958044046,9.077499687051846,3.232323471985247,0.9199101766494372,0.0168911538494453,1.3528688742421626,0.0877184401231644,68.19358854955176,6.16635863634107e-06,289.3087207833422,0.9998739808463412,0.0680486158627125,0.1004554228628101,92.3563875990522,85.46508708161558,0.0017993352254838,0.9997865817436036,0.2871161904494709,,1.131030487590035,2.9794963427208407,1.2094392769591862,0.2336066332542831,0.6681032864676478,0.6320567907952376,0.0582526923755253,0.9970023760825342,0.0798052866823025,2.3406051574786884,3.941275367992178e-06,1.927472437913372,1.173522431,0.9997929169213372,1.906943203202351e-06,2.0022147551200824,0.9991879604751488,8.47719691893502,0.9999240928752168,0.1166238225337156,0.1772984580986141,0.084541011092955,0.0336161323250636,7.301440518586336,9.532188141541562,0.095516981563657,8.394465626979995,0.1133255448670435,1.8749283314804976,1.8278584884866047,105.75,0.9224724903336828,0.176417727324975,0.9227326163352538,0.4501303547758131,0.8994270240056913,,1.4912936674956558,,11.067755,,0.0329611694968473,,3.732865822209616,,0.9997490301297776,0.0290850337180354,0.0072069373981649,39.17339071341788,0.4134781139295509,1.2323768915407205,,0.0856798073604029,,,,,,,,
2026-05-05,79825.8751129579,2346.17130289452,622.5454199421628,1.3924135298140945,84.08449536741543,0.3408626397772563,1.0296180555394825,423.1110055410888,41.792425667415934,0.1100655278510081,406.3585535635455,9.35316461378831,59.38131397957424,0.2499104119965813,10.05740414329569,0.0074635565311052,1.2623301871847734,0.1575663808916949,444.1531002934248,54.958428701762784,0.1480331436373453,9.17327274947631,3.272444097603909,0.9289294208854422,0.0169570918319656,1.6528395412986006,0.08773194204188,67.31849699761652,6.192854885781738e-06,284.88159777593324,0.9998888783401216,0.0686009646896928,0.1003406756874702,92.25105256208911,85.09070161266482,0.001823293717735,0.9998052433746956,0.3154786032758815,,1.1333420632106004,2.71706595152737,1.2286422329360298,0.2344945656340836,0.6703320109107671,0.638883761584923,0.063776877106054,0.9971665986468796,0.080456497661232,2.362092011050322,3.985654140502454e-06,2.005344624308892,1.175985004,1.000004411321611,1.919339829927052e-06,2.0522296335447487,0.9992841852552384,8.685468015473026,0.9999287180451046,0.1156036418978767,0.178220582241243,0.0850668198336635,0.0333887020686196,7.343735349429778,9.179756634635078,0.0974531693719656,8.442299387718167,0.1117328737067725,1.8883775259507067,1.820180869076135,105.77,0.934702819227142,0.1814636936831369,0.9053859909132602,0.4457256540385375,0.902799809460022,,1.4992510871956155,,11.068806,,0.0336781121186844,,3.679547210938684,,0.99957050209927,0.0291747942685756,0.0071620223849734,47.6400631450466,0.422441123512955,1.228825776309282,,0.0859731540453534,,,,,,,,
2026-05-06,80913.9613749304,2360.64436628598,630.5197614089996,1.4135034968103786,86.30486668344513,0.3446890185335394,1.0336388352580164,516.8631045193268,43.72390932645901,0.1148617838488963,412.01182674810826,9.76586886178479,59.78408541616193,0.2621021097718328,10.217867556428914,0.0073619405356522,1.2966351575145465,0.1598290551864698,461.26950088591,56.366619261642704,0.1473988201334246,9.40415091977286,3.359021241878371,0.9667880243053824,0.0150728431572586,1.953028482679171,0.0903190846148672,68.82862219228501,6.346020168092951e-06,292.44950651813866,0.9998826353840138,0.0699517782371734,0.1096580457863022,93.50505019558086,85.87855683897907,0.0018554818886544,0.9998523830692062,0.3216052651442534,,1.1315965639358672,3.500797103897817,1.279205375096482,0.2432657876102809,0.6745860885844137,0.6455440043167486,0.0651718116234409,0.997562343885627,0.0794722821852109,2.653424421802634,4.1149288335000765e-06,2.220837278992317,1.179232893,0.999867871519658,1.940052182604261e-06,2.0608193481910626,0.9994599230027637,9.021515739322766,0.999773566627533,0.1192406136285311,0.191601674199564,0.0851672042551149,0.0344360694343036,7.371321484780976,10.27838762939712,0.0980644601575268,8.481135808018578,0.1199137404440579,1.8833457865077765,1.8936295229349944,105.77,0.9742003230870344,0.1839019078842819,0.965900175754574,0.4687787780700073,0.9046763621344024,,1.5081968117793656,,11.071911,,0.0336950037275191,,3.755699773127684,,0.9996944438650563,0.0290635000536359,0.007516446128958,49.0450984409522,0.4258777286997904,1.2314681594931014,,0.0864012158634911,,,,,,,,
2026-05-07,81436.85936825167,2351.013748416124,647.917102652703,1.4294969503913495,89.16544229478262,0.3462086046985346,1.0198924986916087,554.642508441284,43.10926031612621,0.1124804939104904,414.7942625242572,9.996350244711056,59.55871704099144,0.2671063188912635,10.227198976962292,0.0071968091344846,1.491332805005534,0.1617764091418167,465.8996204204394,56.73804201231766,0.1469617755257641,9.612083715060738,3.476148674972292,0.9937096877038548,0.014641332640898,2.447924265839122,0.0914613464687054,70.56037787210983,6.416092496292388e-06,309.1665381535731,0.9999183063776462,0.0710573647026227,0.1209789803583695,94.30724203315631,87.14607080603116,0.0019485964744106,0.9999175129120984,0.3242517563784458,,1.0929087346918125,3.77317938052883,1.3193124066458914,0.2549836744623029,0.680044921890117,0.6678581532334104,0.06712692410932,0.998424582543314,0.0800993336995029,3.199010977445057,4.163962949374456e-06,2.244636260781015,1.17792351,0.9998255122145536,1.956757035573079e-06,2.183003337101358,0.9993258373061686,9.396237400327523,1.0016185014190304,0.1273404925247808,0.1985672315237312,0.0805872733288432,0.0365580422823969,7.485477828225353,12.291101379652575,0.0991848309573213,8.438848115545717,0.1199241577102198,1.902630618300028,1.9623838735660488,105.77,1.117074447733853,0.1788942857699645,0.9550777684065094,0.4631887907169002,0.9028995219860388,,1.5696616837689594,,11.072958,,0.0334737875746374,,3.8988784395872216,,0.9995898126487308,0.0295560607780273,0.0077198020653564,51.53321427785819,0.4375861621918368,1.2347779405390231,,0.0861360280398179,,,,,,,,
2026-05-08,80024.90767231231,2291.302591374564,637.1023815023726,1.3919587883116804,88.43226804224953,0.3489678068232581,1.0028799898022835,574.5925164534581,42.52052012074771,0.107862101034748,399.634612678528,9.852846845218018,58.91760164932487,0.2628110031011688,10.29381312745054,0.0074492950894388,1.4697265609718655,0.1582509838557795,450.5590631732296,56.43467553942413,0.1454167198103141,9.502110855753472,3.434691868751921,0.9689163410947562,0.0135688133918319,2.7173190878883173,0.0901148453708472,72.2068204136031,6.276085255182981e-06,302.262359684843,0.999974009190516,0.0695002450968679,0.1197236576484788,92.43822503433576,85.69669664965821,0.0020159233983835,1.0000585491812766,0.3535346945614979,,1.1315420509125118,3.8249082766256017,1.3102011612079008,0.2499143211972239,0.6616449501729565,0.6617391039018248,0.0740922085423236,0.99820677706562,0.0801974639555945,3.0612384708567824,4.158028249797783e-06,2.097894277275038,1.184175021,0.9997784053222204,1.961555620198948e-06,2.119730664061281,0.9992786435493204,9.223982908126311,1.0003550332697002,0.1256757720003542,0.2060347888302858,0.0861400403706792,0.0353677303953874,7.308103839384202,12.36235959262974,0.0986909001186645,8.191076394823702,0.1284919206709021,1.88605766380244,1.9479449087852283,105.77,1.0978756641933545,0.1763724111173704,0.9892148145368664,0.4482417980596734,0.8943459887757428,,1.5126086317593004,,11.074009,,0.0326734249171552,,3.844510533858416,,0.9998645091258426,0.0293435173026998,0.0076260575999148,52.11805780328011,0.4272959453689819,1.2332556412761828,,0.0855364488420759,,,,,,,,
2026-05-09,80197.2669977041,2307.470372982362,649.2450974104772,1.420641611770628,92.0051901272934,0.3501997668886633,1.0282167519247514,612.6839493556095,43.25208354584788,0.1095382779014298,399.73683182866,10.348018412883096,59.11409207334281,0.2735234883130976,10.242795468644374,0.0075377128724136,1.5971815364950837,0.163598564455209,450.6043892186488,58.31874909209287,0.1469361677324183,9.907873302557489,3.710132145752459,1.0225544061985388,0.0140403944786805,2.5205364552726675,0.0927388283225211,73.33254088843519,6.457518516190319e-06,316.5978217903024,0.9999123956447936,0.0717873105665178,0.1316214219789066,95.83521361583637,87.66880196581248,0.0021581307701986,0.9999529144002398,0.4501320241776214,,1.131347275337364,3.5159640892546653,1.374933635482585,0.2709957752067429,0.6948729213413168,0.6851206562998601,0.0752796540817428,0.9983328976330575,0.081908500988356,3.616383478689504,4.317495687053255e-06,2.115525029570619,1.184175021,0.9998699839427072,1.963359922327649e-06,2.1485810347152343,0.9992733839733944,9.779970989557992,1.0001806088926917,0.1417618132599476,0.2443056759054507,0.0820821350694021,0.036466841421577,7.363291227016665,13.765937072787116,0.1018887742339045,8.384364762840733,0.1334867253432078,1.9513021002817883,2.0497638420389985,105.77,1.2843627465011,0.1722917851874439,1.0762540862321393,0.4547496441510253,0.9067507282474844,,1.5603291661066536,,11.07505,,0.0327675449117079,,4.227862018280333,,0.999839232642154,0.0310999951724685,0.0079610367762438,50.14944718297293,0.4523130972260933,1.2398715980197226,,0.0857150074843711,,,,,,,,
2026-05-10,80677.64981723971,2327.163947460216,649.7616812355201,1.4224308017553566,93.14241861919784,0.3501016979526081,1.000192101174296,594.6863276260751,42.93166673272532,0.1087602398806211,409.9538173044919,10.373815073700346,59.51648814663295,0.2709877651205547,10.26276491745496,0.0074318801141127,1.5681679227525271,0.1626047436480759,450.1498297876132,57.99236692964045,0.1569271987969511,9.96418234872936,3.8069030830273793,1.0717594793716774,0.0138668391343169,2.4361356039027484,0.0929313092554678,73.32290212928329,6.373532740830059e-06,307.7947448379357,0.9998794942667258,0.0708380710716303,0.130039344742719,95.75261036516471,87.9284727176066,0.0021414121498798,0.99991295869779,0.4196846718462373,,1.131649383557614,3.3985600367918978,1.3466061987825717,0.2678621376290104,0.6988135757375631,0.6831894986683172,0.0700395732589449,0.9983140034234312,0.0795851319576903,3.535564707137442,4.245566262076226e-06,2.1246630210219344,1.181666471,0.9997437451573432,1.9667827916520382e-06,2.118805135196097,0.9992977243189708,9.589572256027129,1.000146670125011,0.1417361688144597,0.2496912014086262,0.0836966560592923,0.0372587123508695,7.473352008242595,16.217052556431582,0.1011082750884977,8.426058177626853,0.1287817853326219,1.937857018122852,2.0033011641716665,105.77,1.2022128133745729,0.173568873964096,1.0532367538495786,0.5047097450114191,0.9142689607920264,,1.55404181216395,,11.07505,,0.0339511508067039,,4.211706744613628,,0.9995315918739216,0.0303808740408345,0.0075888182135482,49.07585223396794,0.4468904821008627,1.2394009553404284,,0.0858053429950093,,,,,,,,
2026-05-11,82018.3711243874,2369.9648714985337,663.4733750407737,1.4733272918435374,96.4109436575395,0.3506142180430359,1.0059941758105817,592.809644590012,42.96909151230364,0.1125431755668601,409.4459662209969,10.709799678393043,60.457090334066464,0.2824612540389613,10.055732935407493,0.007631091227574,1.5646267083770626,0.1695159431487689,463.7269187163567,60.37641717667138,0.1558751448359094,10.227742433192908,3.9928188573932872,1.331009106508275,0.0148006858292173,2.4787319363716027,0.0974325017005191,75.06044575378924,6.602807386012688e-06,320.12723005745795,0.9999246298671658,0.0756578695670221,0.1320153806389474,102.01348727922095,88.93924822972056,0.0021904095035164,1.0000838200436872,0.4249862666035665,,1.0688650013641623,3.30212960188409,1.3810852293970388,0.2813008584491105,0.7101994134949429,0.7135372588757283,0.0688714772428683,0.9988609289052413,0.0789004161270567,3.3683019194403663,4.408021078400034e-06,2.194671753750545,1.182850748,0.9997671905059038,1.9735755250980725e-06,2.159401107670012,0.9992655377461764,9.964404231633356,1.000320138637269,0.1430415625923496,0.265320488070413,0.0850340104838601,0.038600184549155,7.533889935687643,14.850754047640498,0.1044635285120887,8.571731870730382,0.1290645022379518,2.012102400076349,2.0146237362679624,105.77,1.1464172519116202,0.1751900095372823,1.0562766242224455,0.5286519149885468,0.9249111300118028,,1.6151338006656952,,11.07505,,0.0343414510791363,,4.281219218177784,,0.9997730331418876,0.0303601808972571,0.0079110416427186,47.61039237771128,0.4632245075436754,1.2373719363285964,,0.0862492102799332,,,,,1.033992,,,
2026-05-12,81627.56604995472,2338.59446825004,670.3091959569925,1.4759911514946882,97.25241253260012,0.3509862157534318,1.030082206598326,556.1287193183408,42.001703039320766,0.1111713605238758,416.2757334271281,10.581391803707886,60.049192095699766,0.2800116714130996,9.914073012495304,0.007519174533422,1.5465996037624108,0.1683934933730594,450.288483576718,58.49464725328072,0.1626887473243787,10.123764825931692,3.891913988613948,1.2890090571857,0.0169145111441024,2.4264931651380053,0.0968333815052207,72.96654740014961,6.590914245983392e-06,320.458340537571,0.9999398139451644,0.0772581222823221,0.1286906387591754,101.07583167772796,87.29714353815396,0.0020948618343111,1.0000093184181476,0.428221667967417,,1.1314548389270933,3.286497470532784,1.3616095358580342,0.2754100388241163,0.6897117254228501,0.69736449641849,0.0667777939030242,0.9989152316502222,0.0756105724183306,3.3179943517890416,4.336833816831585e-06,2.135067726096287,1.182807554441998,0.999922797675774,1.9634451094267646e-06,2.1415876508233693,0.9992235166173096,9.777433889101944,1.0002038048939212,0.1400804877231542,0.249451147808368,0.0876773857596787,0.0403987997330023,7.488754805706768,17.22922462712859,0.1030512218854221,8.568705902807181,0.1228864338369404,2.03715400247721,1.954629922212589,105.87,1.123728765093137,0.1720217899147108,0.9997692241389732,0.5257840155574476,0.9205585016691188,,1.5670327512302955,,11.076074,,0.0343003443180994,,4.606492694127335,,0.999438622633085,0.0321431959798781,0.0077470133434179,46.71526826793847,0.4537409631390919,1.2379689155775342,,0.0836812786911595,,,,,1.034301,,,
2026-05-13,80482.14377829393,2275.747322631228,664.8137077847776,1.435848793732548,94.2851237047102,0.3489670168770017,1.0376358774942973,570.8610726088147,40.238901943151184,0.110064475259923,411.30866379811806,10.280825651319542,58.97888739193057,0.2709546840157451,10.00810767647741,0.0075335286808735,1.6063693291955496,0.162295603933654,439.6200252376368,58.0410426942301,0.1525444247324245,9.833333955139024,3.763086847245087,1.236949787131047,0.0143176105358207,2.293970768211129,0.0937922636190658,73.58909549310873,6.411926557587918e-06,309.45635845196813,1.0009062378621791,0.0782742978301915,0.121648143014593,96.69117469110842,85.32905585852927,0.0019683812900183,1.0000065654546098,0.3890337175074292,,1.131449752837587,3.2431553658649777,1.3351129743172636,0.2639609490827971,0.6733110568967636,0.6678059888560935,0.0671296333779167,0.9992405267241576,0.0749760425844704,3.1838995937857257,4.143984647993973e-06,2.0344428535861776,1.1783946930216238,0.9999207012810896,1.967227050282831e-06,2.085618887570827,0.9991223659197632,9.395940883646174,0.9997967155250888,0.1357102787764975,0.2317099686713128,0.0901098408817686,0.0380690133064195,7.312330571248715,16.298981045674832,0.0986375955529207,8.365220276605843,0.1221985836199685,2.104840022246098,1.903988437654414,105.87,1.0928606075283256,0.1741418746131701,0.9260572053570384,0.4956781117502575,0.9150014130504402,,1.5431977048777128,,11.079099,,0.0402159874713424,,4.784860441178806,,0.99935595628713,0.0312605682326775,0.0074797131540035,46.3409333854389,0.4523562937891462,1.2338654315323043,,0.0838418557368121,,,,,1.034352,,,
2026-05-14,79288.8420865621,2258.4839088491867,671.3872863252919,1.42655925240605,91.1181109418428,0.3494534600968379,1.0442346197940136,524.3496893374387,38.81411106186638,0.1126329552554949,396.6745168088771,10.212934153069604,58.29536353149387,0.2647354640945617,10.054235736166191,0.0075039658797977,1.5739308163463694,0.1588933768524902,434.0643072232914,56.97910803862331,0.1552541198538792,9.75098127162209,3.622346931598473,1.2076680954903176,0.0142134373494636,2.1013897301768285,0.0933791695763188,73.76593252394271,6.275126951830416e-06,294.6912991926436,0.9996615715725538,0.0750520626889734,0.1166579634914234,96.38500926787653,84.668716607772,0.0018631016749029,0.9999986527582524,0.3850846158461801,,1.1307696514072734,3.2772216747808893,1.3280672060017882,0.2576034681242648,0.6725061533831354,0.6716883396641381,0.0674405647569692,0.9980596048130376,0.0723500734771692,3.035487113645867,4.053553949242022e-06,1.9793330895511363,1.1765900934835662,0.9997987472513802,1.9499904509795773e-06,2.0718849863838926,0.999200352011799,9.25398941639952,0.9996435990196948,0.1313292595203211,0.2224195792807106,0.0914466516201731,0.037181897648534,7.264382059748682,14.35727118954022,0.0961040483659097,8.310324273174471,0.1180077768618873,2.038809769150165,1.8716338344942496,105.87,1.047664724734046,0.1710071754208743,0.8964485357052979,0.4693554500570546,0.9021165296593135,,1.5248623262525258,,11.080151,,0.040103767366776,,5.139370136887092,,0.9990123001827008,0.031030615034007,0.007286142158765,43.797483812768206,0.4533022962577,1.2320168897188992,,0.0844759700168069,,,,,1.034402,,,
2026-05-15,81059.11595417073,2282.595746277603,678.0258415036767,1.4825648811639265,92.1198653434353,0.3535930225829942,1.0331196479455815,560.5629614310518,44.15871269977502,0.1153224975228201,395.7990270175824,10.474857729112845,59.456153160624325,0.2702007629807881,10.14878084986211,0.0075607787443634,1.5722092817824764,0.1620821415495548,434.8927129121201,58.17945444800428,0.1636357577785917,9.897620759813364,3.730793410587207,1.186744927051381,0.0158892732562812,2.1281744115142085,0.0948863712093265,78.27484080972236,6.359502978124282e-06,304.5321272129887,0.9995591516015796,0.0759080029606788,0.1206249091258079,98.28571595972836,85.05555396161077,0.0018856044348309,0.9998008566634684,0.3873592832538324,,1.1313655429141054,3.3530854714919376,1.3632365145900642,0.258041334846987,0.6842062981381797,0.6950987476132977,0.0689711526448115,0.9984819210480832,0.0726574989411207,2.801418303188107,4.086143805192868e-06,1.9526741786708632,1.1713178728545903,0.9997869708463424,1.967369522924862e-06,2.096275848850208,0.9995375403238854,9.472900298329794,0.9998080238527592,0.1305063219236692,0.2246335259161728,0.0905772266334184,0.0375857104760006,7.315321544645074,14.72403480895365,0.0945230768702685,8.379311793255257,0.1185933952743569,2.044957674482947,1.898949161388347,105.87,1.0530243508743344,0.1719056419799386,0.9146471778660884,0.4814505290162432,0.916973517134776,,1.528269948815608,,11.081207,,0.0408770003721534,,5.153616062166803,,0.9993909198286564,0.0337298062923159,0.0073398096675403,46.2932102167876,0.442923167861547,1.2263387635293284,,0.0834592818489125,,,,,1.034607,,,
2026-05-16,79068.6684041429,2223.9374886817177,672.1506658459626,1.4331104702954172,89.1991049638626,0.351996189036097,1.018429510430082,515.1260857309292,44.16443524550843,0.113281611894441,381.5848035355835,10.067310992048602,58.3393790895924,0.2615038970663565,10.134420017093356,0.0074762686925995,1.5447653533063714,0.1545608271594663,426.8698222905341,57.49115878789627,0.1577498414245362,9.53503001801426,3.5993672615034944,1.098896233656396,0.0151524777301547,1.951608860273064,0.092823189911172,78.60514091709756,6.122821729956119e-06,285.0573442564044,0.999632335086008,0.0728305862553258,0.1109437642380794,92.84403623961887,84.96661979802528,0.0017941189380053,0.9999645954465424,0.3628228054499097,,1.1300934252395824,3.245413485225344,1.316307752948045,0.2423915508620724,0.6694956172308957,0.6665127641712542,0.0658793465202359,0.9976342982884706,0.0710736597864037,2.6139644894830982,3.903784451502491e-06,1.835902615515784,1.167459321245932,0.9996634421031776,1.9578019456618087e-06,2.058451224487184,0.9988588235655484,9.231080302173922,0.9997503415696128,0.1239108831743279,0.2103639464547128,0.0911094866876491,0.0351336219144073,7.218084076926788,13.842089747788751,0.0909417592067801,8.217910886727894,0.1132374786318181,1.9279927661595704,1.882177109412672,105.87,1.0107233335721024,0.1673641605474116,0.8590480811082851,0.4469026299071663,0.8880026296943964,,1.494713746017635,,11.082248,,0.0352173462598601,,4.882732374562261,,0.9990613473731778,0.0328176256991483,0.0070270622028011,43.35727239888613,0.4089254976451979,1.222357043235704,,0.0837104147591734,,,,,1.034628,,,
2026-05-17,78132.7535126921,2180.0891100856325,656.0070996829677,1.4131582551338857,86.51689163386662,0.3550016502167436,1.0357730875904825,511.1989253955029,41.79891813331781,0.1093349318696681,388.4651746552465,9.714452836157015,57.50954946175551,0.2550705234407203,9.91590941606165,0.0074978632304549,1.4970690137379148,0.151736456464114,415.976852749253,56.14506029220405,0.1538402158441258,9.29048977341714,3.485711859282093,1.0608275577338229,0.0150337138481984,1.9078516561469447,0.0912140609044798,80.99625747715163,5.864234085931995e-06,273.5886704053658,0.9998074319258464,0.0708445563209099,0.1069339694963527,90.02138326952533,83.6527011998402,0.0017395290784791,1.0000256002047576,0.3441322336832529,,1.1313358922174093,3.149292344461357,1.2679722431294886,0.2368613621788425,0.6654717914712103,0.6432679026243464,0.0611253627106686,0.9978116913039528,0.0701796382966731,2.589779455319668,3.7613181205874216e-06,1.7766186172717988,1.1679113371400136,0.9997737729529712,1.964208771361e-06,2.010966507910753,0.9990766753819535,9.040377554844827,0.999794263111134,0.1185857542817346,0.1986808638254705,0.090859518490811,0.0341680769216803,7.157869954555322,13.114037358404175,0.0911251428132277,8.085566599859602,0.11024266874064,2.0420279058962745,1.827677231348252,105.87,0.9714326101370264,0.1602322794228469,0.8783809907401469,0.4158246667179565,0.8702386624855175,,1.4724076177784635,,11.082248,,0.0358153801027596,,4.731050684303491,,0.9990882061136566,0.0320402705069908,0.0068341836245569,41.24987193875798,0.3856742267925412,1.222830314382484,,0.0841263670026715,,,,,1.034628,,,
2026-05-18,77428.51866052429,2130.749230126177,649.0696709061414,1.4008124294376394,85.18280454864586,0.3553075442623103,1.0146593019664736,535.8361606318838,45.69156060916135,0.1088907320110392,389.58390454116767,9.561980858295048,57.04227172022236,0.2520509170719272,10.09057426245573,0.0074315375184594,1.5074093234302182,0.1492338183247238,405.7881569944876,54.58666899292204,0.1545105870733736,9.192308265876822,3.4696904462835527,1.0438210540545092,0.0152269174519498,1.918013009113516,0.0900482355402718,75.07947683530425,5.73429533983292e-06,263.1482789543583,0.9998054726153583,0.0696005342121218,0.1044313462329858,89.16389931325526,82.0240040204434,0.0017076231978153,1.0000104983780456,0.3457156004256684,1.1238891403980165,1.0983470766701582,3.168946051101487,1.2496722354047638,0.2327345865668137,0.6479477570577045,0.6356966376351462,0.0600301349935783,0.9981248312898328,0.0692829122852035,2.5417033486735177,3.673814964673224e-06,1.7414944630940858,1.1665211150492631,0.9999233669910418,1.9711593990826527e-06,1.9905344197588253,0.9989230606615256,8.86258826061153,0.999903392893085,0.1157238737474543,0.1941992761372774,0.0885087278658719,0.0339922632171404,7.13717332984797,14.02468440522308,0.0907846800703315,7.965615090986946,0.1077123414803592,2.0319354707372552,1.792225463850028,105.87,0.9415704326584002,0.1545528162641389,0.8630175588962412,0.4109508372529897,0.8648387707323638,,1.4422873573153416,,11.082248,,0.0350794776620401,,4.563047914928292,,0.9993145625047654,0.0303143828916181,0.0066630658796981,40.82493178893598,0.3773994649917278,1.2214725971315517,,0.0840471638226101,,,,,1.034628,,,
2026-05-19,76959.40571528324,2128.892762323981,643.0629817607845,1.389106938376565,85.31915788905131,0.3554383565492341,1.0370615715426887,563.1101757601147,47.71054448507347,0.1046781377426749,382.56223482495614,9.600275446913445,56.75160274972752,0.251490195543003,10.106091437342116,0.0074106564042486,1.6240136920332473,0.1470762588539976,378.358820632626,54.33283440451415,0.149234257647231,9.237803623756012,3.541313518676866,1.0633082793227686,0.0153198196551438,1.9960102121323973,0.0901132165729623,76.17310808166,5.748376452168106e-06,261.282665824043,0.9999696669062108,0.0699110381615345,0.1054232731270892,89.41020544575993,81.80030325452614,0.0017114282785005,1.0000720201023223,0.3862164401935661,,1.131199107098551,3.196755950332069,1.250576531765507,0.237960641332138,0.6550604092012312,0.6277946372341372,0.0619312904338729,0.997718789128375,0.0696778058844793,2.594941918631999,3.693186030751353e-06,1.7095185667868626,1.170783955394355,0.9997739304249148,1.9727095494811943e-06,1.9954268827120607,0.9987732785918616,8.923937512829127,0.9998239138867662,0.1164339181669729,0.1999896342938133,0.0895578638367711,0.0348479065784495,7.075102454577372,15.021612442092945,0.0908428779946855,8.020674955486882,0.1087378992068449,2.0737742083950303,1.8169626500110057,105.74,0.9591905544204398,0.1537626522895786,0.9524719725196148,0.4161565886824872,0.8748778750286836,,1.4193275090567663,,11.083297,,0.034832732673442,,5.143243420184946,,0.9987447316787323,0.0307670270742093,0.0067673079551955,42.74925942730143,0.3762599739204783,1.2259066898535589,,0.085087537717318,,,,,1.034926,,,
2026-05-20,76758.73155866472,2109.3421375885023,639.4078785765344,1.358688584281766,84.19081048342706,0.3559653880724728,1.0330834832595854,573.6006369077544,48.066764111021904,0.1028654121169803,398.1780880359212,9.43963980628694,56.559944642534894,0.2480629036215528,9.93073625407876,0.0074563776564913,1.6001123524066538,0.1433669256012583,370.2145679916688,54.42145370130135,0.1482763705249825,9.097492213918157,3.447678142264811,1.0507703177308871,0.0148465998421846,1.981303135926952,0.0884293735137198,73.40981185133197,5.678859193168403e-06,256.9239429017419,0.999827286376306,0.0683134804000352,0.1027667942532714,87.41356918858656,79.72587391932295,0.0016759299345234,0.9998393334612908,0.3680489062608916,,1.1311335493888943,3.55180270955384,1.2238247357769032,0.2351000434503534,0.649157613369718,0.6224812410112904,0.060034299765836,0.9977507169869668,0.0690439969453018,2.470733377337956,3.6401159040384576e-06,1.7793356339970172,1.1660321557739717,0.9997396783756214,1.967314461147492e-06,2.003387549896321,0.9985403420655442,8.958186801656929,0.9999808623957276,0.1124580241083057,0.1947426666743497,0.0916832255132701,0.0336758120051672,6.985987890718639,16.483487054018934,0.0893523821500875,7.888870167976858,0.1125503317720545,2.039533097220907,1.8178143466747576,105.74,0.9366879378584472,0.1488397123382756,1.1369081771119849,0.4046148233511941,0.8825534523119796,,1.3975936032375686,,11.086424,,0.0347863406107959,,4.918073907332226,,0.9984578543819336,0.0323531304294474,0.0065366975853881,42.156049902975504,0.3703278123399494,1.2208550575934705,,0.0815922028250395,,,,,1.034928,,,
2026-05-21,77470.39614899461,2127.468931683584,648.8135781157387,1.364914449532441,86.05865859618997,0.3589144977782063,1.0360858906361383,672.8192044654849,54.76276774575612,0.1035782122490934,404.0105793378124,9.624478487326543,57.08427119805824,0.2490407064407983,10.009061095035662,0.0074445610357095,1.7010617504668115,0.1436785742567504,373.3493113508263,53.91769469086008,0.1547319407811453,9.287258905495312,3.612577034934808,1.0779317579260186,0.0146986386612591,2.045335194152741,0.0887268880642169,74.19273612430867,5.772752735860076e-06,272.0676560061849,0.9996847101978144,0.0689470321514628,0.1056617443947076,87.97754572075615,80.87993601973743,0.0017417750739562,1.0001321960143816,0.4007242002805234,,1.131730629591499,3.061916499591888,1.247868506185135,0.244487291047113,0.6853688577894882,0.6647966836962999,0.0625726960711398,0.9977424917284552,0.0701853946802363,2.5343812158078327,3.712861400773154e-06,1.864039683652315,1.1679047134125216,0.9997356022653384,2.004456509176229e-06,2.0065588608013365,0.9985369574569072,8.98757371546479,0.999802280452954,0.1088538479436496,0.2123049411746719,0.0937183146969945,0.0348587980601701,7.053481945838612,15.9886004979127,0.0910359405411026,7.974219451376183,0.1175065089279044,1.9897146453968608,1.9040646129424013,105.74,0.9692547980305616,0.1511220539509797,1.273989625563482,0.4122145142173629,0.8897389840170657,,1.4599262076975956,,11.087491,,0.0338771322274658,,4.809061323861692,,0.99851085150605,0.0336453878015576,0.0066115157774053,50.66823958579228,0.3842295651032932,1.222880752972689,,0.0817035690694889,,,,,1.03499,,,
2026-05-22,77550.38308320483,2132.1443703600044,657.2580376188126,1.36936418176817,87.17389465455327,0.3649614467033907,1.0232347067643952,663.5789323084665,58.58925607158056,0.1054907694894211,392.3597366224242,9.739389065791988,57.12940034121529,0.2502410659145334,9.86753508891344,0.0075172054862474,1.923960046895172,0.146359651849628,380.402105060756,54.12004941103158,0.1570341330250369,9.44040006117922,3.6023833607293434,1.121836152551723,0.0139334222280951,2.0670977825682386,0.0897787737963877,73.4979747921428,5.83661493841065e-06,279.6238113229265,0.999963480274866,0.069621949816868,0.1066792240013325,88.01820196411589,80.76587814766717,0.0018135188638041,1.0001168217519636,0.4128483401815626,,1.1311165846092204,2.8905256881284145,1.289225008201656,0.2652921330608537,0.6933159723804301,0.6769713040723845,0.0624248941952987,0.99760380828967,0.0706003050084512,2.566188272161498,3.800655598435636e-06,1.9993487458187376,1.1672241074654468,1.0000412392692102,2.02856829130456e-06,1.9998165693526424,0.9986421145857232,8.96593643919169,0.9999095743157111,0.1115999622868082,0.2131820802320348,0.0911247156865291,0.0352502068415189,6.9991830097000935,17.885355436683337,0.0915355990566786,7.994002222137066,0.1147805842949328,2.049737094403848,1.933021989822075,105.74,1.0062161833620966,0.1525297140770641,1.4233756268446287,0.4632820367549757,0.8754959802616514,,1.451859645744186,,11.088505,,0.0339238852881237,,5.244410088618851,,0.9987732601129614,0.0344662334527958,0.0066926534365802,48.90759271391785,0.3870443234828642,1.221774034318314,,0.0814159239524876,,,,,1.035072,,,
2026-05-23,75478.38285862996,2064.039749218924,649.9691943034433,1.3323718289119872,84.31186681406471,0.3618946466044412,1.033430941579709,582.5786944969677,54.68289937385294,0.1022216945449564,380.5010241863418,9.411272216946342,55.55039593026437,0.2423481664540327,9.959527334318368,0.0073348567621781,2.101472599677753,0.143326795507182,361.17158982210975,52.63854308225364,0.1566544016749912,9.145216296406431,3.3988494378687903,1.045622915167553,0.0139855714871825,1.8340948839226967,0.0878198895250048,77.32274366545064,5.651210852166597e-06,265.01976108541083,0.9998916060975024,0.0677769699142614,0.0999924187345653,85.99917538917953,80.55024514976877,0.0017071651018724,1.000081748615793,0.3831471201683326,1.125404340499534,1.132372003782187,2.7568658184556805,1.2577320744015692,0.2692561629072225,0.6690934939077494,0.6361311955114947,0.0601806473233891,0.9973693391148292,0.0701897125967136,2.479946673134324,3.6024278578871384e-06,1.9442787885566075,1.166609785033862,0.9997842475495612,2.008588192004933e-06,1.97535779800064,0.998477093856228,8.772831630629625,0.9999497409266992,0.1078110656162305,0.1991352892373745,0.092985999975292,0.0337253006797062,7.0107380916518975,17.393534422127452,0.0903508799679585,7.8010314288704095,0.1116480148516212,2.067407529089146,1.847129050181417,105.74,0.9617482897936034,0.1495983781798266,1.189190099909107,0.4233883958777978,0.8676386642475651,,1.414912207249071,,11.08955,,0.0337365201354675,,5.176320393426248,,0.998915503339891,0.0320697490871657,0.0065098842678167,42.727795944306266,0.3637480502062808,1.22140072762056,,0.0822109036576518,,,,,1.035353,,,
2026-05-24,76684.37097078416,2116.4299126571727,655.7093484986534,1.354304495326544,85.6707931191255,0.3626477720972142,,630.4805751375868,58.66767246249683,0.1029475971315119,386.3337370379873,9.55147163893504,56.58720311735736,0.24583517559001,10.100827149972291,0.0075645305295187,2.452089791295446,0.1477903363494555,355.7551624978073,53.44590735800898,0.1611710270779043,9.385538758544715,3.4616335473817075,1.0648148127323576,0.0138396572643427,1.8194354809991544,0.0896082190645634,79.56681608946249,5.6640277254910775e-06,279.4101621715736,1.000191572699141,0.0693864395347658,0.1019253315027555,86.61130077997036,82.43726400095285,0.0017752718756779,1.0003461795904631,0.4245642706200681,,1.1315662349446252,2.8716555234669325,1.2936224436095742,0.2960636606173958,0.6819020574775583,0.6650327688911094,0.0617573791159522,0.9973876434112896,0.0701974788277342,2.6030649599380773,3.642515048500469e-06,2.0966949953802163,1.1661576379831324,1.0002580448471794,2.000012130512424e-06,1.971456069132538,0.9985506614663464,8.99126683617486,1.000237185321829,0.1084575862817806,0.2129741403372789,0.0921707392989929,0.0338031827581828,7.0179675480845845,18.413213643660264,0.091227827930343,8.052991363537174,0.1147067315731504,2.1082755179341173,1.9381829429859967,105.74,0.9812526894040868,0.1517965895670421,1.226743958409885,0.4494896386117625,0.8815091284526713,,1.4292027708232506,,11.08955,,0.0332055415732305,,5.337459141314896,,0.9986040933955418,0.0317992953924096,0.0067614316967385,45.98171424752368,0.3779188267032254,1.2209273450518234,,0.0830885211728121,,,,,1.035353,,,
2026-05-25,77016.06581859986,2097.658256801189,656.3216569268385,1.3489759781401205,85.22303380051963,0.3652836518428822,,662.8255472055216,62.79284355998922,0.1022137129919553,392.8855073255818,9.425019404408062,56.674499041563415,0.2421412215166872,10.022486984148204,0.0075897780199402,2.394019658285933,0.1473566658519489,347.22300726242617,52.738373418841206,0.1663258931938374,9.20326342439848,3.386698766684126,1.0308378964109577,0.0138111168904784,1.763859364035699,0.0883769169634945,80.04116471071394,5.576702267328557e-06,274.83782113754023,1.00025353566044,0.0689341315404229,0.0986839910209672,85.54168730486207,83.12844781265284,0.0017376308552909,1.0003875383982548,0.4378149966343965,,1.1316165716188062,2.8661741965299123,1.245464756669118,0.2902980956171089,0.7047591362589505,0.6516825911003998,0.0613082822985507,0.9973011948163064,0.0699575024733558,2.5569617701883365,3.57449940946505e-06,2.2441311489033926,1.1699453539189413,1.00028422378966,2.0129576944522128e-06,1.9805683854014968,0.9985451308935006,8.907255911261688,1.0002351489954402,0.1047092172638338,0.2009150588894885,0.0929600263110638,0.0333051082100149,6.999537338548513,19.056872259196208,0.0903830372137706,8.053520346459738,0.1116753235082081,2.051895841966745,2.017763180802492,105.74,0.9555825933640936,0.1489381220695229,1.2943423932257203,0.43718791816719,0.8573053283542283,,1.395373241962936,,11.08955,,0.0359964351621057,,5.136004854987762,0.9448296748324434,0.9987244938560093,0.0308503000907907,0.0066190034658014,45.872068899960986,0.368495494968131,1.2248929546835674,,0.0815408086223127,,,,,1.035353,,,
2026-05-26,77258.39912360838,2110.5929717502054,662.783618728823,1.347040252911395,84.97682971506052,0.3714448936848992,1.0162021164274668,651.6263495336702,61.12491261106536,0.1020347209773907,385.7067790127962,9.492603854943535,56.79535746969222,0.2433078930271899,9.982049390881995,0.0080463454301008,2.7599789485227064,0.1495502808308754,351.97840900793244,52.67078823839385,0.1662098925801017,9.298821180752354,3.3266252125463343,1.0410817423725174,0.0137169891595386,1.9357504215958723,0.0880126280590176,79.86192372791467,5.547713289430583e-06,279.718475730678,1.0000106540021654,0.0687498001006519,0.0999811530042383,86.33412838048407,83.17860818478204,0.0017870779078402,1.0001016046505449,0.4259036635945125,1.1240245977221524,1.1317847430900312,3.087304180511198,1.2606346154503736,0.3267975994651884,0.6910648101077848,0.6532080149222782,0.0610850830283164,0.997248016972836,0.0699306867352908,2.67001539752887,3.5923017640819872e-06,2.240395884439052,1.1694838133828918,0.9998896615896168,2.0231628008716533e-06,2.004422492257747,0.9985621184227848,8.933647161125306,0.9998187649751504,0.1071356020296643,0.2016526732683881,0.0930202554678442,0.0336597559232491,7.04194714971636,17.351762634869385,0.0927962348290901,8.054683082151602,0.1125511685633779,2.134956277595889,2.1805584856164035,105.74,0.9817825435794428,0.1481147475714535,1.3787081112688124,0.4355619767821162,0.8533235043012181,,1.4495500877829517,,11.08955,,0.0376403956928665,,5.662450202095227,0.9670664003708966,0.9986390650508236,0.0322285191908231,0.0066404075111811,44.801001889858576,0.3734515857352016,1.2242786646234118,,0.0843095646133541,,,,,1.035989,,,
2026-05-27,75851.10409561773,2072.3492159738144,655.7801317810654,1.3265991470275145,83.66751400447032,0.3750548775202502,1.027392329383042,569.7732071357525,59.489272401859616,0.1009405592420036,379.8308370439601,9.376687433174428,55.77681392433384,0.2398654647343008,10.002427362332195,0.0115685408251184,2.5506837206562967,0.1474405025713279,343.7625614094096,51.9050480228278,0.156854569968915,9.131080622562363,3.251165454551141,0.9998765328927628,0.0133372467658001,1.942059722975468,0.0864834859576351,75.33261269322023,5.517822392150053e-06,278.1730213511391,0.9999073252699986,0.0678808097766161,0.0967060081949454,85.74891717084883,90.2712207996675,0.001797139379741,1.0000559976623764,0.4042166659150735,,1.0935723264107062,2.9471530769024272,1.2493655651403683,0.3716456929536543,0.6827675043850305,0.6360784197192955,0.056506364284432,0.9964094199051242,0.0691912133130351,2.6497718443344005,3.50741937300104e-06,2.23563422489604,1.1694760629199257,0.9998171861402656,2.019012430613663e-06,2.029954423788124,0.9983682200616252,8.627840204827958,0.9999911762042988,0.1075226080978506,0.1976761885751374,0.0934776411684895,0.0326016762281066,6.988502283962374,16.74994325115914,0.0917111487927219,7.954310942419395,0.1084513664475179,2.2140036514268897,2.2895015759834654,107.16,1.0074021356697014,0.1432412973704858,1.1854681452912967,0.430350039742127,0.8325416316125863,,1.413308493084114,,11.090605,,0.0369327798394727,,5.672804296705046,0.9712450420085768,0.9982882615376656,0.0316553528975967,0.0063050387578204,43.52852874952265,0.3815975556851592,1.2243867075954935,,0.0795753226633234,,,,,1.035989,,,
2026-05-28,74339.61694703094,2022.465974317952,648.1022793623637,1.300564536154024,82.33204554881856,0.3676562136736335,1.0340426689639513,541.2592240295704,57.822454587110514,0.1003353420529568,392.7381667763076,9.124279445098834,54.57863601186342,0.2368989607337376,9.91723949354163,0.0145062913259635,2.4855067477145387,0.1636478532893745,334.8907556090347,51.90542240363062,0.1558075542213128,9.029727358063328,3.093252574948963,0.9573918371692712,0.0133856108496074,1.837913535267451,0.0855276649554321,72.42560936189534,5.4238740952640486e-06,266.599883552552,0.9998340595779832,0.0667545553774632,0.0931218219499636,83.22156312904774,87.36704214844771,0.0017900505270785,1.0000489718240415,0.3822418869204659,1.1238775808655643,1.0903401248032285,3.000475420804061,1.228957512079137,0.3376733945730016,0.6794750849551044,0.6262828268711375,0.0588668664897257,0.994319535549515,0.0658236156559363,2.830071239307604,3.465339516756988e-06,2.129086146895738,1.167684386138568,0.9995991676657684,1.924880807079153e-06,2.0089185991487346,0.9980132346434464,8.447985307750173,0.9997676676022456,0.1062085118419499,0.1891161886697902,0.095664805068076,0.0320054215174539,6.862191790191004,16.534690348628438,0.0899258793127321,7.872810313209443,0.1062788847106461,2.1280177459343417,2.129962391323123,107.16,1.028847865594409,0.1449712960578136,1.128875933189438,0.4163926386006903,0.8271389716744082,,1.3811949892559916,,11.094682,,0.0384417518418103,,5.474199533621988,0.9491676048331016,0.998365187220948,0.0313244112253231,0.0060850195744106,42.52304421948407,0.3866708314226561,1.222500662214725,,0.0793340921426001,,,,,1.036083,,,
2026-05-29,73651.64255141478,2008.1144631178963,637.590036018025,1.3143541072350675,82.0439463262634,0.3525365688178781,1.022143268692668,547.2575843809614,61.573356283283694,0.0994769877574554,354.0231035441756,8.994821419929538,53.81385767021934,0.2346584410451533,10.042505397141614,0.0142626424963991,2.418086598306617,0.2033376625660044,299.86173147347955,51.608194484860775,0.1547548071967092,8.919778368670212,3.0496933581172323,0.9287667954685396,0.0134404409902778,1.771822262564386,0.0908998849514688,71.49291535191942,5.366941030166797e-06,261.0348813352166,0.9996129584218044,0.0670643786083445,0.0882121593287804,80.74907030021203,88.55702105034891,0.0017037620785703,0.9999415708991553,0.368961539274203,1.1257062259628818,1.1327862653514251,2.981659553787422,1.212576333606478,0.2809385523674907,0.6753843903579442,0.6295879908515907,0.0583999041710069,0.99517683338171,0.0652370493936285,2.728960148054817,3.380616608263649e-06,2.0495997251976856,1.1712307138370972,0.9998710637278508,1.8634267074635297e-06,1.9895058823438927,0.998357279737312,8.242025417585285,1.000070818210665,0.1043100190976567,0.1756390491979382,0.0931224433991872,0.0311043095037801,6.817053139990125,16.172898407258486,0.0873622473087494,7.878316802202861,0.1155681870127259,2.059547541713324,1.9967394757236647,107.16,0.9593369474501348,0.1453350341960952,1.1733024105399943,0.4130662082650493,0.8297891165499093,,1.3476016943191975,,11.09573,,0.0372813415034824,,5.465596338915206,0.9402242193807208,0.9987199387072244,0.0320705021892005,0.0059711411794997,40.04618283976268,0.3933479544340779,1.226183387652894,,0.0771867572479202,,,,,1.036124,,,
2026-05-30,73500.91507629369,2012.5607890669653,642.4763985549286,1.3289137152633566,81.9770412126185,0.344005522370364,1.0351138372136492,529.3962430839224,64.40994819136316,0.0996221873750642,396.79362623343707,9.013663214513429,53.82098986193071,0.2327797135510945,9.99173149061217,0.0144732334348304,2.3778773918424463,0.2598315312639414,302.1597888710487,51.84778981290569,0.1548506733343293,8.820044757812111,3.017052443841905,0.9044914513603796,0.0132581749172496,1.7470390759801495,0.0993246287357722,71.37337810768584,5.417809141736748e-06,250.06691790358343,0.999680032395889,0.0680869309646288,0.0867295234073994,82.39308322530252,87.09045099793322,0.0017250833758891,0.9999775980352932,0.3533312533713228,1.1259234957828912,1.1321658822166376,2.9683004957332475,1.193498007887163,0.2897854202320076,0.6728530329701038,0.6428242922057567,0.0586686566832938,0.9949832038786888,0.0657714418835967,2.63480465987769,3.38346393470177e-06,2.0379390131211546,1.1724580703925247,0.9997778222690286,1.8155113987572583e-06,1.984350546174312,0.998430631244506,8.200455030238738,0.999977598035293,0.1031068052424187,0.1867762377704775,0.0961397463273289,0.0309700678194614,6.813093924970253,15.838641803061796,0.0898793613109898,7.922108011205584,0.1228557906389272,2.0134332296455755,1.9624390225470267,107.16,0.955801711116944,0.1430038837412298,1.2613185351427354,0.4152173977678198,0.837744186483095,,1.3528691617456268,,11.096759,,0.0387734300004644,,6.427052065648074,0.936726963309655,0.9986072110913528,0.0317188886604428,0.0058546348458284,39.36275265435972,0.3871637231288365,1.2274560935985697,,0.0779298606162053,,,,,1.036218,,,
2026-05-31,73820.30385315015,2021.665390940461,719.2839543502296,1.33979269803168,82.68649732797877,0.3477350084255553,1.0183257249042987,528.2022036147067,68.25018083090886,0.1005669086728194,370.2594543972337,9.189567233694111,53.88498867100785,0.2358150895118287,10.068716207512926,0.0143448349617963,2.252241708867869,0.229935853191367,303.37569032444185,52.39718404629932,0.1535542020934524,8.945149220921909,3.054861465927792,0.9091924388413146,0.0132386464784616,1.8179753337887543,0.0951383975781295,71.42947493340424,5.494782954748704e-06,254.91503723045383,1.0001547822692862,0.0678385551800598,0.0884409788805726,82.78232011642115,90.6399350298776,0.0017833610935475,1.0001860998476255,0.375232470000667,1.1259894330698694,1.1321464550758868,2.87497418407303,1.1894666917438874,0.3441622878808009,0.7505221771514392,0.6776713379114818,0.0591395306480571,0.9947921070990218,0.0642199669036357,2.6566053071306275,3.410918963036064e-06,2.184375365193481,1.17254285404374,0.9998864335838143,1.821159452634027e-06,2.16176396820952,0.9983124735409424,8.205482114256771,1.0001860998476255,0.10334032896931,0.1851273796935975,0.0967679112466913,0.0308390123293286,7.000892516776417,16.86404558612359,0.0899379596975702,7.939356882392895,0.1244187486369642,2.0183440071661454,2.1122075349790848,107.16,0.9741729659313132,0.1442722467233805,1.368854803641054,0.4190023967017035,0.8394968493368586,,1.4982921473841828,,11.096759,,0.0369397312378659,,6.596280619599098,0.9410523851087088,0.998599227434948,0.0336596685883099,0.0061068010806374,39.45232682808207,0.3796418471310936,1.2275448543073315,,0.080125626822975,,,,,1.036218,,,
2026-06-01,73598.6681238158,2005.0520566280848,709.7461276820151,1.3315091082438857,82.33762528669455,0.3510548714304727,1.018052661992451,569.4121120889725,72.03247602409266,0.1002889522380211,367.3468799670173,9.136118543478489,53.8554239761611,0.2354856614762192,10.02181786165492,0.0142910062978362,2.3211279138754355,0.2599507105115038,302.5864023891765,52.01915632772571,0.1560236748505768,8.970110196964207,3.021205970959714,0.8945939328797726,0.0126054966524151,1.8932940616564315,0.0964601515999351,71.9906717162161,5.515956021663788e-06,255.4299278075372,1.000420602028149,0.0673866069546004,0.0880980613575345,82.05125463592765,92.79377573073734,0.001795897327257,1.000298688406555,0.3637578281289568,1.1248387959076234,1.1341345724419465,2.975270861679458,1.186488339347342,0.3499862303403915,0.7257520398024042,0.6668924089470233,0.0593126804655681,0.995282767164582,0.0680067983405416,2.722694549026088,3.420716673324577e-06,2.1219239752154464,1.171189149768517,1.0000988684528178,1.848677180767819e-06,2.09897311814362,0.9985996694406424,8.176823188056053,1.0003985983834232,0.1034837595888154,0.1911254973719053,0.0934458156912479,0.0307266465109277,7.148472812497124,18.44239372618311,0.0928537120223862,7.836938585558346,0.1274848704954849,1.9556844494222985,2.0867105861512942,107.16,0.936268847198114,0.1486575615604318,1.3767355039125555,0.4124123947246453,0.8504023008713686,,1.482968440145893,,11.096759,,0.0379052132042037,,6.543281635818428,0.9452492257164676,0.9990781726740824,0.0337539910036357,0.0060845130933303,40.19094959662203,0.3754391036924677,1.226127650056269,,0.078996516156129,,,0.0077143052908725,,1.036218,,,
2026-06-02,71320.29306465392,2003.5794472377927,692.0622015739435,1.295466044055384,81.16096271852808,0.343290209972402,1.0429269684414142,543.6723869050899,73.49822934903929,0.1009401471338994,343.9162884628776,9.044415074705167,52.29845463475898,0.2308164004352525,10.017140028103396,0.0135143423016733,2.635684840552501,0.2426911045978041,293.38631766371344,50.72063343440835,0.1540098866637357,8.923083345477542,2.979920966273597,0.8783797499924955,0.0123342214303527,2.0931188140741104,0.0922143820069982,71.59460259230629,5.521511403366482e-06,252.50606654894665,0.9999014090607622,0.065570107040729,0.0886422173302141,80.19032053193925,89.29067856697446,0.0018323290180227,0.9999430318643552,0.3561205514863896,1.125576879575857,1.1324190793338682,3.2529736363195063,1.157918646967915,0.437456849382552,0.6903489045010854,0.63630433168614,0.0590595246409718,0.9958093222496924,0.0672658022375817,2.9506438887369386,3.412367349766831e-06,2.06842329449736,1.1698185435780486,0.999638905836353,1.827675214231928e-06,2.026542340864266,0.9981847171606404,8.082058639345265,1.0001383257533378,0.1022040404359943,0.2022875292223536,0.0952750737056516,0.0304250986758529,7.001094903764773,18.47557771114939,0.0939991861786251,7.835916470126722,0.1200185881865797,1.902563254603954,2.1206105109690334,107.16,0.9544558356156344,0.1451047352983341,1.3359735591102004,0.4030217912017035,0.8404189024903318,,1.438703768718138,,11.097672,,0.0390163174737206,,6.979326328372114,0.9409694979776704,0.9988866650101031,0.0327999628678885,0.0059564944692516,39.53228948936696,0.3855372987657601,1.224663878012881,,0.0793051220202947,,,0.0075371460685227,,1.036599,,,
2026-06-03,66727.26415497709,1858.3640479335943,650.2435799684146,1.2102231710312374,74.13901501343945,0.3323341852201307,1.0363305053413028,608.6416858212438,69.73337652088593,0.0926145965235376,325.7130348319617,8.364582826128089,48.58067345249023,0.2126555201410141,10.067007624662676,0.0138098487026305,2.6231349266747634,0.2221251203108328,268.7844345868179,46.87404535665991,0.1499413040140511,8.169560535784047,2.797365270340815,0.8069343864995067,0.0122967238115679,1.970239951662477,0.0868191080498922,74.44760702341283,5.1759692644619256e-06,225.65187535936,1.0000455702270807,0.062423910287381,0.0941568314605822,73.53517785086373,83.53104225521317,0.0016354866854166,1.000052846440798,0.3880054877552196,1.1249204688527117,1.1338179630414071,3.3652759192408044,1.077371791349629,0.3814833692251939,0.669526606530438,0.6059792381428128,0.0595044433334657,0.9948278187331896,0.0666095391467168,2.9970539452749323,3.110819511056383e-06,1.923307463537727,1.1685762436076244,0.99955341933011,1.7617870730793234e-06,1.9394066980126987,0.998137959502312,7.601044236703636,1.0000528464407976,0.0927565742358541,0.1937011725769895,0.0930643591289209,0.0285117425357269,6.779946910443394,18.441538640955567,0.0901020061388971,7.449366523193076,0.1122489536364008,1.818243401069727,2.035759323573607,107.16,0.8618724199761059,0.1382657496164734,1.6028608928078203,0.3724480025038162,0.7971139948287203,,1.3226616595544618,,11.098784,,0.0354618603392407,,6.582698928895392,0.8246613274496352,0.9985023396531024,0.0311762586964272,0.005522915084596,37.80245525155939,0.3350504397880858,1.2233403068340305,,0.0778527052965405,,,0.0071613577165376,,1.036531,,,
2026-06-04,64046.61064609333,1811.7149905120527,619.783537192592,1.1998719776763809,71.5436851656655,0.3328677789104819,1.0019378860044872,620.9293770289404,74.50308422868015,0.0913202781277976,363.7264992928262,8.327863303674874,46.99356770752367,0.2002106048145153,9.999304734579471,0.0141982098068151,2.81868251817404,0.2088672698846573,243.1708903775703,47.08313569803821,0.1530483883747193,8.046953587749265,2.7983961402561244,0.8244809763445838,0.012324783205775,1.9048766922178773,0.0851547197488809,71.01019366578835,5.196644083211929e-06,226.3322575845131,0.9996596798644216,0.0616372397522726,0.1125084238122949,74.32524823578397,78.90500476136741,0.0017636931454241,1.0000852355786778,0.4137040070846705,1.1251067041003469,1.1328905060744732,3.3792769893414483,1.103798816883785,0.5419489205583978,0.6850545808604016,0.5960348891977745,0.0624943499402238,0.9947911367487068,0.067798140219559,3.1036753289791443,3.123046243371405e-06,1.8662164514164965,1.167294716947838,0.99978556960717,1.7560277015592478e-06,1.8883968009250391,0.9983839083993384,7.722252747977427,1.0000852355786778,0.0929877731237617,0.1998173447794462,0.0738816749890706,0.0319147831908351,6.704765234680201,20.80641223840744,0.0934668705088958,7.246922077630151,0.106455381731104,1.85433976463474,2.1493308398123263,107.16,0.9274329939390816,0.1374443507846951,1.7823375717652958,0.366492087840639,0.7924948118720669,,1.287650731621259,,11.102664,,0.0378882847358535,,6.51646356734262,0.8117720924434213,0.9985516598470336,0.0309006116150184,0.0055902791304269,39.19695452278484,0.3576998853311924,1.2219617922535049,,0.0783316586736387,,,0.0071855205449445,,1.036561,,,
2026-06-05,63810.65923840883,1769.0317333338,603.8314770752072,1.167661064384813,68.81086787182636,0.3322241028188934,1.0195488995087305,459.1723454208874,64.36551880854753,0.0884879640193528,373.3980541455542,8.006323258190282,45.72525946471369,0.1796558039976249,9.941680396114984,0.0141263607343727,2.1984437231916405,0.2014499042276117,245.35367222049507,45.58053978784529,0.1470683370160425,7.6984920654852305,2.6519810367121406,0.7663261504930983,0.0366429464230806,1.658757869107503,0.083717139928265,69.55062903786244,4.948558212168851e-06,211.46828187167864,1.0001049126791537,0.0609347858412995,0.0944409311197649,71.26414752046944,74.35447393752216,0.0016484392983084,1.000250980106391,0.3702218163809316,,1.1338943280337592,3.3096483649799864,1.037318099644967,0.5364162616073525,0.6662351951469059,0.5559991843750145,0.0599622332317293,0.9952547214645008,0.0640634187467927,2.726449884443421,2.950499781179221e-06,1.8023033245753133,1.1677724292906124,1.0002509801063912,1.7820022322013788e-06,1.8826911663707604,0.9986514900810548,7.2624571199961405,1.0001510549335533,0.0891583273552027,0.1815490679548511,0.0771261689958584,0.0295354941618194,6.496566197663392,16.6907176819797,0.0868985316835925,6.7899154943286,0.1004218061915207,1.8065954061594915,1.883271601307373,107.06,0.865040864419354,0.1284655430996006,1.4650499232030316,0.3565009854084585,0.7751191798402158,,1.2460386304851037,,11.103725,,0.0379599720313014,,5.394854218560321,0.7542894009919632,0.9988053257663916,0.0299872552447784,0.0053314753425445,34.22408650763465,0.3211180527883664,1.2224272561734704,,0.0798060592358734,,,0.0071234039210304,,1.036579,,,
2026-06-06,60960.10140035313,1582.4588294507628,571.9698919463663,1.0972843950512718,63.63313109112329,0.3201460125877722,1.028923886130435,389.9925359328825,59.71159539400467,0.0814753197817463,307.9241270714147,7.361053837853775,43.28112836793899,0.1566463539315169,9.556595377066266,0.0130280223201904,1.965348986122215,0.2029450412839951,209.8090650094212,43.28299791902842,0.1494619338070857,6.720922851275264,2.4604063594841863,0.702847473595504,0.0539366837871438,1.516531470144325,0.0802472350479897,65.81620308568219,4.553346399762197e-06,195.0767714094503,1.0002962405229183,0.0576956377826938,0.0946147554888115,62.25558248209887,70.78897670687888,0.0014192691965762,0.9997911162105066,0.344024926917368,,1.13587136534166,2.868302954391762,0.9448901663204528,0.529356544512487,0.6163853297996078,0.5186415374775689,0.0566283179160131,0.9958923207368332,0.0585866311944242,2.3001554155033093,2.690441627861504e-06,1.6506867394868967,1.1589182213106253,0.9997911162105064,1.7365727013403065e-06,1.8277828074020936,0.9991489422067332,6.798471681171265,0.9998910853252162,0.0802473279424028,0.1573262673662885,0.0811257353565577,0.0309248427703072,6.194627453617238,17.70846211348919,0.0778670616558727,6.172316122210093,0.0931761305434951,1.6550931853634985,1.6815754134557064,107.06,0.733190468940219,0.1240838480791595,1.5038084225026125,0.3198291696273873,0.738268476327945,,1.161343259049587,,11.104725,,0.0314453314673085,,5.153276455017987,0.6656220207041044,0.9988559587734508,0.0293006541396154,0.0047648439466105,31.46980987439911,0.2864241638596838,1.213152345505456,,0.0789778066317474,,,0.0066986586568945,,1.036772,,,
2026-06-07,60855.25426528331,1568.702794640766,574.2853923786267,1.0929747313661586,62.17918349826299,0.3240647024378489,1.033772361471567,362.16063746764553,56.596798424286106,0.0818704023913699,295.9015532741545,7.391559293757676,43.09246960964069,0.1571867981984991,9.45487561163866,0.0129004869254408,1.859483598523576,0.2123802805023603,217.29707986209013,41.342372320527424,0.1621243435124703,6.661121686392539,2.4642256870072803,0.7175997479212959,0.0538491160764189,1.6463111642657398,0.0797114099180069,69.74158203821577,4.5632851010930144e-06,193.643712031264,1.0000491257300974,0.058248447343063,0.0896705716279698,60.93207129202708,69.00870480847863,0.0014254991935244,0.9999815960725238,0.3245485511654647,,1.1347641882400294,3.0033652286639287,0.9423639687822892,0.414007394479407,0.6206448380628254,0.5145041876572931,0.0558370465597412,0.9962074734093314,0.0552415592684436,2.3223343197626867,2.6826428437057534e-06,1.6504130338722358,1.159074486610204,0.9999815960725236,1.7518917929642977e-06,1.833424074972735,0.9989820143091568,6.788858574403091,0.999981596072524,0.079900847381421,0.1528763828379122,0.0828740167341238,0.0299767795167714,6.1526152759406,15.744666596057789,0.077612156445164,6.123393293616308,0.0920415411145829,1.6287350666606644,1.596324262370372,107.06,0.7316643406183386,0.1275723374635298,1.4260111193030336,0.3180900037989118,0.7438875642400311,,1.2130159546776291,,11.104725,,0.0339917350702127,,5.171012504458273,0.6562502303383605,0.9991621899352242,0.0295381918872696,0.0047513736414882,32.61707177496441,0.2877088625302806,1.2133159235830282,,0.078613369911588,,,0.0067462993178592,,1.036772,,,
2026-06-08,63273.53743063552,1687.8826846141703,603.8984366100508,1.1548517514448144,66.42475751544987,0.3266629837323283,1.005617232368467,439.9814106649073,59.61331537221414,0.08621559810194,302.8755820111427,7.908506015489364,44.82090601706647,0.165093155613004,9.583394031274532,0.013436982349667,2.055810872540087,0.2056973864713914,230.1537852609061,42.81144390742129,0.1639265765210988,6.807537953548277,2.5686651733806007,0.7572036122552821,0.0637422555625546,1.6983352306557424,0.0818823465374164,69.4042588736596,4.715580926280743e-06,213.8706877798872,1.0002484288987914,0.0606287968582938,0.0897081986938879,63.64395268465514,72.63664164786854,0.0015253515258016,1.000008572541497,0.3496000625445312,,1.1343049766813933,3.086531953132784,0.9722849631078336,0.4665778023003727,0.6332611501809772,0.5432659724061997,0.0571650456068711,0.9964099811169174,0.0577713379924935,2.3773740862264106,2.8148106685632374e-06,1.7162170048302965,1.158828755025078,1.0000085725414969,1.760984395997241e-06,1.849231877295268,0.9995124564526964,7.1068272731095865,0.999908611668592,0.0829539804958359,0.1565321374464674,0.0789652344233705,0.0312270485584872,6.412767977168598,16.388050973203985,0.079535817552784,6.571733263021012,0.0943349474812055,1.7132411486920402,1.6791548606009403,107.06,0.772773995189471,0.1307513703002333,1.4334630088326143,0.3360478979260693,0.7779312120848733,,1.2664207066732538,,11.104725,,0.0339168359693053,,5.430611129214938,0.6703405411492164,0.9991132692430033,0.0295717577923537,0.0049384485491102,36.86609403872978,0.2998670655506113,1.213012570138145,,0.0787140876389866,0.0002976863508031,,0.0071763234756443,,1.036772,,,
2026-06-09,63069.147792658114,1690.4950851700785,601.5368716232298,1.1677525780115696,66.80256146212376,0.326615482968101,1.027418247571774,458.5823051174074,63.78089959762144,0.0863039664530573,314.56603293120776,7.993169530721201,44.79935269721747,0.1703263678559951,9.417157431531834,0.0132748636065709,2.1293233347880447,0.202487206747242,209.34749076024508,43.00387156586677,0.1600368600628854,6.7634161212731865,2.5146044103490235,0.7549304235477053,0.0604170757539505,1.7243842434054453,0.0812818692264211,66.8848468819196,4.71322409292349e-06,215.35876889522,1.000216297887887,0.0621210338331782,0.0853122015672108,63.43180570405525,72.75723920584572,0.001623603386117,1.000042896871192,0.3646309110020678,,1.13417645874105,3.1126404128047978,0.973876377648633,0.4972765262100244,0.6312680922726439,0.5475851414233222,0.0577816735166458,0.9963636380896556,0.0582232636788591,2.3334205108726613,2.8139538685593107e-06,1.801773720326416,1.1594723488040468,0.9998429682632608,1.751288501999838e-06,1.834157140426554,0.9993416289167096,7.104385438841168,1.0003427897830883,0.0821142855012642,0.1590959462435887,0.080341274996125,0.0320819562799477,6.390079834201194,16.504803745494897,0.0781407764766417,6.457942834287769,0.0921130277498038,1.765127462466391,1.6418691985433698,106.96,0.7750649721434021,0.1293749153191161,1.4680293926706556,0.3416836517714073,0.7888373732267466,,1.3111532937277308,,11.105747,,0.0330812692494679,,5.655433609858129,0.6719726644921724,0.9992789314309308,0.0313403439976077,0.0049391134891526,36.87327889712807,0.3068544009483248,1.2136957371289052,,0.0782004686424794,0.0002889645175069,,0.0072916912448206,,1.037161,,,
2026-06-10,61669.76384194788,1638.7504135601862,593.0656308303504,1.1368684224292722,64.9237603504689,0.3227196485775606,1.0331460316396286,429.0662872652168,57.7597615857335,0.0847443319051637,311.49918364244803,7.833892151355486,50.96369027536066,0.1651792628883459,9.464620674475194,0.0126576487041412,2.1507565940855526,0.1922707129483617,203.41550429901667,42.99523723491262,0.163276131823772,6.635275055262608,2.477761576451565,0.7489986368644519,0.0942939530918869,1.700088979592252,0.079421787570973,65.73009797394593,4.665236937180416e-06,205.9994630396404,0.9999279428457042,0.0596838369170747,0.0802822946687191,62.06274647838877,71.53115204543323,0.0015189196926466,1.0001640457836365,0.3573744012506969,,1.136080640454448,2.916275246962356,0.9564279119103224,0.5085756511765829,0.6209288526735784,0.5362858584749604,0.0546939635228895,0.9956057905990212,0.055324843294191,2.2828008407592826,2.772984247484437e-06,1.900714421173306,1.1602637823023163,0.9999641528994988,1.716677779590925e-06,1.7737440394911042,0.9984649562684652,7.002783472951872,1.0003639386677745,0.0803010190454436,0.1549965680431174,0.081997428469122,0.0301815479669468,6.33830305232377,15.341251316267424,0.0756873824475845,6.264702865314561,0.0910570534782316,1.7767235496758746,1.6116047422226694,106.96,0.762122316341726,0.1274019468879454,1.5832115022048754,0.3309098113826295,0.7667898469742231,,1.307886091950643,,11.108733,,0.0344594883767127,0.1819983502803215,5.5437067616771705,0.6642683344692488,0.9990243924388856,0.0315283778611419,0.0048211504887109,35.11792329532954,0.3043761534336712,1.214535366585152,,0.0786742358350156,0.0002604282672673,,0.0069993057755747,,1.037228,,,
2026-06-11,61480.14443283343,1620.917390707054,586.1915042460671,1.096886405735991,63.18212175433404,0.3208974063815876,1.0251816614058384,408.77273045825166,53.25959115882178,0.0829283560358409,334.8011615406605,7.559228709098085,50.457722879557366,0.1605906971354993,9.619807269508977,0.0131072564316631,1.9701038619384288,0.1826727861808854,194.41103392411733,41.71589889414663,0.1625328662148586,6.380602123474471,2.3949652546160225,0.7265912894096546,0.0842194368950349,1.5950832294810762,0.0776486916724901,65.5800763817416,4.609978998991255e-06,200.8741630063077,1.000074923304973,0.0593541544509078,0.0719741761881711,61.246573924617344,70.34185296397227,0.001371623006097,1.000292888796133,0.3333129823256606,,1.1307861907364356,2.886938874034982,0.9163365017562038,0.4502937962798061,0.6191650504390668,0.5286335422700674,0.0588095104644601,0.9964903362612972,0.05486121251192,2.213227075596824,2.689524021609349e-06,1.999985225167216,1.1603637773040614,0.99999986702275,1.7138918719439914e-06,1.7661205773610875,0.998993391177086,6.953995441531312,1.0002996571297815,0.077488626377241,0.1472720387475279,0.0793892131686859,0.03036138169571,6.28554509812128,12.95132007855658,0.0722211666866342,6.476870866830696,0.08665143097734,1.7609255524671754,1.5145968182568903,106.96,0.7344193206084001,0.1245478328165314,1.3925108579174097,0.3310616541590387,0.7879237637768159,,1.2928554366054374,,11.109708,,0.0334134427914974,0.1753581440984844,4.947448409285631,0.6207850289933322,0.9988936915902448,0.0307640891775726,0.004692320190255,33.695630260605874,0.2919956737475765,1.2146062309090742,,0.0790226883037204,0.0002682628840368,,0.0068408361736182,,1.037436,,,
2026-06-12,63555.66181107698,1671.86904676229,605.0188351074373,1.1411231049622073,66.81660398292856,0.3165843124611876,1.0311539269601304,427.99313849712047,58.90718809920728,0.0859833075706577,387.1912188243678,7.877118759969324,51.78398544062336,0.1703309777559378,9.514011511165709,0.0132815244703633,2.0626228882694524,0.1915405853637631,205.15066604475345,42.43092478503164,0.1625577468024049,6.636949138508204,2.495411550300696,0.7540072142031958,0.0820944705810649,1.699589870414917,0.0791785912567107,68.62665523489086,4.809201849654435e-06,213.58817502873444,1.00016177152315,0.0607021336074911,0.0796651873138352,64.25160026808855,72.32726766833974,0.0014544528827377,1.000062839302577,0.3653769113083043,,1.1338213375565052,2.902302715458841,0.9501145264697092,0.4963607383851519,0.6307937650692663,0.5408875443572371,0.0584804309592694,0.9960498986965342,0.0569082733348531,2.2761775188929634,2.784356588823005e-06,1.9578980878069832,1.1644910248262788,0.9996705851558636,1.6738736616079435e-06,1.7739092477331293,0.9986148269818712,7.2440947995723475,1.0001701706556911,0.0834151890281573,0.1625475328933666,0.074245079769438,0.0311176189924228,6.465541248245277,14.627198106121735,0.0749142934078418,6.704265587041595,0.0885781722564492,2.027922441386831,1.6303878786056372,106.96,0.7575668884968115,0.127195352849265,1.5594209560209529,0.360339829215111,0.8074598534987031,,1.3268614135085892,,11.110711,,0.0337005957822354,0.1832270198844511,5.396247021955104,0.645848512354905,0.9986491568836708,0.0307198516608314,0.0049747338362761,35.64490581228342,0.3044704031499368,1.2188953828238314,,0.0547200319055727,0.0002717981286119,,0.0075204116488105,,1.037573,,,
2026-06-13,63532.27782485316,1665.5551249935477,603.5065215908736,1.131721918290297,66.77674858898844,0.3152083602339807,1.0356342089795525,411.6969329859479,59.28742245725128,0.0859594700468532,353.57526884992336,7.860391513372228,51.81937827341466,0.1696127551232453,9.602290598343773,0.013030982325781,2.008933388113652,0.1879465367380622,202.06163853811617,43.05617241437527,0.1626006441033756,6.56755039085972,2.4987951361589253,0.7507288074291026,0.0700072861146786,1.6791697463465458,0.0778183727844345,66.37129136920466,4.844175718283999e-06,212.06376955213167,1.0000173303602504,0.0593504145443464,0.0783533657621759,64.18445065736434,73.55969501083699,0.0015097766813967,0.9999056037173124,0.3536924492650311,,1.1343194768412317,3.0544955992239333,0.956970149476442,0.4580276347310301,0.6272425337956491,0.5367292303976268,0.0579666559052432,0.9963928784595728,0.0563069364221793,2.291558588411481,2.805693359317996e-06,1.9565008973299616,1.1644837120374794,1.0000055542974515,1.6984919411331743e-06,1.7807920831799051,0.9989195121831596,7.148047051543732,1.0002054554577309,0.0838548263794387,0.1668265022167619,0.0754231294693213,0.03096623389149,6.540721468441504,14.263049396472342,0.0738718138024109,6.6584857423382,0.0871708816846469,1.9787283608471435,1.6518703692296433,106.96,0.7484027075206574,0.1266732267714636,1.5363975471477584,0.3581782491174075,0.7966183026614422,,1.3139302462056306,,11.111716,,0.0354124147433843,0.1787859543339177,5.081967718709624,0.641930568410271,0.9989976911400188,0.0299737444432173,0.0050014655101926,34.36299747519897,0.3114269592418599,1.2188918838530027,,0.0737571226294135,0.0002699334407655,0.0370492472807374,0.0079404807663231,,1.03757,,,
2026-06-14,64408.80975375945,1680.3055520030994,609.3153936702697,1.1501945676088534,68.87994920794057,0.3170534720588153,,420.3855264361383,60.68950820946495,0.0878347024987585,338.16518997232544,7.979434363646255,52.41689747046316,0.1716689019231985,9.776945342293152,0.0129881135509735,2.1270554014750207,0.1869856351387297,208.6045133694081,44.31554881439211,0.1628841217766701,6.715002444613529,2.5562552908193603,0.7676828832474524,0.0864411742152479,1.7252873131316495,0.0782885469156867,68.74768575651589,5.01275971050214e-06,262.81837698088407,1.0000518852084048,0.0601377986862247,0.0838409109041108,67.06858780570695,74.90492736560108,0.001538939530604,0.999986922396812,0.3645572882981688,,1.1341835276813157,3.015983936826594,0.9799796317335552,0.5016344211485119,0.6399149413805899,0.5570715268272458,0.0588775411214659,0.9963091631166684,0.0559396665299796,2.50555406343328,2.8542418386552567e-06,1.9592499017765648,1.164080884649826,1.000086881105568,1.6882981402101868e-06,1.7929715135056947,0.9989870829381184,7.185922410201158,0.999986922396812,0.0851606000957649,0.173688682870382,0.0741794947429047,0.0313685419786102,6.709466616049754,16.599517109125816,0.0759529516057332,6.950246948490927,0.0896449474463844,1.9497569348262005,1.7719510113761794,106.96,0.783808194657801,0.1338911134213747,1.6306612022373776,0.3609200308077404,0.8051599440672076,,1.349221579605967,,11.111716,,0.0364092787018551,0.1847472267920079,5.272450026582715,0.6710852220782173,0.9989386064207348,0.0303938228435053,0.0051095180819563,35.4829704110312,0.3175464948730869,1.2184702351615448,,0.0800339923960886,0.0002675737267512,0.0380431540361073,0.0078841373507953,,1.03757,,,
2026-06-15,65709.31094599118,1725.448928079916,616.2913721407087,1.1857724963931864,71.21816957667109,0.3215101256511785,1.0147682775776383,472.5012798298189,63.88728245471221,0.0888610260257763,340.9438890031566,8.171975411222267,53.17287771115021,0.1828783833577685,9.79554961588933,0.0130693245034026,2.2167183923442937,0.1908821460001261,210.56220202598155,45.37772317190122,0.1615557453754466,6.784080934775212,2.590450503393332,0.8026939499307577,0.0955284171746199,1.7528949056007792,0.081124391375733,68.39896845156828,5.03753028868635e-06,270.4886944369825,1.000016131839618,0.0624492931321587,0.0840300788178786,68.30307486502944,75.20945432571793,0.0015746455280502,0.9998287317399654,0.367544145084212,,1.134947038257856,2.9742197486480992,0.9967165947071552,0.5228909047065298,0.6349454070859627,0.5685590557533627,0.0597806689007431,0.9960774838889808,0.0575560157674485,2.5214071013806483,2.916024287512052e-06,1.9614333306312568,1.167826177791706,0.999869642561905,1.6996301420498505e-06,1.7983274372360916,0.9988698981260792,7.215238566540066,0.9998696425619056,0.0857465859457666,0.1794810595445798,0.07814849177147,0.0322398468968797,6.784347614001268,16.788891482483635,0.0769316199818465,7.000832583789371,0.0925127469898028,2.005836428596627,1.8050371756137271,106.96,0.7936061752139804,0.1340853234540596,1.6838397832001653,0.3775926371800341,0.8157111446551089,,1.3860215266448457,,11.111716,,0.0354920891085331,0.1954869630464369,5.234426283792917,0.6801409532490965,0.9986039504543738,0.0301715165841095,0.0050881282331807,38.29755132492163,0.3306051000385988,1.2220146547773063,,0.0794924895541908,0.0002947588119806,0.0393997683523258,0.0080442245272881,,1.03757,,,
2026-06-16,66292.50117921834,1794.9576599037732,617.3823195179718,1.2376600592814702,73.9490661555558,0.3182180659790366,1.0277245128920631,518.4990268961559,66.88552181985622,0.0880916629607042,347.8176923306985,8.294379695689905,54.26028804297058,0.178480049855567,9.753168218665657,0.0137543412696305,2.390458156402832,0.2134072055040499,224.4575806823728,45.74040988185491,0.165460605912432,6.836932707427896,2.843882875845494,0.7929489895368363,0.0904297838592132,1.7180228296115725,0.0825406052292757,70.65882592992209,5.053690160735992e-06,266.2235509161319,0.9999594685825652,0.0625515320828048,0.0854615675519814,73.72706985393312,75.42787913749434,0.0015569063641592,0.9999257819324616,0.3699937274161906,,1.1275980161958463,2.9147337140689373,1.0096991757646545,0.5873355992499789,0.6484776006276913,0.5770810571904622,0.0598181808393107,0.9957945648141092,0.0573266396908801,2.420802335257779,2.9452140239652694e-06,1.959450582138778,1.1664010200828818,0.9996814050721212,1.7015947914417664e-06,1.8203710427145536,0.9989318314117328,7.410265209749916,0.999931262958918,0.0862301777381259,0.1913796658011204,0.0785932928583169,0.0330003122629393,6.847377982007643,15.097259682737498,0.0779212640624243,7.158457578733612,0.0950106574932191,1.96383528491668,1.7916851021425595,106.96,0.7949332805454854,0.1355134712528186,1.6888574126547464,0.4268639952022073,0.8226134167431676,,1.4004899480024944,,11.112749,1.116522224922017,0.0358327465877562,0.1936927247870142,5.576412967546579,0.6785993071592021,0.9984707799515168,0.0305077936139324,0.00526506040292,38.240822446223646,0.338098035461234,1.2207012371091006,,0.081447732015281,0.0003102474179068,0.0388043860123915,0.007984464740898,,1.03787,,,
2026-06-17,65619.28080038042,1791.3886783051394,604.4270847551903,1.2164421139531405,73.4631155495267,0.3167014794821556,1.0357539426865885,504.7610596825436,73.55663254647828,0.0870955612397668,345.41947390126427,8.2695328960501,53.84871311156263,0.1722606038901704,9.687825074686948,0.0141239727513893,2.307692870691371,0.216474974729204,213.93332096748784,45.65026308692048,0.1613028954919828,6.87199128043523,3.2894261783359364,0.795880409535037,0.059072095041033,1.6524951688433127,0.0806161142386081,70.74649206998127,4.976047553143141e-06,257.2185103815133,0.999809222397057,0.0601992733744571,0.0859660672166076,75.84652935865482,76.25602133354998,0.001507673686022,0.9999893678931506,0.3694698996753975,,1.1276502196987208,3.168257457890989,1.0124316701609155,0.6740269167921071,0.6611449447683961,0.5575923315952278,0.0600252172848791,0.9962902459681576,0.0572754441159271,2.355022717420701,2.9463108759504267e-06,1.9455553494003,1.1682771399480578,0.999539777309124,1.6853773665619782e-06,1.8287310346318129,0.9989603242552688,7.375106338616151,1.000089276911823,0.0855258770120707,0.1935120217774109,0.0826356101031363,0.0324810589384461,6.863104413247446,15.71408256867315,0.076220576859014,7.224746581679877,0.0944562902227801,1.9895602011657023,1.7287660823857858,107.07,0.8076155124756302,0.1354921973030375,1.7336005774240315,0.4702290728814548,0.8194504485773516,,1.411746592105565,,11.115783,1.0757640536002926,0.0355775750961103,0.193067216830858,5.53688581213844,0.668828177755445,0.9984875862931388,0.030364678653694,0.0052034730393837,37.44590389026833,0.3390848513538863,1.22279445655089,,0.0797586219517503,0.0003683167335035,0.0391116376278634,0.0077392372445716,,1.037974,,,
2026-06-18,64444.545329668814,1748.7549735206103,601.0035535777396,1.1858247656054528,71.98435089991071,0.3215018870633772,1.0223432173419469,476.86044375662607,71.11146534110179,0.0858534813568528,336.8684331685112,8.084479104837147,53.15398064427533,0.1667194792286004,9.67727601285957,0.0145897432565059,2.1792092834018457,0.2252006263447569,212.33719430187065,44.87319417830693,0.1625233919528679,6.758944265254976,3.223939319779286,0.7667801952846582,0.0482759313806813,1.6647497505045263,0.0811763330084671,70.5093980737864,4.949786632371789e-06,246.1871162559733,0.9999722080794244,0.0591711200850571,0.0950115134985116,73.82996560800957,73.7197888402541,0.0014747005888514,1.0000489497628626,0.3646277003873262,,1.1358880786115235,2.925220992545596,1.0028906907484714,0.6581855617117214,0.7159545790855889,0.5422358066725149,0.0626386735795053,0.995453283320289,0.0568776443529012,2.341458526119621,2.945896272416473e-06,1.980889590933256,1.158036156085661,0.999849099852839,1.7236034192337789e-06,1.808625514976427,0.9989079958454208,7.318153137643375,1.0000489497628628,0.0855641881914005,0.1896085878171584,0.0836632470151311,0.0319036055718668,6.738010070684063,15.752659008366384,0.0768280322556684,7.248564105294728,0.0990592745399723,1.8989356937215465,1.6933845643301042,107.07,0.7979922078829701,0.1317939157477533,1.725201558876561,0.4394116789036505,0.8188242987635156,,1.3755295906922391,,11.116825,1.0169142079825837,0.0340744173301329,0.1901817398801777,5.443482534656297,0.6710827124601004,0.998512522742406,0.0299887932184147,0.0050450439962924,36.23965311833266,0.3824674819031299,1.212003314116063,,0.0798315937928645,0.000331470903497,0.0388841610553957,0.0075411562471473,,1.037925,,,
2026-06-19,62897.23855524796,1710.079110757131,578.0941140346222,1.1457015254597007,69.64875448394535,0.3204959763775471,1.0042932190072118,455.5547837968822,68.26459527181787,0.0834570341741196,319.0584124527832,8.004935138286445,51.93066338865769,0.1635268954601685,9.609053923700628,0.0145103231885429,2.235126993537953,0.2343911637563352,199.5051386472281,43.798720637266605,0.160528732664451,6.310631819488887,3.2072023336818343,0.7289376534113025,0.0511504739750693,1.662489384973145,0.080180771676565,69.9811045466122,4.760003788965938e-06,235.91921147245543,1.000139250565813,0.0588793104643042,0.0955198375566917,74.80965037865609,72.79214082214546,0.0014528866679055,1.0000912706479077,0.3660204321260822,,1.139198610488791,2.9188002892770246,0.9732750978566184,0.642248257201613,0.6375521380139112,0.5308846546017563,0.0594725122813352,0.9950871309415338,0.057814290537108,2.2656725713924177,2.8438842805354347e-06,1.944974743574252,1.153187383840444,0.9997415883854436,1.7004523613734104e-06,1.7919099834102614,0.9984548084755448,7.208810065465999,0.9999913614300606,0.0852086160048798,0.195235525621958,0.0815994556308279,0.0304236793153799,6.5342069575883945,14.433278761264251,0.0776887438045191,7.149570512332044,0.09623825072458,1.8093980581114304,1.6768462548298173,107.07,0.7985497435489048,0.1307758954375947,1.6144378375957225,0.4433360659777072,0.7995431965338294,,1.328630381421321,,11.117804,1.0014464300018715,0.0334875162334312,0.1846185843421031,5.4012777804014735,0.641938756195927,0.9983755683207096,0.0300872315621547,0.0048299913388203,35.41959839696542,0.3629172619646141,1.2068869500649713,,0.0810510019569746,0.0003210689659186,0.0358423659477405,0.0073776715449482,,1.038197,,,
2026-06-20,63489.81094752525,1708.87855388619,580.5498791177642,1.1352079033331168,69.67510636134296,0.3235806363909494,1.0376865465788292,476.7329322570709,70.27891842974068,0.0834402165354953,314.7738878697203,7.935547926225015,52.09813183100099,0.1619905640201465,9.521335045196643,0.0144391578754621,2.1863638686337263,0.2180111762103544,198.29466429884545,44.01646374843501,0.1537566798215114,5.892211568003821,3.0815476144303395,0.7161603373005885,0.0978539729306814,1.6056264415233323,0.0804452887642983,71.92932484118926,4.750944296461843e-06,228.7928080561589,0.9997862644479982,0.0585520313951799,0.0879420484861079,73.56787618235208,77.21866351257125,0.0013793396367646,1.0000444961547614,0.3548072184174997,,1.1384566966712777,2.890027760573404,0.9597445929653796,0.6232839081428652,0.6339146414258887,0.5295118828064284,0.0590104535344759,0.9951720955267668,0.0581308572263375,2.266076792466804,2.8279228349232995e-06,1.932622918072456,1.1553399061140637,1.000044496154762,1.7216119865863395e-06,1.772676764303254,0.9986403342006605,7.599988870164749,1.0000309803806249,0.08380650781605,0.1909447976955287,0.0813411110871043,0.0299106559421991,6.626460789854015,14.342248978332533,0.0808761473695765,7.21105431915833,0.0955418873496331,1.8085110060323133,1.7587126994472402,107.07,0.791527985604665,0.1356186373056813,1.5447969240654325,0.4800576106516112,0.7962625399198924,,1.3716854629231865,,11.117804,0.9797246331679854,0.0332902607596798,0.1806245252552764,5.131889965820247,0.633593535729377,0.9985119317126688,0.0296917018336965,0.0049147966964244,37.41778840242729,0.3462103112532213,1.2088594809875242,,0.0806921117352302,0.0003261807301545,0.0359998773867907,0.0073850892483795,,1.038679,,,
2026-06-21,64253.39869532133,1739.2769352743533,587.6019263693968,1.1491349570468194,73.18000530963474,0.3264235162711804,,470.8763093297157,70.7251175144634,0.0836385789941972,320.8139906788272,7.981914375220622,52.7229204923064,0.1631264355651869,9.598298303853609,0.0144485203778606,2.191881287544513,0.2160365259245822,199.88861303137327,44.51236186825189,0.1526203481552797,6.236328543309797,3.0032254464385777,0.7134255687391093,0.1322967432967338,1.629291702311782,0.0805597635716574,70.2873451352286,4.73938943473836e-06,231.45259578601,0.9999406237444808,0.0588841593949227,0.0892784527327522,75.99412445214746,75.32244004847016,0.0014161776455711,1.000051455048636,0.3428338390843938,1.1263529382097033,1.1378637751072058,2.844752660709798,0.9693750266498574,0.6104178546901924,0.6461599883222823,0.5351481749487059,0.0579685658836361,0.994926188894078,0.0580159755622356,2.2998294999816915,2.8319188522902262e-06,1.8221993390572484,1.1548362301382435,0.9999515597879184,1.722239752488868e-06,1.771410063383931,0.9984459060124824,7.456826933367898,0.9998259392236972,0.0845212168636768,0.2103845245894576,0.0835438135257208,0.0297800416931323,6.702193082878291,14.528235708029754,0.0796078410975914,7.214773015788462,0.0936660453267209,1.8005898290107387,1.7204738642878543,107.07,0.7870999991627761,0.1344943636583036,1.5561238729256308,0.5504277330454034,0.7957815342847031,,1.3712330040674114,,11.117804,0.9008862891896968,0.0342643468474382,0.1833272113353931,5.049716758909452,0.6454490319666428,0.9982031560385876,0.0296373588896806,0.005062926468966,36.90573379652945,0.3458196504252654,1.2083324728962312,,0.0809086928818005,0.0004284858955859,0.0364077582309654,0.0074220022837382,,1.038679,,,
2026-06-22,63255.48525259375,1704.9130137257484,583.7382242602163,1.1240573531728624,72.42261496688492,0.3273694970376364,1.0209456851594645,434.0412783179687,66.95971349876216,0.0821640285379555,320.31708257578657,7.776101516327973,51.87814992110281,0.1565509525219143,9.597091212763996,0.014342595227068,2.099677208717881,0.2097428685826929,194.8099028976865,44.42898826254271,0.1498740771875532,6.107829838604557,2.982757403758676,0.6929331649201093,0.0804192772573983,1.641395877635879,0.0780107072452568,70.23989153747407,4.641970011120548e-06,228.5335817381585,1.0001002976124918,0.058431539041663,0.0869191178571052,73.98030505594501,76.37562923843085,0.0014638431782163,1.0002224909854187,0.3295674558568148,,1.137658987206165,2.909339951356299,0.940765302913545,0.6047007655710176,0.6359408708541923,0.5289620159091564,0.0595889339503518,0.995360464652796,0.0589798880488077,2.2092668979825114,2.786616407162424e-06,1.7991999029148669,1.1538328396805166,1.0000226862529,1.7243314926659433e-06,1.752361651350402,0.998380022838798,7.29356991990333,0.9999267249276156,0.0818249847629716,0.2140357254522321,0.0834740339480407,0.0291637527780917,6.662360457466432,14.888369314287836,0.0791674455267934,7.206699894533691,0.0894275662905024,1.754213025676868,1.6523083716946785,107.07,0.7816347918507783,0.1350021731464394,1.5699464646359962,0.5104157266561785,0.7801716640365,0.0328687509944275,1.3642221264305816,,11.117804,0.9034744538473788,0.0339600798283911,0.1774795999604266,4.814077169551297,0.646883497629738,0.998319391737721,0.0293040202789642,0.0048523962017467,34.71307251919827,0.3338032156440324,1.207282601718462,,0.0793258453104889,0.0004087325233048,0.0356402971988436,0.0073945254431967,,1.038679,,,
2026-06-23,63937.28526422244,1725.1620208904676,589.2686919181896,1.1278455886946306,71.84825365060954,0.3336742605776403,1.0361701210333891,441.7265965791416,66.19402594451479,0.0823543868160039,317.5340879134069,7.859446728523044,52.17833226004862,0.158340445547905,9.577054484348588,0.0160145601526827,2.06679764304992,0.2024721911410784,197.2654176085896,44.49900187736994,0.1521082494195028,6.229837400760385,2.9791778166719625,0.7185937879377159,0.0940624722152235,1.6891865190577129,0.078642512903034,70.52768118555822,4.637545143531229e-06,227.8373551450537,0.9999431541501655,0.0582524578961832,0.0908567886960794,74.94259165864939,80.21764693000641,0.001454250337176,0.9999264964972028,0.3286504756446573,,1.1364276762772396,2.918728436883068,0.9348137796512084,0.6186179226564263,0.6298472700565528,0.5324397297838581,0.0587602406388206,0.9962194746406796,0.0592639815727059,2.235369614607132,2.8047570084868925e-06,1.7806899197377637,1.150232290293168,0.9999264964972032,1.7508624875426208e-06,1.7572997045912797,0.998263141347722,7.157258473238034,0.9998552476842512,0.0831029688160955,0.2108693809495854,0.0839341441268372,0.0293789372871829,6.751716561031765,15.304606046448797,0.0788169338315105,7.197861474141726,0.0894183068740415,1.7969443243605254,1.628420904225672,107.03,0.7874407795946717,0.134540966375127,1.6119523817211674,0.5440984775061882,0.7814319808586637,0.032192989226712,1.354365338236294,,11.118848,0.9525981890214218,0.0358297639213577,0.1793279005755876,4.804362793248912,0.6605666328494734,0.9983661272054712,0.0291655686534514,0.0048501418055621,34.45643133461224,0.3414294862418748,1.2034848445028972,,0.0808611350654134,0.0003636076915134,0.0365386451598281,0.0073457348178043,,1.038679,,,
2026-06-24,62662.29201921944,1665.7162407218393,577.3779980091048,1.1090597219669764,69.6086375465547,0.3289315398232175,1.0345140161769475,415.69959091849927,62.11662730780454,0.0788037034615052,318.3776724431473,7.625715857125374,50.904667457654384,0.1512924727781942,9.53822357394736,0.0156605427425308,1.9798925738346256,0.1949602439639708,194.4452410336163,42.1221765443134,0.1516702833198159,6.480393707111181,2.9210448151081363,0.7035532164365659,0.0995452561632099,1.5743289352605812,0.0774856263933464,70.68337122432766,4.563833498664603e-06,220.37160364345328,0.9999865526909648,0.056523675050607,0.0862337572863483,72.36172349709702,77.08965873474592,0.0014453451605191,0.999938619413604,0.3144798130235653,1.1269067479924777,1.136580770881399,2.835074845458416,0.909235300399734,0.5433436144840508,0.6349132435857795,0.5151563728750888,0.0595066909624037,0.9954144957753608,0.0559207317470074,2.211506448314012,2.6931694262491134e-06,1.6445181888927147,1.1456014820276834,1.0000385133815777,1.7248818411387225e-06,1.7215008052580718,0.9979463168755548,7.0635201728264425,1.0000327803102558,0.0790332751717481,0.2043865568811644,0.082801461508956,0.0288589056318378,6.667439058128668,13.764132383663489,0.07754498352427,7.034141675781086,0.0944284910347012,1.7172789145480445,1.5836021831606395,107.03,0.7873752926236907,0.1292924872114814,1.503889302592474,0.5079943850024875,0.7792270417446524,0.031775746634267,1.3296391867886213,,11.122976,0.929388705219527,0.0342212452960748,0.1774216358138474,4.538949182438168,0.6461463619825961,0.997889891272722,0.0292629896495877,0.0046972859171819,36.24012221304772,0.3497698753078192,1.1985068206955882,,0.0813835694337163,0.0003418644161033,0.0351209599617626,0.00706367425008,,1.038703,,,
2026-06-25,60989.57352152134,1620.643408295383,563.9704782268035,1.072805994012306,67.94878023470052,0.3269378503364282,1.028118714512038,415.8493820231059,63.82659638228414,0.076109474556704,314.66746880726873,7.415107503753354,49.377527908024085,0.1486175351692364,9.439107617928157,0.0158683805303404,1.961966502462085,0.1851874451906288,190.3472565046307,41.07414436964152,0.1510043391890892,6.452869838309249,2.918780247946652,0.6847861717119289,0.1014267777747204,1.5779333058536649,0.0755919986710237,68.57074369150078,4.377065377576916e-06,219.2984525280507,1.0000086221354716,0.0566360832767167,0.0848566443216965,79.94157285992512,75.27572150524921,0.0012822436581982,1.0000901344821898,0.3142993378641684,1.1269497986391708,1.1361436148274682,2.654609971641929,0.8865043738109598,0.5272674026360443,0.6147292437571084,0.5038151658384727,0.0574892258976498,0.9954136202348676,0.0534839431193408,2.2100158139432704,2.5287179453179785e-06,1.7339530271809538,1.1431578660526334,0.999890396089044,1.7050872636169088e-06,1.6837201232019905,0.9979248123492972,7.050021743438241,1.0000242388840117,0.0760020810461006,0.2179539916490291,0.0813081585940846,0.0279461109026696,6.553825507549417,13.196839574265386,0.0736724104327386,6.937206386386601,0.0897134300750389,1.649408691622034,1.5816420331168453,107.03,0.7470784634407265,0.1259490426056312,1.693283241399134,0.5119549457157533,0.7531893839835351,0.0313656979006129,1.3109738410199017,,11.124015,0.8636934448538496,0.0350292275867352,0.1718731086741643,4.245643003438682,0.6297428954528544,0.9976647955307172,0.0287296267610563,0.0045835040736756,33.33065361041032,0.3407444520505745,1.195869581508151,,0.0820359508898195,0.0003724917562095,0.0338415197229911,0.0069675687322884,,1.038632,,,
2026-06-26,59726.73653480851,1566.008129751952,560.0088056886373,1.0424278885912308,67.63197484567073,0.3235205829389456,1.0342449099189068,416.3723743452268,64.07300018778383,0.0748342118757268,307.5892904552514,7.239585951322604,48.35313103104478,0.1436515834758227,9.339237816397723,0.0157555727650673,1.833571837246816,0.178865446862626,192.8499255982692,40.86994843524531,0.1497943329238321,6.227892989993185,2.882906245326549,0.6832257771499617,0.0962496019731834,1.5650783645886317,0.0733853623288709,64.73690524390432,4.240574077683865e-06,212.2524372740356,0.999978423381288,0.0546924263715147,0.0822952675630417,82.33192443962999,75.78254528076097,0.0011993640458748,1.0000720909142296,0.3137816557227333,1.1269685077005234,1.1368089124143064,1.002638734191881,0.8428751530380085,0.4957313441397293,0.6221495720463412,0.4421374166342103,0.0582562104800167,0.9943558246135829,0.051497875544575,2.166554935166129,2.35319785937609e-06,1.6965185587345757,1.144135166276155,1.0001220295984854,1.6819097006195146e-06,1.6361209656947704,0.9979152076030634,7.02687820911006,1.0001137399117257,0.0731980077610746,0.2216598274332654,0.0812850255304261,0.0275804711644506,6.4935183208324725,13.668362633161925,0.0720468887842936,6.757546311564106,0.084895186526072,1.6094545651140808,1.5209757577031031,107.03,0.7362349714283304,0.1256462200840766,1.6100786303164394,0.4754548072104002,0.7280260748269922,0.0310443451518273,1.3153135070760589,,11.125013,0.817193097703827,0.0364703487727476,0.1643835130042708,4.28281523517138,0.5932243427291608,0.9974940395953764,0.0283517094326377,0.0044535939197758,33.97505555955495,0.3790384454185865,1.196809924980853,,0.0890451120891514,0.0003731136685764,0.032390127172638,0.0068166343395009,,1.038887,,,
2026-06-27,60022.32566638378,1576.9176481850786,566.9395585365139,1.0466477618660692,71.81424446301368,0.3202116759069294,1.020434015726947,418.7437072205981,64.3037911466749,0.0756776180713701,320.6855828902122,7.343073032116793,48.43771752918935,0.1482285471000813,9.27065796266021,0.0156999496500357,1.8003460956633577,0.177483505324118,197.0689627065682,41.864556565205234,0.1509478588634593,6.61544117663795,2.959487310364893,0.69722134669102,0.0961969975970718,1.5563586372855474,0.0707854279745021,67.70601735784706,4.235810224492345e-06,214.15644592027184,1.00007331380289,0.0548430045060203,0.0793277943523187,94.9620203647956,75.1993242063154,0.0013441755485023,1.0001055428350558,0.3161109186421911,1.1266960326344997,1.1369253982572274,0.7694513746639248,0.8514517027356951,0.4629686355826137,0.629530068057587,0.4380361054571035,0.0578287872975652,0.9937333683248952,0.0499158138341349,2.202719939783995,2.38430045051392e-06,1.7994047501881505,1.1472909546593757,1.000098571327912,1.6777935847126404e-06,1.64189685250823,0.99820574377106,7.248313680201785,1.000179371268087,0.0736044452748993,0.2325352189272577,0.0817625717263744,0.028138170058835,6.551589160176629,13.700205052863195,0.0718501212539627,6.775307526418904,0.0829933300209136,1.594698115203537,1.5691581281515656,107.03,0.7435681213968451,0.1287219915787549,1.8222132096082564,0.4721177651542736,0.7297455074316236,0.0306004069245892,1.3380225834678576,,11.125883,0.7962862968512814,0.0372656499087125,0.1695916728729371,4.864590594490688,0.5973449863974567,0.9978391259142496,0.0280356302295074,0.0044897296995217,34.2101801762518,0.3609710335454001,1.1998667122351332,,0.0814741137860682,0.0003627062105974,0.0343219297068147,0.0068054013950822,,1.038693,,,
2026-06-28,59953.44334401112,1571.9371269098212,556.5879485175612,1.0451606232986514,70.40481823828176,0.3209694091478663,1.044993381490695,395.0296490717178,61.621780302785965,0.074409810519251,313.027905148122,7.287243697540514,47.84078201423405,0.1451052405933751,9.417809876446286,0.0155848221088076,1.8670307078108992,0.1736109053203902,195.27010070630504,42.13063164142367,0.152915697282813,6.4242841644465845,2.920372923027227,0.6835787041976812,0.0644903654846579,1.567626889334209,0.0718528489278381,65.55375441858929,4.208548851574599e-06,208.88823576790384,1.00019911748281,0.0546465911843616,0.0767763376495813,93.88898743543866,78.03271245855389,0.0013506647295793,1.000120426030063,0.3102693389096099,,1.1362996266278953,0.7421098376348434,0.8160566006080047,0.4444514684781735,0.6206827266909732,0.4361787476986963,0.0575399180933487,0.9949444485476192,0.0492150171178171,2.1429682450939924,2.3731192283243404e-06,1.7479575806593732,1.1470269999384968,0.9998476760081816,1.6608611508184085e-06,1.637234946356096,0.9981445808085916,7.109881205807548,1.0000371782200597,0.0728212608836924,0.218281786709171,0.0856514055012088,0.0277877030328194,6.591985428169805,13.52016124516872,0.0710527416019068,6.740144938580884,0.0860298682155142,1.5791923613717778,1.5565123612357843,107.03,0.726793347949717,0.1291872227035156,1.7208278459972717,0.4607013408536962,0.7182002976569455,0.030749148606733,1.320487167240566,,11.125883,0.7758708911127115,0.0376832324294224,0.16818405745236,4.631465704780892,0.5803419950571453,0.997636788309652,0.0278850239428265,0.0045127963025603,32.95433168359632,0.3470890363012928,1.1995906615246892,,0.0837621882136341,0.0003428720939282,0.0334979638982384,0.0066707974840009,,1.038693,,,
2026-06-29,59494.60638631778,1570.0805519413402,550.4111830116456,1.0463154690273346,71.2724585453322,0.3218498247211545,1.0198695201936223,375.9632425119813,61.42042203783589,0.0730792397253176,310.1916232683486,7.256022189424434,47.50538394631722,0.1436371336314618,9.424242753404169,0.0155661385744076,1.831108150008356,0.1725912990983008,190.65549949515707,42.45963457984555,0.1493274488603559,6.43956639907937,2.9209226180505605,0.6802899741176829,0.0569948532459112,1.5863738669733527,0.0709365136863366,64.56774711606954,4.167439277718401e-06,204.924275267642,1.000069468459377,0.0541673742681706,0.0767125271959607,91.40130452980374,78.07124563529776,0.0014375858895428,1.0000444756447675,0.3089498381888128,1.126954284326905,1.1362846872307049,0.6643359565241418,0.8100984421639795,0.4371488722256971,0.6214697725103362,0.4266839148435822,0.057952619453797,0.9952435055898908,0.0496276098163245,2.1409930038889344,2.35240203110723e-06,1.751776214205511,1.1465072859744991,0.9998184454355716,1.6787491109818408e-06,1.6334566199272635,0.9980919126917746,7.048152847590944,0.999963952571222,0.0732892936061209,0.2103377298123851,0.0885427174516755,0.0276694587995529,6.518241919335996,13.370934413888724,0.0711296907219431,6.727598299261077,0.0875007786576479,1.5724371325467523,1.542035684303606,107.03,0.7155501532021629,0.1237103612518053,1.7299895732999913,0.4802773122293119,0.7154327426070884,0.0298645709406125,1.345193954710965,,11.125883,0.7743613876240469,0.0353774032979396,0.165168197599801,4.54199191157599,0.5744242790112271,0.9976111800610186,0.0277861398017003,0.0045128787625924,32.15161285183961,0.3359610450955534,1.1993434170326684,0.6120802845384471,0.0850355296739549,0.0003764465918444,0.033655263946461,0.0066033696025279,,1.038693,,,
2026-06-30,60152.35872063589,1609.751185572177,558.6227835458758,1.0547737677266684,75.01499688974292,0.3210027320081194,1.0463811121247155,406.6092320887038,66.79666170750824,0.0733045174291882,315.1931236425721,7.366470797652136,47.85624357028493,0.1455758417282594,9.553767137298223,0.0159563144404097,1.860751399933291,0.1745252476986131,200.813096026922,43.11530458627564,0.1450205486014333,6.664752881353619,2.887899596782225,0.7010358253451238,0.0504004671741853,1.599983645720336,0.071561762542262,65.64078946137141,4.2546662225204575e-06,208.21822816989115,1.0000021402666313,0.0545628807118691,0.0786024911103189,91.32893211650912,80.43299803224956,0.0015014405164032,0.9999544097030038,0.3158542900389594,1.1273745417979817,1.1367078257012384,0.5890891377775069,0.8245319104844523,0.4189149282787708,0.6256955116886811,0.4282294419096245,0.0592867991320835,0.9950682530953706,0.052813563553688,2.1953003067303647,2.3501606472319727e-06,1.887992202333296,1.1501474855512122,0.9996676192590652,1.677759126012907e-06,1.622049961102015,0.9982326081896192,7.136269264556836,0.9998834648636848,0.0760201869992094,0.2173991948302508,0.0874756623855962,0.0303064365513832,6.659544963192096,13.258281153246038,0.0707573425833239,6.9144008477677685,0.0856180003942524,1.531647625056701,1.5593619043260714,106.97,0.7312859920852522,0.1178002084112177,1.8579830644193809,0.4573647662981328,0.722729694660638,0.0320677071880603,1.3339174201204704,,11.126813,0.8048916372494812,0.0381673712084929,0.1659760904779609,4.715358070008857,0.5793314049866228,0.99792407800553,0.028118756014916,0.0044752163548172,33.21085137277245,0.3350235325766124,1.2034486183720046,0.6289901407450973,0.0894232832114697,0.0003694447929481,0.0359675500847154,0.0065763305587161,,1.039122,,,0.9980798810724928
2026-07-01,58566.091991843154,1569.8271747749748,545.864131071901,1.0381027722508576,73.56481907476494,0.3150467400904058,1.0157042563025989,399.319956135298,64.96786670964342,0.0719878355689661,303.51167589386074,7.191212210158271,53.91984664954487,0.1441985828606748,9.27997067532957,0.0157397321167614,1.7794833170512157,0.1884808920824506,199.69430919070453,41.89955751673805,0.1409954449601434,6.529159605191032,2.776359209621486,0.6897090308544225,0.0527434922651188,1.510635116090278,0.0694109139056342,64.80929757430928,4.192598760348418e-06,201.93045018377472,1.0000400667415013,0.0537611453497175,0.0720490138095013,85.0750652436657,78.74745596169599,0.0014136972779921,1.0000667156234262,0.3075624255707062,1.1271656110248556,1.1366360641672846,0.7106226796828221,0.821376871413413,0.405201214158974,0.6223290270049461,0.4122374954923233,0.0577194311639081,0.995170343878416,0.0522635835111795,2.0972815936913967,2.323491620096724e-06,1.8979386780405727,1.149621065126578,0.9996910255503434,1.621864240609841e-06,1.592780618627656,0.9981053457537752,6.888031348720775,1.000001094175574,0.0753770779014896,0.2114241532185301,0.0873846088065395,0.0292573210273489,6.490974127325254,12.21255015737787,0.0685239945475875,6.628757040416699,0.0828692081778839,1.5110871333241782,1.5080029702574334,106.97,0.71592229699222,0.1151333386853509,1.847733421491916,0.4767172185102598,0.7077453909203492,0.0310248298378407,1.310545549665872,,11.129982,0.821341735529189,0.0386338490024868,0.1611415882326273,4.543383160711793,0.570526789988444,0.997755610108161,0.0276925637799798,0.004357618187851,32.48793722361468,0.3211245347636871,1.2031695847695572,0.5986621672296271,0.0849208524556681,0.0003811635431332,0.0373411146565892,0.0064103764078787,0.6696897924806278,1.039311,,,0.9978828619374148
2026-07-02,59967.68504171813,1608.254387223296,549.9510649904576,1.0508621926009325,77.36147682738353,0.3157441039368279,1.028677375499358,416.6989697942226,62.35288728748463,0.0721279481036162,309.21857921240024,7.349934161251468,54.61428488079825,0.1537872717672385,9.234397823546926,0.0155331540827696,1.803733183706292,0.1969269412655112,209.93871396176385,42.669475419535054,0.1405679493489274,6.659871613094062,2.786379741135282,0.7147227325217175,0.0670327992145646,1.5589737475749412,0.0717971357096746,66.84840203273582,4.275972591242092e-06,202.51839792476548,1.0000578547059948,0.0557329382488214,0.0712208693392713,83.14396909079291,79.8967048995678,0.0013833526341044,0.999988659964474,0.3232418599158304,1.1293810697273574,1.1377024797833388,1.2359420198133846,0.8279341670788004,0.3597462258559847,0.628888661324041,0.4226672199854105,0.0573720520448779,0.9958304159695271,0.052764790799811,2.147559219830564,2.322911536530992e-06,2.069778674222241,1.1463674168019065,0.9995604827471616,1.652321761301804e-06,1.6026585981389394,0.9986800472639902,7.002955958932502,1.0001471592200684,0.0760671894265214,0.2340601014336401,0.0879788536309633,0.0308105356439002,6.550994754428271,13.26751935392716,0.0712429020699193,6.828031774793758,0.08433605353971,1.5383273247465392,1.4999851225838663,106.97,0.7353317470522687,0.1148591602466403,2.073040841568368,0.4689968727274353,0.7488630286507642,0.0311305210621341,1.3362798838821668,,11.13103,0.8132359205953732,0.0346695835562016,0.1652734410293467,4.491370574539856,0.5859140083875962,0.9978942934900246,0.027903569120384,0.004471645539949,33.09083431828539,0.319774264641312,1.1994324879056664,0.6462164058194213,0.0869655384108652,0.0003748694916942,0.0375519117749798,0.0064309673593552,0.6997643618511805,1.03953,0.2050615107756584,,0.996921159053119
2026-07-03,61490.21448471664,1698.5610521616195,558.1196504363588,1.0869488576659665,80.61965067731505,0.3172706099160161,1.0396554720604152,434.1916932294615,66.86763693393337,0.0741045183349413,317.3560852628253,7.7380598357576975,55.29940884845272,0.1613118465839202,9.116837493196911,0.0155301069252921,1.940985807743132,0.198994969633687,220.0728069913841,43.48560774015906,0.1396837020844108,6.793516689913972,3.175829689297798,0.7344270608468689,0.0620816330131883,1.6670590730072974,0.0708079786838297,67.58321143185182,4.289704069079719e-06,209.1033062305814,0.9998344828712706,0.0562254879804003,0.0765478809954799,86.14407760437977,80.62834440780227,0.0015216353711442,1.0000855957978163,0.3282382745163323,1.1290185994340094,1.137234042778474,1.6029136072975945,0.8406058274565698,0.403757630557063,0.6371099676962073,0.4365244138056354,0.0581706599776634,0.9958131517121112,0.0592188364167946,2.1918164576439554,2.442284207165702e-06,2.073751348066589,1.1506783908691949,0.9997858997846912,1.66758585046031e-06,1.7059687054533184,0.9984850230810284,7.065610464752089,0.9999128903308102,0.0771834240869658,0.2434888915383368,0.0878123317849616,0.0309931109635036,6.645472647068122,13.38343506513174,0.0727968009444633,7.150015484545658,0.0865335082779687,1.558035122160565,1.589534364952054,106.97,0.7722983365016323,0.1179204725178668,2.067454436362905,0.5163910926800352,0.7704561524476746,0.0321209816408747,1.35767742546869,,11.132077,0.8861605268027891,0.034954550792973,0.1664816906871576,4.619455366101742,0.6083467130436951,0.9981409057040596,0.0283539695595528,0.0046435029129536,34.510437635382786,0.3322695650107169,1.20424031416842,0.6924193277992071,0.0878259477164326,0.0004016548544858,0.0386928361099776,0.0066845887872181,0.6748567685050759,1.039704,0.2050757221281801,0.11209771765966586,0.9980093417720494
2026-07-04,62553.61289177051,1756.9804642496356,573.3641876486147,1.1341333307169983,82.29123076434712,0.3231213476444479,1.009395155987632,460.6515261647326,70.64913960149897,0.0774964361039942,324.09911624884234,7.968098603042038,56.55187829680792,0.1797777779499342,9.163910614266925,0.0154719293773114,2.04273991449398,0.2039453069386526,229.26181434545728,44.79256502917572,0.1403689524633734,6.94417338151488,3.207595290624952,0.769172690075316,0.0621234650725361,1.6886228192092552,0.0733101765324963,68.39149617086204,4.442485597140089e-06,215.23812998832508,0.9998301530728148,0.0607596105999667,0.0793657994006193,87.50518896666648,80.97115300247663,0.0016287279248246,0.9999844482039176,0.3337629168690533,1.1293326316840142,1.1369465096801972,1.5341681759466044,0.8807122897473041,0.4337339820182573,0.649971172895941,0.4496952466368814,0.0567842563791472,0.9965481346392018,0.0589282174812135,2.239178262248334,2.771246814921117e-06,1.9721363573151045,1.152812722036679,0.9999344889489116,1.6885695616233038e-06,1.7463278703666751,0.9982815018749526,7.228827005475644,1.000000182436167,0.08094177873404,0.2429451890005923,0.0903876910349165,0.0313540157334623,6.685898180727639,13.091872088085513,0.073600204007086,7.17441707168538,0.0892618710727462,1.594823609509809,1.6095047356944794,106.97,0.8062449191490226,0.1183160380999771,2.1164516550783685,0.558657362689381,0.7740809262122036,0.0333650881073125,1.3969195340695515,,11.132077,0.8873969393796118,0.0352764588132776,0.1735269747129897,4.855898975337505,0.6369165660246253,0.99790671304275,0.0285746270208517,0.0047586674286689,35.8260906312485,0.3743938189326405,1.2064550674991503,0.7249529239541843,0.0880300604274946,0.0004334013050783,0.0392230515666075,0.006994503639974,0.6841189689736541,1.04022,0.2090838302821331,0.11022398580894509,0.9992317311297229
2026-07-05,63088.40675385221,1779.908385139636,574.7757156537721,1.15642721313132,81.70349684813986,0.3250639392226808,,463.0408649957748,69.8153495798741,0.0775978250642287,328.2565770190047,8.000415968211163,56.91593758340789,0.1920306911084949,9.141460032135088,0.0154090537874635,1.9968924137242183,0.2065783221545939,236.0590447007861,44.81255488453517,0.1399955827434138,6.959236847447145,3.215171772707212,0.7612173035049319,0.0642960093655097,1.7656176071116252,0.0772517455017478,68.21048167886994,4.452111778313984e-06,216.62683701503065,0.9998170990247094,0.0606024642173555,0.0788060554469925,88.56515465632599,80.64103288911747,0.0015521911650643,1.0000170351993856,0.3356730233483644,,1.1344826452546592,1.3956711992801705,0.8837077408545213,0.4250468445481611,0.6416273438283773,0.4531422818665061,0.0577022289506228,0.9964182870944792,0.0564754348544497,2.244440131169956,2.730831330929959e-06,1.9548390341745632,1.152309087561314,1.0002168787316,1.7006060297917308e-06,1.718508040071118,0.9985162975873147,7.259400853647472,0.9999154126553512,0.0802861874639678,0.2349092255809852,0.0906423240319603,0.031845611094402,6.76486868829013,12.171477931489612,0.073674492643918,7.153534745136038,0.0905705747559436,1.5925675569546625,1.6083629785139786,106.97,0.7968831371878359,0.1164523449374629,2.2012451610405748,0.5842923746416683,0.7824038732356721,0.0345092726685054,1.3888569241023168,,11.132077,0.9093704056487631,0.0339662839979053,0.1733372744425766,4.80840764523628,0.6273903906939609,0.9982046104080472,0.0287680385050937,0.0047962743930309,35.661029325006425,0.4112228373305772,1.2059279980512194,0.7180950367646595,0.0883246332595661,0.0003115974339635,0.0382726240746472,0.0070553376127194,0.80278536845189,1.04022,0.2119243058038858,0.10811544400519878,0.9982892004220494
2026-07-06,63586.102141021256,1784.2622991817525,589.1826542355047,1.1564208702117225,81.51563065259701,0.329023093560623,1.0358819819251717,461.9180061840394,71.27473254956593,0.0777987701578025,327.3341648802729,8.053986233764267,57.13981421310396,0.1894005841495991,9.26756979485312,0.0151181106579705,2.0151971764487366,0.2032241672899238,244.0183639487052,45.76140075635679,0.1414254432983817,6.9176077045014255,3.1724246153252964,0.756154310126445,0.0754634847711838,1.777717084333219,0.0762280563122666,67.59295145844682,4.413607367458447e-06,215.02197972331325,1.0000482931753063,0.0604261773357055,0.0805637640685417,89.01179990418505,80.3105921995674,0.0016283556479164,1.00012824275149,0.3325389560908827,1.129247738746805,1.1337946141300024,1.4017682872860646,0.8802652385968855,0.4182683877049204,0.6448880375868706,0.4409982314645008,0.0589223996104285,0.9965520479150648,0.0567321766691918,2.205947398718294,2.748981083002828e-06,1.9366035466839389,1.1521904942691854,1.000278134579849,1.787626147143674e-06,1.7220155254079408,0.9986764548279288,7.225383578559447,0.9999277702751804,0.0803828191813962,0.24358323703005,0.0916304924915074,0.0309525694182201,6.72541884977049,11.972374816587728,0.074075813226525,7.242314572005671,0.0909461413036378,1.5948814939958678,1.6169834461824266,106.97,0.7991874020332373,0.1137260865668179,2.4574394669494546,0.5662773347337793,0.7762195899503337,0.0339206802545619,1.468494035444002,,11.132077,0.926713225227802,0.0345872684437075,0.1724604042123704,4.804357516621754,0.6329483116940965,0.9983142348938238,0.0282114061724911,0.0047743648229384,35.70371260144556,0.4271524816416442,1.2059417898106437,0.7238795856628061,0.0903842345521162,0.0002996650111287,0.0403910334394565,0.007022748454864,0.7324828438744315,1.04022,0.2149509855350373,0.11127534959243923,0.9980970358778384
2026-07-07,64001.23542391328,1798.557105022033,585.5377551735166,1.1441118072110117,81.88843062284806,0.3294660715810809,1.035600193328413,452.3946409756593,70.56729168542682,0.0765942169785388,323.3005761608528,8.015057887651674,57.380336461955046,0.1839794936755643,9.411230012093847,0.015088519195429,2.0512943676514195,0.1999446146000625,241.8125917856385,44.8030411995105,0.1382047402971772,6.923245930947344,3.178862996374961,0.7493146911511985,0.0604375655163632,1.7788478931036682,0.0732733839836511,66.17358956547439,4.3932244790981534e-06,214.50616820696348,0.9998538037192506,0.0591228034547649,0.0782944340270382,94.14200666111914,79.99625200870584,0.0016284795840803,1.0000522958589002,0.3329031057224242,1.12970486364342,1.1338060626921014,1.2024520523480864,0.8845586632437283,0.4096197867826041,0.6374792379967528,0.4413030494390049,0.0581585230154667,0.9961548201380556,0.0563573212905711,2.221756277607831,2.7298706856754742e-06,2.0063881264787,1.1528905242611365,0.9999523605840068,1.7757871125087486e-06,1.6992410719364202,0.9985498484204336,7.108392758692529,1.0000371457296735,0.0802164064194215,0.2372637443779851,0.0932581327625954,0.0302270235576817,6.772455736480925,11.513572985522597,0.0747301309625295,7.104664578682919,0.088413562372967,1.5998885367264757,1.6148212055579956,106.63,0.7935318364561547,0.1130963305914938,2.576401166677134,0.581954789177035,0.7609696305980133,0.0342464146513756,1.4376668121199327,,11.133111,1.0141926176168852,0.0341765655947039,0.1711000929736152,4.814406380863651,0.6309201113556435,0.9984083083995124,0.0281451900399891,0.0049725854281913,35.0919660326393,0.4347323997428263,1.2065094396829374,0.7379161237653424,0.0921226872437327,0.0003020172570466,0.0454965201286435,0.0068874530575567,0.7186458823276904,1.04022,0.2156983584220366,0.11278439947489585,0.998718025365306
2026-07-08,63335.30929080668,1771.2223954004269,576.6079677024561,1.1120051240230528,80.58601402999597,0.3314536540018911,1.0260050611039924,483.7923833587213,69.1959187463834,0.0741888515604613,335.1119074594048,7.861918260292056,56.24677232177002,0.1746031825074184,9.3585144226941,0.0148626441308526,1.977568705106829,0.1887107746045969,239.4348823456482,43.90328033907691,0.1310547343593903,6.68685095034404,3.192928669949656,0.7280022385813356,0.0618591095415206,1.6210150096242328,0.0709139677896922,65.96722709236798,4.377024501867392e-06,211.329032388553,0.9997338023033264,0.0570311220369565,0.0758789557119388,90.02136739547826,79.39299826705677,0.001565300805646,0.999992366602964,0.3278749916942764,1.130013360901431,1.1373788231834043,1.3159057572281785,0.8509730352713482,0.3810350794298364,0.6266022397817593,0.4223213892961021,0.0582947042910394,0.996845232621274,0.0537326674929434,2.209382218107307,2.6674242857105844e-06,2.0162774819936904,1.148933792888,0.9998924273298676,1.864077040973685e-06,1.6647934815125165,0.9984881114871632,6.972480861436563,1.0001522764785005,0.0770259429647489,0.2374918281069344,0.093592804103936,0.0292476940824476,6.782881931837005,10.49759614013692,0.0769686660250685,6.94519748774256,0.0860830407304193,1.5740059736696217,1.56342777069692,106.63,0.7738733334633374,0.1093312293413965,2.462943398515009,0.5637159180825508,0.7458149370922481,0.033315984319466,1.388134708432022,,11.13724,0.935147455468494,0.0350834593066366,0.1645998557542936,4.722752105587079,0.6283928937587518,0.9984450234228598,0.0274025296148669,0.004737409540748,35.3232547720227,0.416155639621759,1.2027483688046798,0.7143028695433067,0.0889003981462247,0.0001964261118143,0.0429315510713477,0.0067438323336799,0.7098749537949334,1.040239,0.2062745049456057,0.1103951905766356,0.9986969237859156
2026-07-09,62247.1304822092,1742.2494536901063,568.1933961660617,1.0901740623941096,77.78886312209272,0.3282409720879325,1.0348754363953834,465.8795530648771,67.59710320128553,0.0723677524824064,319.6132675499369,7.634880418843451,55.0610074520986,0.1669559578899136,9.48139689979932,0.014586075723155,1.890953635770612,0.1811253961692612,235.2030997229835,43.626104295223705,0.127833589502294,6.468295789482833,3.276429479813723,0.7105600236500882,0.0660561654089313,1.5847956651793569,0.0693150093287943,65.79345879703475,4.2867066907776655e-06,204.65720878022515,0.9999346827547247,0.0564792520359906,0.0746805114617863,88.22401283149152,78.71775055265513,0.0014894043118387,1.0000400389101525,0.3154079196670052,1.1281229624959594,1.1359501603619493,1.32395525734165,0.8263608464233846,0.3882544815395239,0.6220512142302,0.4208838811088278,0.0585110759943076,0.996720573024064,0.0557607625450824,2.231704518381896,2.6024311273092333e-06,2.043735912004181,1.1510546826814572,0.9999900768778331,1.8563942138081304e-06,1.6437778354065993,0.9983331160656987,6.895237375210169,1.0001985224989929,0.076800882489704,0.2132954856203225,0.0948232518416826,0.0292125874203763,6.603035084943841,11.434089960840348,0.0764046636242639,6.914347102767161,0.0847033592073827,1.563656685204624,1.5374375186321894,106.63,0.7639956987989432,0.1029559205643703,2.330350179774077,0.5241885676959861,0.7415641897548289,0.0319372669122826,1.3812821535599684,,11.138281,0.9466594826511782,0.0352250880843165,0.1664307359288658,4.737171003628018,0.6163923393302176,0.9981666166125828,0.0271825509612732,0.0046840940320073,34.359064900190816,0.3863146660560098,1.2045677788387297,0.6798488315519015,0.0912708014033971,0.0001920047426197,0.0436155833856954,0.006569774402322,0.7152960010088025,1.040487,0.1998557033830584,0.10921760015114086,0.9982239655273945
2026-07-10,63192.8789720319,1744.6953884606253,568.336903396185,1.0927141951064323,77.99219264415099,0.3319716000638488,1.0030348329074912,481.1850455771398,67.08394450884185,0.0728513117656899,314.2214676370066,7.729156725834038,55.71064438601978,0.166466925337032,9.55335875297558,0.0143393296627665,1.9186201220025028,0.1862386735736551,237.70364637897944,43.770122540221486,0.1327988070403402,6.676908685574493,3.391594020814262,0.7167334838873745,0.0641990339453876,1.6024542714941203,0.069876637356838,68.10391033265074,4.282679095782424e-06,214.302366266656,0.9998919331908056,0.0561681324411902,0.0763864746947405,91.27266706411244,79.44732112270404,0.001477796400824,1.000047389762498,0.3164818225597079,1.1302204269008016,1.1354196651287998,1.2072386415611307,0.8256609401255779,0.3830775482328699,0.6223083733137466,0.4288921659144398,0.0581990844031823,0.9968621355435048,0.0561605776590642,2.351192712983332,2.606113914859689e-06,2.2483112834960752,1.152294310129173,0.999947454977872,1.8537197681887696e-06,1.6488480184155876,0.99839715278594,7.030721628513042,0.9999914541213808,0.087493192801352,0.2130349156189009,0.0994152529560757,0.0294664762430148,6.697896872278134,11.498894761012126,0.0765673347727931,6.796426868628179,0.0847080086389272,1.5504585740787282,1.552833650642051,106.63,0.7804270364507782,0.0985600717779026,2.395620521406201,0.5200835817535725,0.7512773495135923,0.0311631557521382,1.3739601339828766,,11.139343,0.9051344024676764,0.0354718141491834,0.1690329639890926,4.829886791731548,0.6252672524478938,0.9982981479099792,0.0270083077901188,0.0047246934833183,34.15489974315991,0.3901283495002572,1.2057867557194746,0.6808497408779735,0.0939625192674951,0.0001936557681654,0.0453905101558165,0.0066072109689338,0.6823902054789232,1.040543,0.2035444891717548,0.11293662631532309,0.9981947012748412
2026-07-11,64110.97482196822,1795.2394655119474,575.091602394218,1.104005366846566,78.06878587097549,0.3302389262053864,1.0335158432197034,497.8566017422245,67.44804895603389,0.0740674209516006,322.1229271121944,7.962346537088011,55.96041355909365,0.1666302479878185,9.429655030306415,0.0144110093791247,1.8913646424349004,0.1905016724121862,245.05256846078527,44.74811811179212,0.1340210477941368,6.7365697779224725,3.520686362191038,0.738379928248254,0.0641625134298193,1.6440646751060928,0.0702956194081892,67.95581606745246,4.39128834517506e-06,212.9803954571557,1.000031072286416,0.0557193223853822,0.0810412742029684,95.69107762521104,80.46408559100574,0.0014581435998517,1.0001310154277598,0.3279956215604535,1.1302734164559665,1.1382821435049373,1.329328488791924,0.8762933350812733,0.3810355774084634,0.6292320928209844,0.4294295629345293,0.0581252301671017,0.996970709057772,0.0598883358239605,2.299042389743955,2.796396021385565e-06,2.187937948568804,1.1510849693801464,0.9998311860037292,1.8418569665570176e-06,1.668486379954077,0.9984305733473864,7.063587647150606,1.00010330231371,0.092818244585528,0.2033275612720866,0.1023243667911358,0.0294566126251729,6.754369133340371,11.164638528274772,0.0794297525562571,7.053024192529234,0.0855824987639365,1.5871992813843174,1.5674007220908572,106.63,0.7872237986444354,0.0995373005629958,2.6854506369326443,0.5168961920973479,0.7601351178702895,0.030978874872635,1.398433091936543,,11.140426,0.9252153763305432,0.0351474455838902,0.1717597665079746,5.00818686308964,0.6292812422558467,0.998544507675071,0.0272766860630452,0.0047621415147975,34.83274987465047,0.406457870499783,1.2045461033481435,0.695587332132496,0.0865467251319651,0.0001935057974536,0.0474836124280026,0.0066561366054856,0.672700072396065,1.040586,0.205603735771135,0.11729172966608417,0.9907217265212762
2026-07-12,63791.35305345348,1787.9485944322748,574.540611804015,1.096197339470673,76.71562325891836,0.3296584253132556,,508.5780850507025,66.81422206278447,0.0731777250737263,322.70040973242664,7.910834492864834,55.88702891026871,0.1656264142098558,9.566430686888534,0.0145229614998886,1.8666409100529864,0.1863264016838741,243.94028255081096,44.61716376136922,0.1347233677348115,6.54613520088115,3.656743658554843,0.728579164257862,0.0591211594306196,1.6411727306825576,0.0684613880039372,65.80867963844558,4.302644958106896e-06,207.7306094150522,1.000125665146763,0.0557993392463836,0.0799909521405683,98.08650576980592,79.63169086522885,0.0013885972386701,1.0000958796108188,0.3239840583717815,,1.137880475146278,1.2675247264491194,0.8536283963992464,0.3969387158161789,0.6221737964292363,0.4226194584497684,0.0582055422335259,0.9965854264821554,0.0580122941665711,2.251139114600534,2.708068817065856e-06,2.073814609521424,1.1507393818735574,1.0000459048017234,1.8420054482629709e-06,1.6436844631791072,0.9988941965626622,6.968969539255843,1.0001807076734526,0.0949804646844717,0.2025041810513346,0.1014371491307557,0.0293148826894286,6.672161384058043,10.47772174886069,0.0795138983414923,7.0192887123444105,0.0842490559703432,1.580309631457725,1.5435034135178185,106.63,0.7711822497999073,0.0978853929398059,2.58042429523074,0.5210138375283971,0.74676483570494,0.0304570587868725,1.4254741761331868,,11.140426,0.9152507730763272,0.0354999924177842,0.1714588580482503,4.924086717695951,0.624318466991735,0.9987152874688974,0.0272404415012236,0.0049335831841926,33.94970488218227,0.4142346140274756,1.2041844653322709,0.6812582524331618,0.0874589120005871,0.0002030737013686,0.0467793068164583,0.0066476678049563,0.6887716365977518,1.040586,0.2082052713579613,0.12352395102097312,0.9983790307263712
2026-07-13,63746.65595793199,1805.4862853704624,573.7067971748755,1.085493391629503,76.86985248774823,0.331333508273943,1.0138240452581573,533.2997490230787,67.30149101834385,0.0726919222401694,323.78113305160286,7.991922487818149,55.86259004379676,0.1619896965368338,9.548795903392277,0.014459324652475,1.887942676659072,0.186373349601944,240.1393486927556,43.97988183844549,0.1329703013477311,6.402352038601964,3.591588350158065,0.7357032610857066,0.0598366355755528,1.619125841382839,0.0675459611045376,65.50371874945137,4.2310003362660354e-06,209.78883285054863,1.0000600721528825,0.0558449912812448,0.0798778696982301,96.9060926202664,80.70690175154874,0.0014606241751575,1.000060072152883,0.3227190381473598,,1.1346975064308926,1.2378125580664951,0.8438436475198493,0.4182595416634763,0.6212903428232018,0.4176452334435431,0.0575330038014176,0.9969329160901016,0.0604280457167877,2.219954596285706,2.7641640107068704e-06,2.005079833972905,1.149458709340485,0.9999601261132912,1.8540014653460105e-06,1.6721205451616834,0.9984601112177056,6.847149722169527,0.999938253755234,0.0931458557455722,0.2011209717922242,0.101146735030959,0.0284223372418725,6.681364575253848,10.5768967224391,0.0809942423331055,6.989686820996903,0.083461961427234,1.5664499798245792,1.5268467376303456,106.63,0.771280132752732,0.090986946732898,2.629007019787541,0.5079078241473641,0.7417635015255333,0.0305109937774901,1.4029909612000335,,11.140426,0.8661441521999932,0.0367983333565194,0.1690017309905474,4.86988721527899,0.6102197305429898,0.9983539946247488,0.0271186786183202,0.0048501688647699,34.41398522851654,0.4218773702377634,1.203002065316931,0.682736787410755,0.0836311505011706,0.0001923849707454,0.0479467690258496,0.0064701649237781,0.7019981335345618,1.040586,0.2071824116420176,0.12304639589607017,0.9982713945517177
2026-07-14,62278.96301585648,1774.0909253483635,566.8067374879349,1.0664910722139291,74.93128320593416,0.3241850193170108,1.0334836767017217,495.4194760535825,63.43935392536694,0.0719235931363791,321.42541140498406,7.881328095065449,54.586604249408,0.1573775868285905,9.540245212762253,0.0143619328483384,1.920515406842951,0.1806182621016152,236.26785163586507,43.52220714575467,0.1300147870539598,6.446276196924894,3.5522669040198864,0.7213234842558185,0.0603914917855623,1.596502670139608,0.0665406614103563,64.83080235612952,4.152545093081283e-06,199.834985380798,1.0000382347775956,0.0546124315955648,0.0785039040194676,94.49931788404984,80.21258915219241,0.0014793975320818,1.000361779481096,0.3106977293945017,1.130384609370378,1.1359765869421203,1.2075396436703223,0.8359897024796956,0.3922729730723958,0.6269325510672377,0.4211209822236371,0.05763183823484,0.9964247604372912,0.0599352703538045,2.174938462718926,2.726686120358528e-06,1.9932906431190909,1.147654574513134,0.999862247982304,1.807202026494484e-06,1.6298424873324666,0.9980832000398324,6.875542425163059,1.0000689822650293,0.0902601475218222,0.2069752140659587,0.0995905246139588,0.0283862096987759,6.615005527884711,10.645913167116763,0.0822267728676853,6.790856959601049,0.083543985218449,1.5366164589943283,1.491041703287685,106.19,0.7488881403513641,0.077394585630392,2.305632331467625,0.4828833250451558,0.7305388173530267,0.0293187646169217,1.3982040828401123,,11.141483,0.8621098611669181,0.0371592584529271,0.1659445524471108,4.669456943346843,0.5912729743845276,0.9979394901995008,0.0268837339228579,0.0047583266590569,32.88420504371044,0.3802716984702732,1.200928653713932,0.6651076365615156,0.0947088220585583,0.0001880731952455,0.0473264939827699,0.0063906090328103,0.7078595538075014,1.040924,0.213596882750533,0.11662080461147582,0.9978604572669388
2026-07-15,64983.51907427709,1890.309392384384,581.3477700391322,1.111116761569743,77.80864772344317,0.3257106930900173,1.0369467231848442,564.1362653433462,65.48336375276892,0.0744140593834015,330.8904155368965,8.338654694958581,56.63195422778912,0.1654138564543012,9.713015781024971,0.0148240872764916,2.0107203460774805,0.184406058943107,236.60584629660568,45.38634324199731,0.1384179502899555,6.702168700298086,3.6629642356019936,0.7618969644676731,0.0582551580866946,1.6186654831067897,0.0673318240447286,65.84295237106467,4.221194289584989e-06,201.0770364291116,1.0000226490470838,0.0557904486625192,0.0839986515327987,98.87193303555618,81.27844960297224,0.0015122267019303,0.999922706747558,0.3147720653556253,,1.1387642327793597,1.2308192053894995,0.8519378599412882,0.4142990021738795,0.6303448049008042,0.4226816026024468,0.0573942279628016,0.9958388546600512,0.0610318803165011,2.2211942766906154,2.8125637492387715e-06,2.0611283595912053,1.1518253845846256,0.999922706747558,1.8186416962044e-06,1.6970907493375005,0.9987113650044752,7.091540610291111,1.000125900991801,0.0921285815531513,0.2114797417722158,0.1001606324380639,0.0285584489970394,6.73660262273998,11.09921505048927,0.0847517359481758,7.045271091149233,0.0846895040795822,1.5628520479117771,1.5245790485120596,106.19,0.784136126544961,0.0791114731924631,2.5949264365005176,0.5061400536794138,0.7591357133722131,0.0287621953468562,1.4355356762547662,,11.144739,0.8605010036653634,0.037517151169511,0.1686702043525951,5.0512511299568965,0.6204630396594714,0.9981892590850798,0.0272136437725085,0.0048361706184364,34.10267173367756,0.3936181777936063,1.2052806796267357,0.6855169612181082,0.0844608012712626,0.0001891436623321,0.0467873406818156,0.0066403254046096,0.7528849611994721,1.040903,0.223121385056732,0.15510536847843842,0.9987167256164186
2026-07-16,64717.16889113007,1916.7586464879016,580.0914809504844,1.1127284157422908,77.23864761387213,0.3243314121284,1.0374695720241875,570.1795583672051,66.82952106810772,0.074039610016248,329.7921293601436,8.534679934473065,56.75623148755559,0.1650155573560203,9.81851062766616,0.0145898914427119,2.066248837544972,0.1883422624686448,223.05977208301127,45.13634125076721,0.1371845830359668,6.6952965367219575,3.616661743463335,0.7547575875716812,0.0598390782438719,1.5751322285490523,0.0679139316938021,65.26146596623707,4.234047254793733e-06,199.2133363171517,0.9999779374025416,0.0556729564742806,0.0834812408627921,95.74009491889744,81.51921149821361,0.0016890732279764,1.0001137683831849,0.3653528184497429,,1.1356311701906838,1.238843041883008,0.8467511505848949,0.4061383641653218,0.6284190106567031,0.4253521013625019,0.0573890331346695,0.9962455068724216,0.0628180095701139,2.178352315363033,2.785150349818369e-06,2.0215009770207564,1.156445200938685,0.9998139441296467,1.8027191535153624e-06,1.6785771309722473,0.998489802983798,7.077995272476521,1.0000810757536422,0.0883840564703271,0.2067282249614561,0.0983710382723586,0.0288937560094553,6.710695067809399,10.7738027678051,0.0829876513912821,6.935631790157609,0.085027201371536,1.5551065777331423,1.525879695196028,106.19,0.7887798603654672,0.0787837195773168,2.416630196381859,0.5046893827026604,0.7590815674946401,0.0294413019233781,1.4117411533533135,,11.145804,0.8218786484544889,0.0370543723192663,0.1685647443546787,5.092353719583315,0.6231557359801864,0.9984636629290596,0.0274280548887522,0.0048618840857576,34.50789858932591,0.4380580439983906,1.2101167850727983,0.6892236838322934,0.0825066335520175,0.000678700440796,0.0477917673399282,0.0066129415693988,0.7280260523144844,1.040911,0.215356518721577,0.144570836376499,0.9986162404595964
2026-07-17,63792.28742743447,1863.0065007127853,572.113964769213,1.0863798740753594,75.26924720120745,0.3230489857921559,1.0027213601487552,523.5637782982166,60.68663231136282,0.0723441252179107,334.5208920939052,8.334568734180476,55.75445891539222,0.1607095307055631,9.806683896460871,0.0145534279315157,1.9636423196710089,0.1849706064391984,221.78254200616047,44.91106220471686,0.1307005162475626,6.508104279616282,3.538167307980536,0.7384556491190373,0.0597070665775219,1.5180961418112444,0.0665040911914615,63.71971230066102,4.114708380703435e-06,191.26935358894315,1.0000983551414824,0.0611660476460525,0.0822507730270419,91.1338373093796,80.21647194852639,0.0016953230998151,1.000203292012962,0.3634919736155576,1.1308852692810127,1.1384372722540423,1.2197463645268578,0.8579545935500389,0.3878026843849357,0.6174231934802225,0.4413174033812582,0.0575351843330117,0.9961724582548678,0.0612022502427514,2.1213280773070164,2.7229861217102066e-06,2.0754282303378795,1.1539635105919086,0.9998984753862824,1.8008297881424189e-06,1.646647783561881,0.99847602602689,6.939627563342157,1.000104855868141,0.0889376165711137,0.196615839594574,0.0974307363713452,0.0281918303205035,6.656709749648851,10.674080849704756,0.0815296164420633,6.707333464866926,0.0822370058377462,1.510500602382068,1.4747378897256265,106.19,0.769556976213452,0.0767059677565572,2.282227554588592,0.4748283609241392,0.7445333099167176,0.0295388217442823,1.391021681582602,,11.146875,0.8130752500653459,0.0388723609877844,0.1670525149974649,4.858063985626539,0.6102370928608635,0.998136366120466,0.0270998605349322,0.0047288476741167,33.32122408627036,0.4191239894235946,1.2075931663334225,0.6718356486013956,0.0875627688012846,0.0010183870521887,0.0503724406737701,0.0066337932910649,0.7208293827371434,1.04114,0.2200663546836419,0.13519710080069058,0.9989018650665484
2026-07-18,63904.95401494303,1840.7681193183653,567.758313883116,1.0885135568085882,75.00200273777084,0.3225682227588078,1.0279178952582275,547.2815413317958,59.73918313871447,0.0725240189565349,330.38666701071844,8.250502225683649,55.6828239413238,0.1667408836068517,9.805080413301194,0.014139260712755,1.9266207825502868,0.1854883222135024,219.78783596856704,45.13543138101556,0.1280382575179509,6.583524394432181,3.6394170772054655,0.7396491862899345,0.0601352161283385,1.4977060883558988,0.0658916508220287,65.15905077644447,4.144223779394562e-06,194.70708064866835,1.0002164493119987,0.0613783610066333,0.081935651901702,89.95682270344092,81.2990397111305,0.0016364967168957,1.0002399791879393,0.37253435905844,,1.1364827477595962,1.25517071618373,0.8489509941326506,0.3882922670276836,0.6228087121236511,0.4262033344925945,0.0571042045932679,0.996439532606488,0.0595510640597168,2.142723141867695,2.741400860577623e-06,1.9648634906794944,1.1537502345183563,1.0001400351452543,1.8199211055696944e-06,1.6413552581822486,0.9986269570791318,7.039718760040825,1.000044962343945,0.0905407022956607,0.1939993641572573,0.0978026973329163,0.0278977337288552,6.685465923704612,11.207320242640764,0.0829973082706387,6.647385744193183,0.0827003607618127,1.5096111784934525,1.4768950583591822,106.19,0.7641538465513414,0.08120195777796,2.2875669219408565,0.4693142929550052,0.7474195408196561,0.0276387025474461,1.410073448850681,,11.147936,0.7793067298720922,0.0359218687876685,0.1647380873153387,5.143611451330685,0.6227090944634851,0.9987674725170372,0.027855224398626,0.0047219790108224,34.236039628264024,0.4398180563208303,1.2072467316149047,0.6742385893641306,0.0840362176697518,0.0014388741673761,0.0484836846917867,0.0065384221348249,0.7015328633591451,1.041093,0.2183582692466058,0.12999365850076627,0.9988137509482232
2026-07-19,64795.70382303786,1862.32234801627,570.3033872677163,1.0922463620697758,75.48105541148355,0.3256318700488089,,558.4092967953651,60.19156704464236,0.0724901099029749,335.743035155695,8.344843047570384,56.28632463964614,0.1666338307486647,9.810513014815308,0.0146271413074861,1.9312396447776368,0.1876976857394441,220.0782908171608,46.98304320859264,0.1250465595272178,6.567658107086493,3.5673370944190177,0.7428951312152448,0.0632125732021202,1.475151771906683,0.0670847922861862,63.83182833931975,4.143678935322457e-06,195.96500011802868,1.0001549277641542,0.0594530301625733,0.0806457619050146,89.9129364614221,81.31562284235304,0.0016620716273371,1.0001549277641548,0.3467778751535215,1.130453113638664,1.1387250435865413,1.231638873131008,0.8378454325054489,0.376086984543902,0.6203673346773645,0.4198100736059437,0.0569503734847393,0.996160716460594,0.0622175022346552,2.174014344546105,2.7536072538354787e-06,2.010314900625829,1.1534559761195395,1.0000549822332498,1.832632853433308e-06,1.6507635543300392,0.9985549880473958,7.011909126968524,1.0000074905257907,0.0882770118818201,0.1947120641846943,0.0984853302298591,0.0277711214025539,6.751990916714725,11.82496356578379,0.0810102680420974,6.63562266997543,0.083127211090442,1.4970012758607958,1.480631228570266,106.19,0.7490170768673754,0.0854480741955575,2.258824077074129,0.4513219665547321,0.759100169191797,0.0275918056336464,1.4097577991690442,,11.147936,0.7925192717315872,0.0356448095454895,0.1651678182714058,5.164090165394307,0.6080212998726252,0.9986477932570936,0.0280394865887728,0.004750395928217,34.20608459320399,0.4483065431501492,1.2069388291940917,0.6738664746011216,0.0829128242858481,0.0019914855503666,0.0486108419550089,0.0065658882488309,0.688704460617167,1.041093,0.2119096038482418,0.12436578624862511,0.9988618783251578
2026-07-20,64670.40117470696,1870.8170349782704,570.5283706446356,1.0968034898967796,76.311803624947,0.326710952262188,1.0187662638908308,547.8284843154929,61.10952105053687,0.0723594411027145,336.2480614459213,8.378905469087426,56.26664753623865,0.1660457103945205,9.799128641823271,0.0143923111423136,1.915606869839292,0.1880083059828758,215.10311008791385,47.035026360855895,0.1267568865386298,6.459114047764834,3.5135068487863705,0.74910271016561,0.0682518921227208,1.446533696545515,0.0665090287685923,64.14631862369583,4.1445636706220185e-06,198.62851555647487,1.00006371688472,0.0583965067157769,0.0797967996910097,89.48708248478194,80.14864353890496,0.0019963241266279,1.0001360623449065,0.3453251669303194,1.1301497531033722,1.138786961650494,1.2108292080749274,0.8187113845232996,0.3609860663639334,0.6202807166874584,0.4242747322943184,0.0575885162798649,0.9963358641463362,0.0612143502874378,2.1360790593977192,2.8323161467779924e-06,2.0025732761335826,1.1526636768020335,1.0000361286855994,1.8486048538961728e-06,1.6288374890127264,0.9984253278742512,6.952437108464922,1.0000397960705112,0.088960306826208,0.1958081136592452,0.097212645543548,0.0283074381592647,6.71709140692095,11.659642447070516,0.0812442255054637,6.622561720234939,0.0827804571549992,1.475821215483399,1.4820059537232022,106.19,0.7191357372197347,0.0925998426242855,2.208499484121083,0.4525827240737561,0.7577963961472857,0.0267841219839433,1.4000340146899592,,11.147936,0.7885786932453295,0.0357600689990817,0.1635572772552825,5.106563530990302,0.5952344719844318,0.9982409269858046,0.0285651784663916,0.0046521184969242,34.35328627905068,0.4448591335322159,1.2059609354287228,0.6772538087158128,0.0833237584329749,0.0019693663489119,0.0485159901300151,0.0065130929177726,0.669202084336604,1.041093,0.2113650859679693,0.12228581429899597,0.9988207786081308
2026-07-21,65184.92144270268,1901.7735152870928,570.62038864161,1.1112396193859455,77.74886056354681,0.3266621538235894,1.0013869356644247,542.4717730794962,62.42092895262663,0.0721067745508154,337.2826543226522,8.5813178471838,56.692285123863975,0.1695817733643672,9.737545184555378,0.0140912211468078,1.9766045187613703,0.1883739087758557,219.8239553775225,47.30176770207581,0.1245308251706902,6.572773903993817,3.629449425139412,0.7640787303314444,0.0673551367618169,1.434828122441836,0.0666469110375847,64.72921413041685,4.241580344464021e-06,195.02412958882115,1.000072227968038,0.0573045324570895,0.0828018723267786,89.76685275168255,81.75181845253196,0.0020243119177099,1.000234588057033,0.3575589927768883,1.129520319982683,1.1361736400245903,1.1976642360509158,0.8257848761553838,0.3798900721149909,0.6255035456999248,0.4246215200687862,0.0569072420063998,0.9963933090904592,0.0616092639089777,2.2007423311072483,2.9166942520987783e-06,1.995601391450276,1.151259640924433,0.9999347875011156,1.8475230648608145e-06,1.651040288832908,0.9984231430496172,6.915769744386656,1.0000904642765625,0.0902517809807089,0.1960259448576455,0.1021125297286752,0.0283638775987571,6.700322185578408,11.624165076024813,0.0804256791640089,6.679709142477939,0.0832201089756242,1.4940539889458655,1.5160910524596254,106.19,0.7342305409329859,0.0953853441537971,2.179123865535204,0.4315896640783524,0.7638297928137475,0.018301517183857,1.3982603505132036,,11.148988,0.7854240605565923,0.0361303239651868,0.1652412166422494,5.342913632662035,0.6043476126035657,0.998336106337396,0.02828420575666,0.0047159609473149,34.13360956365717,0.4562740997761177,1.2046164575730838,0.7067841920490916,0.0823479672059359,0.0016874799530962,0.0475833390345865,0.0064509022162733,0.6288300191496912,1.041433,0.2149762671145828,0.12340088679350934,0.9989587878146616
2026-07-22,66520.98164575922,1928.655895670308,573.5798653458507,1.1424327821391576,78.08824475788602,0.3294374456933951,1.005957231657069,532.218029987496,60.83236530675951,0.0733086983531013,357.2847708711701,8.650284794419546,57.69488064338044,0.17354322555782,9.716207045578876,0.015205705008202,1.935027130699685,0.1920155155645481,223.7509470507485,46.82353477239541,0.1265927635570597,6.564159720492652,3.716213410436255,0.7712572649753445,0.0711182408205867,1.5438925463086193,0.0695133263684693,64.33680144397863,4.262958439770196e-06,200.66765489367924,1.000025941861254,0.0585965016678715,0.0866473739479846,95.56901273682536,82.25000429777978,0.0020020824054925,1.00009590170128,0.4009521421373679,,1.1390551827880562,1.1921305154147193,0.846357247459139,0.3769049535379736,0.6273560915715419,0.4292722313093443,0.0569801026804499,0.9958605910527571,0.0630231986080836,2.2216962486771816,2.8736927226164144e-06,2.071760112645177,1.1500875107606878,0.999826056604036,1.851044998544408e-06,1.703998839586615,0.9986001245697016,6.991363082556204,1.000134796100311,0.0888523593946864,0.1995619399485987,0.1007818664190524,0.0285599235783382,6.74366013773848,12.684256132301812,0.0800240847794917,6.706581215342719,0.0845460139609133,1.4846490135192087,1.5341884680669864,106.2,0.7681863322593135,0.0924590931267096,2.341100229528341,0.4534668861876277,0.7647469304287271,0.0243471956054187,1.3981411362556777,,11.152184,0.8130901375549475,0.0365409581397169,0.167225365559918,5.302167810189904,0.6097660058306865,0.998601478027763,0.0293110553105042,0.0049574264120203,34.86613694118146,0.4590851504312701,1.2034433059751015,0.7135907269921614,0.0829236209528609,0.0016829666983821,0.0472735411452069,0.0067833207410757,0.6029289790978205,1.041654,0.2140527554013887,0.12016857730864278,0.9993409361189768
2026-07-23,66077.05646514206,1933.4132583162384,570.7268313014563,1.141418837576549,77.93926390412061,0.3287571731287957,1.0085417408736463,515.1242324154182,59.358305699739134,0.0729592845491654,352.4183338161306,8.625619417665229,57.369156870373686,0.1743814837148952,9.692396318124114,0.0143379627929919,1.8677039104626487,0.1874129157876309,219.9245075694245,47.10678484616303,0.122495326654119,6.620291321188178,3.780836548430851,0.7643976534874457,0.0665797177864893,1.4925063949655375,0.0727810799846871,63.68178130438041,4.251203104522009e-06,197.3082483809948,1.0000146601531237,0.0577836426861711,0.0901207381681867,97.37989153603958,82.21966046362354,0.0019084715185119,1.0002145631336647,0.4127534565116316,,1.1368842223416034,1.1323362449453958,0.834874255581689,0.3844113063591587,0.6221125572690637,0.4206776798230109,0.0561288817249242,0.9962649367666192,0.0634700741995866,2.207868678525629,2.8854235922236963e-06,1.9158399256596328,1.1510336910953545,0.9998147571725834,1.8523300886263871e-06,1.6962977788569076,0.99868751976112,6.937232354187561,1.000087610944109,0.0900098323077733,0.1911987818361402,0.1021849876432397,0.0282461942343756,6.690679671228234,12.23233552662085,0.07917560696055,6.706139530861908,0.0844421227902207,1.4676108276568467,1.5086512719515477,106.2,0.7617873195511369,0.0921094546418956,2.302139997886808,0.433281878228454,0.7531937504136911,0.0220960008066994,1.400346201042288,,11.153244,0.8079782566331718,0.036443185729198,0.1688547821347817,5.169067596545755,0.622072912900786,0.9986869138193416,0.0283274980269175,0.0048725109301027,33.52841625201356,0.4615436922178801,1.2044723950113487,0.6690089184716829,0.0821134763630778,0.0017059175204511,0.0484998188281574,0.006652107235292,0.6088806268934052,1.041714,0.2121782154697261,0.12018508600714303,0.9993910861989188
2026-07-24,65033.02206215462,1876.9500085020109,566.9806839843073,1.106788595022158,75.7639067086523,0.3286965172917358,1.0399258436830472,504.80100172825945,57.4932200420239,0.0691057985292065,354.90981392791025,8.453564710625523,56.57290732307503,0.1678190229052099,9.722752600534738,0.0139879715115478,1.883192313579357,0.1820548517127584,211.68713827811948,46.931225610040535,0.1221141820270195,6.248348036541429,3.7533798123981983,0.7429031595358951,0.0663811166992696,1.4611790215539289,0.0711137039138348,63.74704443784108,4.1348961767732645e-06,192.48847498185248,1.000049344796597,0.0570611761788073,0.0888188289020054,94.91083798819406,82.02208558115535,0.0018315777747201,1.0002000483728877,0.4009655931186945,,1.139239493609364,1.145916921279067,0.8154159091735881,0.3815472239844306,0.6202113769589171,0.4067302054204423,0.0573851715605408,0.9962034288045336,0.0611143932224838,2.1566160271361,2.783122434198092e-06,1.945483343768162,1.1476188255155333,0.9998602657738248,1.835689858135377e-06,1.671161684430282,0.9983562324067272,6.828425205794774,1.0000889976107978,0.0860695886156694,0.1870313035926161,0.1008767322155451,0.0281326794345753,6.669765870900021,11.920095091732982,0.0765807482124756,6.582418467542045,0.0831576126867109,1.418230218849709,1.473927614778739,106.2,0.7273929844186208,0.0858687215835394,2.158055540412531,0.4224178000148422,0.7353550452783918,0.0214320848869548,1.3878335472579246,,11.154292,0.7908059184246258,0.0382234030044352,0.1643854921507744,5.182733249459172,0.6179071949334266,0.998740564089929,0.0280022257510949,0.0047778028830485,32.88007916712123,0.4518861152568961,1.2008017737309893,0.6416511422461562,0.0827586978677642,0.0025095034024757,0.0459120569906164,0.0064667046867103,0.683774684842124,1.041846,0.2088914760393333,0.11863846967821777,0.9995064813404944
2026-07-25,64099.00415642356,1861.264162723421,564.3237287662356,1.0914638894265796,73.92669024333507,0.3305595919230067,1.0172255770827017,488.5841292663538,57.44930971172513,0.0695344909491516,363.7485608323941,8.328646191405213,55.87318198589775,0.1638596824160888,9.66348946063973,0.0140871900513659,1.8033961695388008,0.1777353436248102,210.7939606289952,46.32514843072232,0.1186853541627973,6.305744696492143,3.7795363040881456,0.7101380600434924,0.0667086406713244,1.465954596048403,0.0708955411191283,63.43449210625085,4.182322297259416e-06,191.21608129598613,0.9999478220808192,0.0568330260381392,0.0870296636003287,92.82944717071608,82.29809092943611,0.0018309422000528,1.0001995693971266,0.3824412402370363,,1.1364095458791166,1.2013774843311116,0.8088760370895003,0.3442948390864324,0.6292875822299941,0.4100485540102865,0.0574310656934366,0.99574829558509,0.0581126548723425,2.136490220854693,2.7154275747891333e-06,1.9314892415909617,1.1479720120598442,0.9997748219139332,1.8363961440651109e-06,1.6488644994332016,0.9987855511990475,6.549088844361573,1.0001637768657514,0.082892421806739,0.187071568858606,0.1028677221287357,0.0277077579459027,6.583000493082006,12.41885015604424,0.0766290539344966,6.466969618642445,0.0859881139886641,1.3942608469254585,1.457330315601786,106.2,0.7186527566224944,0.0829414807814513,2.0329157274379823,0.4139250605465968,0.7413688739559611,0.0201781062725431,1.392379653528805,,11.155345,0.8544024953750757,0.038382055851336,0.1451474981280441,5.167764744834237,0.6008616374630887,0.9984305807941802,0.027733980137262,0.0046972137991323,32.07710103995668,0.41894024258736,1.2011604755674383,0.6231109661853997,0.083177735450295,0.0027493505250719,0.0439726247401076,0.0064064998438205,0.6372405225817089,1.041987,0.2037832713678957,0.11488982578779598,0.999485465902698
2026-07-26,64316.36420628235,1874.031721055896,568.8358007048037,1.0973442645114733,74.46821345207313,0.3313062541069707,,484.9788719736648,58.10078636960365,0.0716738140101907,363.8679166070128,8.377937724161898,56.115549164564165,0.164786935581579,9.710689519412371,0.0138237509178197,1.7909776081319555,0.1780420011394044,209.54221693989587,46.50382354889384,0.1224082044236107,6.780752508835001,3.666918936908769,0.7107881211828814,0.0777609982619121,1.5047000110316149,0.070902825562911,63.35133052335407,4.888079679026097e-06,191.4378292914489,1.000230363354698,0.0565109558319477,0.0859349114297168,92.04800806406968,83.21593423014716,0.0017808003374598,1.0002952026846943,0.3774175651467287,,1.1370086384027882,1.2355443095848124,0.8133230384021558,0.3442377004408808,0.629680867180496,0.4114485179462565,0.0561851180554149,0.9954483688949644,0.0580209763795541,2.147700837376419,2.7362129731359616e-06,1.976051260255527,,0.9998063968233292,1.8297086503696048e-06,1.65603291495974,0.9987417864178276,6.695270589855016,1.0000274787734444,0.0823548551742104,0.1862345671128239,0.1035080149043748,0.0280349488151865,6.662231866402362,13.31861545130498,0.0767443485431597,6.6154018833253385,0.0841107313855591,1.382279066400253,1.4621915300741075,106.2,0.7353167434712903,0.0827663455156004,2.0654405323247307,0.4140318164631699,0.7407651135311202,0.0196578998915396,1.4022530459429634,,11.155345,0.8595918702080672,0.0395985854511269,0.1371835092755802,5.069788677289717,0.6105842584249636,0.9987120588309624,0.028222979332408,0.0046779161095707,32.514767788501395,0.4077445843951466,,0.6212578927259487,0.0822749456774007,0.0030595973378557,0.0426556682930507,0.00641999101652,0.620034911268907,1.041987,0.2031334369372955,0.11411637827747717,1.0000254004325464
2026-07-27,65310.39342889224,1951.7881774065308,575.0672982140798,1.1115911573113,76.60392655867378,0.3320107889189688,1.0149357941190245,508.5809387964734,59.60997493349711,0.0732924719504063,352.82335369455694,8.812967437769595,57.26371423115408,0.1657225849905734,9.719934167197058,0.0140662629703824,1.8379614853709048,0.1822036053177025,217.2314209033333,47.76711029124193,0.1247061648854215,6.731899710600773,3.8833666861939298,0.7224536440656939,0.0714963182130324,1.5150370961248885,0.0701621040338562,63.68695040346768,5.324382977471468e-06,199.30533672648195,1.0000262533472013,0.0570687354976509,0.0900351633344002,101.69254136896927,84.73623101651069,0.0019943659775871,1.0002275107192025,0.4035190297614784,,1.1394227691126502,1.2323097236978415,0.8263342269583673,0.356652465066032,0.6285139001391208,0.4160843908144291,0.0552579318459925,0.995297016278328,0.0588521846047759,2.1934180353372974,2.9753233356879536e-06,1.9582127148099284,,1.000040235747365,1.822747029745691e-06,1.6787353052053955,0.9986517683030802,7.090059617499303,1.0001861104410523,0.0830671935219131,0.1914922317308873,0.1047123216467607,0.0293451062870217,6.686821852195127,13.782752424135673,0.0776189744057517,6.685915079591823,0.0847797013731952,1.3958266985303232,1.4899260964798822,106.2,0.743247409988912,0.08279989951069,2.147741829901204,0.4289942995383141,0.7441162257864029,0.0196168413435181,1.4134077390595523,,11.155345,0.8634281998873479,0.0386776679629202,0.1463896588769239,4.9990586412077125,0.6280476626733207,0.99886009335126,0.0279672047558501,0.0047363909166745,32.89237058361855,0.4277332125690851,,0.6396324528903216,0.0825084897094777,0.0031306444443007,0.0435434899846541,0.0064345130770812,0.6501356787184961,1.041987,0.2100108917222909,0.11470451630800595,1.0000988682980114
2026-07-28,63673.70583727069,1890.5713453129133,565.6186945632496,1.0646593216696538,74.197598700806,0.3245201845718414,1.0318205415146833,477.77336691212463,56.06338931160982,0.0703308109258613,345.4991503448504,8.36939540035877,55.71975994455015,0.1557773436023402,9.7530678880182,0.0137343889277308,1.686431746104779,0.1719376294010384,211.91081502827424,45.99040444727139,0.1198026885349322,6.403738853346056,3.7086104297086817,0.6804549867183881,0.0738359213923599,1.458695641950247,0.0681069473728155,61.88675715300098,4.836662713306617e-06,187.3270484144804,0.9998517706155176,0.0555924223688413,0.0821984764743496,98.0299945081808,85.82044002396518,0.0021157506264555,1.0002385042844906,0.3942348295185955,,1.1391754926343065,1.168375886759123,0.7581508756292034,0.3274230077234081,0.6198122955358248,0.3999611954689866,0.0546463651776563,0.9954139069506136,0.055762222427506,2.0960784846346323,2.8234671849310143e-06,1.942431599730364,,0.999797494993496,1.782649812402259e-06,1.6589983322415314,0.9986254435693708,6.796159157280356,1.0000566816271343,0.0771857638077912,0.1815080411121498,0.1031883234772937,0.0280135015736941,6.551569009351113,13.012616451633344,0.0734327616179828,6.69241002363947,0.0800164862712749,1.2980204716955257,1.4092732954370022,106.2,0.6941991891340159,0.0771153226024025,2.127285488693724,0.4401395395308131,0.7242547262530219,0.0187147833608632,1.375051522569283,,11.156412,0.8904465416607141,0.0370304150077379,0.1344509640942771,4.721208992765008,0.5920307702197162,0.9983286882724156,0.0274414631745242,0.0045048858187554,31.22464178440249,0.4126308759366558,,0.6032480428558183,0.0819435131808546,0.0040230420467289,0.0442386015522887,0.0062805887991165,0.6326656604126404,1.04244,0.2073720783857119,0.1056598043902235,0.999313873259547
2026-07-29,63957.0445311038,1922.998857821024,571.2668124122416,1.069405546793824,73.896390368975,0.3245558717937826,1.001098113496692,466.5441693513662,55.19629767038287,0.0709601163691611,341.66098327436066,8.459822389415697,55.99644318965828,0.1620831691120573,9.757327053161092,0.0137489511562411,1.6548782942605451,0.1744036585660616,214.2694800150037,46.24466362054039,0.1192729696976444,6.597209966843879,3.895728724104437,0.6931476978019092,0.0894187444785429,1.4509407921426996,0.0684215490468024,60.57223769051559,4.63924157570904e-06,195.2860757205916,0.9995603772711203,0.0556073812225126,0.0835259332013686,101.24139535269852,86.31236293466198,0.0019745429964246,1.0002770319521683,0.4062371503658463,1.131958307511509,1.139320004014828,1.138444488813025,0.7618893956438793,0.3183608807954412,0.6211241886794157,0.4021854641196528,0.0546585077808387,0.994968519862068,0.0570450128308262,2.120371025909885,2.809678586693052e-06,2.0283745464475134,,0.9999413303494318,1.7755083520810278e-06,1.6641818045430865,0.9985344311010904,6.756764961344863,1.0002617014035415,0.0790785920373097,0.1918817493340969,0.1005219542798855,0.0279571097808174,6.584049974026972,13.045866862224042,0.0726066639174072,6.696417990696086,0.0800337189944187,1.3069626848805946,1.4236969419570014,106.22,0.7077304207622882,0.078481639043898,2.311148423977823,0.4398560811467445,0.7307837728990404,0.0181500676355172,1.3787358483731484,,11.159622,0.8189458878202354,0.036289073527456,0.1377868889109307,4.631728576490136,0.5867355227664163,0.9981307365811992,0.0271761680624362,0.0045769081792856,31.41271085348337,0.4163108051694342,,0.6051434862494716,0.0818154089395719,0.0040865443561075,0.0409154966970631,0.0062465103287855,0.630005818452547,1.042543,0.2115753687553956,0.10369236053252726,0.9992480317295396
2026-07-30,63934.10397135411,1907.7810005881445,571.3456045820982,1.0723732473739371,73.6054627408716,0.3254766479724056,1.0076671799804808,467.03071149014335,53.89765353497827,0.0700896526271947,353.3196303640182,8.322541386956384,55.89642690461527,0.1619138468158251,9.771568455406536,0.0137582994788489,1.6177249186089513,0.1717866259287547,210.98557524772667,45.41653161148152,0.1222149475312737,6.418055814138998,3.987580720371005,0.6860794283198991,0.0827129493298719,1.4044995478446862,0.0678073061450793,60.78887989951473,4.6377309205533234e-06,190.45322082551965,0.9996658391099532,0.0546191087423258,0.0780175079276926,95.78221950833662,85.56294360065593,0.0018605643602048,1.0001235920671954,0.4032114291341862,1.1316531744990774,1.1381111744082897,1.141455315660583,0.762859781876388,0.309728613123692,0.5973080997330933,0.3960062649940362,0.0556730728807862,0.995194913521938,0.0574188808916064,2.0605090614447072,2.724422693925613e-06,1.9787086856258007,1.1555133954895345,0.9997638772887144,1.7892672390429554e-06,1.634249663520757,0.998112430594918,6.673079529209014,1.0002724349773315,0.0791405594023068,0.1976850759504076,0.0991241394177025,0.0274029312425534,6.467208274729677,12.48982082390151,0.0716414188936341,6.598460855577639,0.0773336599622082,1.281245862393008,1.3974561242544048,106.22,0.6782759334695615,0.081652892054525,2.166945215256496,0.415960400467497,0.736304893420626,0.0181920248326262,1.378245841491849,,11.160697,0.7582332597559468,0.0355102764368491,0.1348228093135518,4.607156286373887,0.5640473720449961,0.9982729572692488,0.0270863110164685,0.0044851670851468,29.634988684810523,0.4007185642249472,1.2090220760232244,0.6018199636081575,0.0815569232280423,0.0038022979035728,0.0398298909615108,0.0063027394442293,0.6326350087012258,1.042619,0.2088738516553157,0.09639111383077015,0.999515274195958
2026-07-31,64776.94132457678,1918.7644614332808,591.5305009814437,1.0831657813468447,74.52193415556854,0.3285080901768374,1.0386361049232624,469.7851718133338,55.86168586907562,0.070605088610792,360.17194428505945,8.456864238181373,56.47606487843971,0.1699793689330458,9.7833923696309,0.0133359909793538,1.6800233441103725,0.1719179609310522,217.02956784737648,45.56714776019894,0.1210344088299434,6.436051690311373,4.438127956383951,0.6921197015108733,0.0841396251285038,1.4297482019609884,0.0683824450909524,60.71453954962019,4.718228033098728e-06,192.7513035354351,1.000322523082663,0.0552356584427046,0.0812050355428178,99.48984783831676,86.47228233242113,0.0019900998932819,1.000244236793834,0.4154850828694928,1.130650318733966,1.138697796886237,0.983908596300593,0.768796306980064,0.3070453378448621,0.6085407065132614,0.3970981170814008,0.0549710241293763,0.9953509638011924,0.0574372959686862,2.0672674027572504,2.764357991987868e-06,2.01934523772484,1.1631742841403347,1.0000033541235922,1.807722511561854e-06,1.632799454433467,0.9985782651843278,6.760908232240058,1.000251884456122,0.0774557115356927,0.1948125954469439,0.1029233191643541,0.0277056985820841,6.5110786206221904,12.365625437527736,0.0716098142791185,6.6880490202360185,0.0790011339246984,1.2827971177569657,1.414124416793345,106.22,0.7142569970547372,0.0827393062908502,2.2855218597648936,0.4324148568347302,0.7319126776194568,0.0187931068063434,1.4578590790412431,,11.161771,0.7655162622280195,0.0341101675414167,0.1402801832762991,5.022060498753088,0.5685002753703862,0.998749789156807,0.0263186384482093,0.0047066165500697,30.26801534429669,0.399992759953317,1.2169350582302518,0.6116537230289885,0.0822252895061803,0.0044912026637648,0.0407854722560895,0.006291661412881,0.646373690724221,1.04277,0.2119989878670957,0.09497171679883472,0.999478747539286
2026-08-01,62896.51265124351,1863.142662703628,587.3052624374786,1.0624110638252442,72.88371649282755,0.3257280626619551,1.0161048232097476,458.6220477993343,52.62954091895408,0.0696837489289771,358.5717924644426,8.175571384153535,54.81835965471614,0.1683819399207157,9.76274420235331,0.0127195483870673,1.6646775227739363,0.1721707651584244,210.03233123936192,44.31329780371476,0.1177055050122984,6.390673291429862,4.351723231143895,0.6829894454882117,0.1008392875664743,1.4039869579489246,0.0687932201056789,60.14005768059831,4.716990944083149e-06,193.51239715398845,0.9996098924536304,0.0542895755057451,0.0805002217933297,93.73690956015238,85.78208358316942,0.002071923482032,1.0000959461032202,0.3911298215009638,1.132077889666184,1.138962505763423,1.0844900144513476,0.7589282909171106,0.3005117932551515,0.5998449260983671,0.3922046542608455,0.0548720368839832,0.995246797508673,0.0566016591021369,2.0755728505172875,2.7618871664202795e-06,2.006140239116061,1.1646062477071206,0.999598987613834,1.7772943063047658e-06,1.6198548784660678,0.9984991492176294,6.608256149559696,1.000050408118351,0.0784584643890739,0.1929401727235618,0.1029741296047059,0.0272333255072289,6.507911076780458,11.847174885179586,0.0713488874414711,6.517932073549751,0.0788592857801914,1.2252563843639988,1.3789819466027435,106.22,0.7154074236890672,0.0833144428062606,2.068822750201516,0.415892273645851,0.7201462652796095,0.0181480766633748,1.4549839193397782,,11.162843,0.7424269644908261,0.0338830862747006,0.1376314537166006,4.873697209421545,0.5561224994772493,0.9983260147130164,0.0259620033560139,0.0047510948266167,30.997947979095947,0.4149644939999818,1.2184793969640546,0.601544107311932,0.0824221354468748,0.0043631862621907,0.0402487602239984,0.0062569119736519,0.6359284081155295,1.042924,0.2081616192236428,0.11655182156884238,0.9994563868733084
2026-08-02,62802.63461583794,1844.6142829481887,574.8457054125378,1.0608781098696511,71.89477455090024,0.3277243548261645,,462.365626881434,52.199165596630266,0.0691217146577386,363.8046271156683,8.060658731722004,54.706107350224734,0.1742194533160856,9.769936129366142,0.0122852360528037,1.6758886072307124,0.1708887241169692,207.918077012722,44.18206780918936,0.1163894545505965,6.18323041177833,4.081368767450241,0.675784695096304,0.0900224722850355,1.392669540107648,0.0690516237424228,61.149197962122685,4.819686351915985e-06,192.54899770424504,0.9998876929340288,0.05423732279215,0.0792811655306576,90.538643501956,86.38094445172823,0.002117416156639,1.000213038502672,0.3802442559665167,,1.1386438358102964,1.0827348965277976,0.7826857166802191,0.3002221057961502,0.6000130670511302,0.3946790787029967,0.0552168657835488,0.9960999731661456,0.055927435275571,2.023679874050341,2.7779742668315534e-06,1.9407964055811289,1.1646062477071206,0.9997133017878556,1.786599316426897e-06,1.6265545243170494,0.99832398631292,6.508888208837193,0.9999442541593766,0.0790159339090363,0.1930250005773365,0.1042835112785501,0.0267991413293804,6.481181388020606,11.598434762513564,0.0716447610109859,6.54365219859671,0.0790063169693306,1.2249955992268775,1.3505552602231776,106.22,0.7006486758122938,0.0865613890895391,2.019599411178316,0.402746883052289,0.7141235900635964,0.0183766383025327,1.4049178951003751,,11.162843,0.7242650941979164,0.0332804095940352,0.1393588236789025,4.863083691840696,0.5516988307922999,0.9983352876710118,0.0259584960125315,0.0046436188129371,31.140616695055137,0.3960947037482711,1.2184793969640546,0.602638092697507,0.0832268041662431,0.0059508680008527,0.0389957197229899,0.0062413920810394,0.6137015893172686,1.042924,0.200132969151969,0.10700074285063498,0.9989605082824125
2026-08-03,63466.47029088457,1881.7059929808208,587.0022343683296,1.0853659957000843,73.49238900512461,0.3263871880907757,1.0228559722417274,488.70310596004265,52.57009381854647,0.0706808382327055,364.205454375089,8.374457562823027,55.282494979586346,0.1893218844956965,9.748347475381296,0.0129043961296533,1.7174404848000349,0.1741867170363958,212.55813279008245,44.62569444428589,0.1166286015295029,6.548675146136287,4.163594015505215,0.6889441878543096,0.080408411592628,1.4265302118985357,0.0699998933112801,60.44950136578618,4.896244998785315e-06,192.10951463648945,0.9995114232896958,0.0548373910275703,0.0893763779852974,92.03317975965663,86.67505410128722,0.0020788286331077,1.0000274419787345,0.3780067394453517,,1.1400562272904669,1.1873857345351493,0.7977271821478784,0.3159331324063484,0.603714613489153,0.3980755814735049,0.0554911514493596,0.9959835630028177,0.0562864185265789,2.0763994393739447,2.902293879967501e-06,1.9428354049449552,1.1653631568679288,0.9998077399659352,1.7948692673234924e-06,1.6335763904764236,0.998115782060373,6.618479018503652,1.000068140102094,0.0815526878709081,0.1948501426557268,0.1060519401843578,0.0267921733129362,6.481654916928795,11.862435188426002,0.0729065712518574,6.5795127830483375,0.0859634951636343,1.2667743659487678,1.383400896462255,106.22,0.7180056388561943,0.0857060723678195,2.0342516515673994,0.3990153540322283,0.7325387678632921,0.0193218226945388,1.4416312458506122,,11.162843,0.7150016944293183,0.032452184078269,0.1389841072784448,5.067423968614325,0.5624666428948643,0.998277054933935,0.0263081198071162,0.0047011365386645,31.428048756707973,0.3991506488800331,1.2192713197445082,0.6119340458170985,0.0810576108159501,0.0047906965592301,0.0392313313930574,0.0063229863623764,0.5715410411816014,1.042924,0.2027557896091218,0.09906421957429513,0.9991364206906076
2026-08-04,63472.83055254542,1858.1994088400288,588.5269846764819,1.0745379473407068,73.48633287167131,0.328705620967111,1.0058385955036364,483.3416023436904,53.85896919069901,0.0701352659347015,362.4646160558708,8.177764160472297,55.010596423020296,0.1935981942119566,9.75003295486922,0.0127022290385554,1.7351996600841897,0.1711442262636758,212.871008504468,44.21676252995682,0.1145410355826576,6.568809811392729,3.904401483405671,0.6904692413872434,0.105241892211006,1.412464764594921,0.0705331902701737,59.62860909720688,4.978677630050648e-06,191.4671157977961,1.0001220717542243,0.0552086705611102,0.0927884559112854,92.28694209319066,86.21734679844398,0.0021305883511104,1.00010109086051,0.3710050772386454,1.130668303246673,1.1403045601428994,1.189311742941596,0.8241790978560811,0.3238574353486511,0.6001909807487343,0.3966699641222899,0.0551284157383467,0.9956529941948236,0.0560631228524047,2.1158492638598627,2.9035122193499485e-06,1.9364007758772688,1.1617745720016526,0.999671193130194,1.7974490946787274e-06,1.5992910591614002,0.9981600232030446,6.58625594867203,0.9999691613103884,0.0826058101599179,0.193979841747122,0.1053401075706512,0.0260994689026905,6.461289468079535,12.342380665070491,0.0730021556396764,6.4499990527501225,0.0901927212938876,1.35950591141028,1.3599242312301174,106.22,0.7232352512474174,0.0827666668280882,1.9978029404173927,0.4011136610553101,0.7223583433529628,0.0193423638455458,1.4351559838851795,,11.163903,0.7403576730763479,0.0316386002140465,0.1382942476620529,4.9480364193351445,0.5747858728501852,0.9982442352172128,0.0260083487694802,0.0047301201939681,31.158311596301942,0.4027961662272207,1.2155199099641307,0.6112699762029276,0.0807216520096754,0.0044155446154805,0.0391437318537818,0.0062908146345832,0.5775986000657235,1.043331,0.2058121867032211,0.09651866410456784,0.9986876041334916
2026-08-05,64039.40942040227,1868.126838502906,592.7367929494023,1.072566817902427,73.69236764257435,0.3271064428722656,1.0030031141698117,505.6439360866051,55.034591621779285,0.0699770222385229,351.0409129491032,8.139883608787283,55.40981197061562,0.1928282620825157,9.77193432719944,0.0124540138929242,1.728093109171607,0.1682971351188819,213.21137969570256,44.84685347816873,0.1088584945287583,6.681343023126651,3.84627685842217,0.6923311260826236,0.1349275159920364,1.3857968052267728,0.0693606119548263,61.07181335463164,4.978150480849621e-06,195.56367447403247,1.0001396384781442,0.0544828588436646,0.0922711766729815,90.40772130457606,86.79370664019494,0.0024326120779461,1.000074034543613,0.3735504552834074,1.1311404880326708,1.1406722883070113,1.162171676210678,0.8567919998551519,0.3188635225468686,0.6047260576774683,0.4012643720073754,0.0548083298667116,0.9969429734250352,0.0557280115619716,2.087685831114136,2.884946124180769e-06,1.8812258090468783,1.164253146340282,0.9994636182924396,1.7958291432452647e-06,1.6120338953337183,0.998634653111502,6.576807279397313,1.000005019939321,0.0818339516690028,0.1881171425607406,0.1062209142331731,0.0263730875324162,6.448523213240167,11.631333353772757,0.0750672160945156,6.508498826784197,0.0894471529014501,1.3755136010684996,1.3394995730541617,106.22,0.7174620732334922,0.0833110420035678,2.0635186902880744,0.4134198534190119,0.7220095499665472,0.0185834121736379,1.411879218862834,,11.1671,0.7807452473840135,0.0318316729137243,0.1345698533103293,4.877868668659541,0.5771683818857485,0.9984713432936836,0.0264907968549523,0.0046566964617799,31.231503622814564,0.3540829202844053,1.218088602602866,0.6158185607194329,0.0828223924418116,0.0042881181894038,0.0398893651539714,0.0061072885805422,0.5249805250554349,1.043455,0.2051663561238718,0.10085503519242639,0.9985361426174943
2026-08-06,64574.31265301755,1906.3637301659685,593.6150491785196,1.0607886676633835,74.00635491185224,0.3271750308450078,1.032763946253656,511.28607371539255,56.94950601322567,0.0699904936375522,366.0380498945121,8.153979353161239,55.96651594882281,0.1911668286525102,9.752218146582347,0.012572616200266,1.6969319238142022,0.1648147691506342,214.2994028808735,45.311360437508085,0.103672136367415,6.657159013098305,4.04397331973258,0.6897203044294368,0.1629063108286021,1.4027112288247785,0.0690584086113592,59.742332283200135,4.920307387072957e-06,197.25899447616447,1.000610331077895,0.053983184613544,0.0923182427015028,89.78720305893238,85.89125006783037,0.0024064589778253,0.9999788610941932,0.3734124666162408,,1.1395725416327496,1.2201950449087386,0.8424386722904671,0.3166759902313494,0.6048575672142346,0.4068686693224198,0.0534093957120946,0.9966619484611546,0.0564180386537058,2.0892428029157,2.872970891482996e-06,1.897963643702324,1.1669660048864945,0.9993533461358036,1.8003379991158483e-06,1.6245206748271264,0.9983502482488678,6.521013383941446,1.000049847175194,0.0803219669015295,0.1884373832044442,0.105469121125874,0.0260822388766151,6.541455037248122,11.551307666508295,0.0748984853930173,6.60130379415323,0.0882401322226813,1.3521052364829975,1.325036565682458,106.22,0.7204592117390474,0.0914616220906107,2.179313143040776,0.4231205944281789,0.7250369305987735,0.0184534913437956,1.407313796208879,,11.168201,0.772677086798915,0.0328131711882585,0.1334060453365586,4.857599764395708,0.5921478516854733,0.9976821863331023,0.0267239079964943,0.0046415433811771,30.82905712368532,0.3716005326378468,1.2209139177247523,0.6181133422607706,0.084849966960552,0.0040397938774291,0.0392805186275751,0.0059853569686747,0.5237929617938586,1.043671,0.205152994255067,0.10049072486396042,0.998702830679141
2026-08-07,64289.46264979674,1901.801377193232,592.5095699397374,1.0340704476104514,72.66980741079921,0.3268806921972367,1.0183024938614351,502.8479190623174,56.16197907816554,0.0691277389801651,369.4325803757756,8.195004188929639,55.65592800272689,0.2010003736508744,9.755486594544806,0.0125386737945539,1.6556405232574982,0.1613429308980491,212.5810482939144,45.392797526160656,0.0914943495422515,6.430973745348575,4.010482615597057,0.6719868746568839,0.1936907882511329,1.3676867424143038,0.0681741127747129,59.39380735006068,4.674269475844723e-06,192.103095952104,0.9996450389659228,0.0533695739191083,0.0927856866972299,89.65607834364566,85.30699372960015,0.0023834102247661,1.000104130895757,0.3584346532780036,,1.14159172901387,1.1350014021994157,0.8207758707465223,0.3032579924633162,0.5996999559534294,0.409088908199575,0.0527080106718672,0.9967759207207167,0.0552887771151221,2.094013133961267,2.805608480076184e-06,1.9144308128531664,1.1637139126516474,0.9993310322388274,1.7983704447431576e-06,1.6148676534901278,0.9984502650959132,6.49682311797297,0.999945777387132,0.0782819337424014,0.1803423648440121,0.1054964876980363,0.0256266927177012,6.659422840851725,11.399834328678768,0.0753432136372474,6.562226301132377,0.0873936456725785,1.352101345878894,1.3379624893789035,106.17,0.7038661630151511,0.0889918509007355,2.386391872588194,0.4362392095926888,0.7230121715201139,0.0189370268105438,1.401840608158403,,11.169244,0.816634312940765,0.0329408257738494,0.1297552730681538,4.572569230212063,0.5905537531044945,0.9976902961804068,0.0267435284485217,0.004631652704846,31.129059752435204,0.3611702271935553,1.217425877672662,0.6106881914327117,0.0884647067431258,0.0041292149922658,0.0386305787735226,0.005953121859592,0.5472214603226367,1.043906,0.2145582531341484,0.09782353774775589,0.9985609660410651
2026-08-08,64872.60073274102,1912.1593085949448,591.7963049870815,1.019922238674419,73.58959862413316,0.3275668316074785,1.029673037216212,511.1067440209735,54.06218315549806,0.069554227979288,378.493524722064,8.17840549317765,56.11291390330611,0.2006373648723741,9.75564554470047,0.0127133311494041,1.588456974540931,0.161229783021587,214.67992521072665,45.48687950663126,0.0909633992001352,6.420334680777398,3.970155705468197,0.6718449824907136,0.2207685040934111,1.3537438681689669,0.0680310254053344,59.90820153287411,4.6213598846591095e-06,193.16983376809512,1.0001097692141132,0.0503983944488138,0.0910239796843008,89.79978047654967,89.93396787795339,0.0022673816782082,1.0000366854403664,0.3469289698353636,,1.141159962979576,1.1563329525634842,0.8172529098059246,0.3038981916188141,0.6002665938715234,0.4182753489379791,0.0518310108050564,0.9970419139244884,0.0546238111378642,2.100313453351707,2.8096541153323483e-06,1.8392357626939164,1.1676574501833588,0.9995329641765376,1.7920678960395856e-06,1.6184438218085706,0.9985725021409252,6.4624193855515,1.0001710873310998,0.0789841941248852,0.1801050666135112,0.105439745426965,0.0264451920781209,6.62664440498477,11.308692906944296,0.0749347666253617,6.576074137052622,0.0888111770651438,1.362452067687321,1.3111917793239634,106.17,0.6826025078591166,0.0884848767254962,2.2958468395284823,0.4416365211230534,0.7331449929816706,0.019030763618901,1.4061719593433797,,11.170313,0.8316165174478399,0.032227672713384,0.129551792322318,4.513677593709965,0.5792327255083055,0.9982987289953088,0.0264080156947489,0.0046826969079555,30.78541006138328,0.3808801997544154,1.2215736463145628,0.6208776095735971,0.0923228477015014,0.0039768230283775,0.0380896608651375,0.0060003789705242,0.5099482315952683,1.044068,0.2128066407356624,0.09674337552844059,0.9985174848180624
2026-08-09,64916.00547973986,1915.383699218076,600.5166495550666,1.0393963675231654,75.97049830242541,0.328914254595864,,507.76056741141525,55.07556858506454,0.0703859991556583,377.6243251164438,8.304013548299567,56.15710923434584,0.199145598248175,9.70706960375003,0.0126672610582807,1.612364759041107,0.1644794190686251,216.0501297333708,45.97955689033416,0.0948982680743593,6.473252539483084,4.001081069737422,0.6923134170746056,0.2016764294611892,1.3624067967180014,0.0689843047408753,59.1812214842853,4.6205645743464414e-06,205.494998584788,1.0000856201308614,0.0490232943666999,0.0901914472922337,91.22029312523031,93.7691519553618,0.0024096074588691,1.0002090407690876,0.3518208493291304,1.1334453001522409,1.1387848962091636,1.1436730409404925,0.8148172402334329,0.3056114024419692,0.6037743460713982,0.429071065030392,0.0512952199171508,0.9966520121315112,0.0542321437070839,2.200499525973753,2.8513856479660814e-06,1.9342517541308928,1.1674482474827397,0.999511638289698,1.8009014161777997e-06,1.639324365795422,0.9987776179214188,6.510853641445333,1.0002177795257352,0.0781161337027823,0.184241631772701,0.1001570099719621,0.0266542849316887,6.705288487139371,11.287245612597932,0.0763885567375219,6.667801580747296,0.0874513521433432,1.383303085949947,1.3232371019387767,106.17,0.7104431810895966,0.091992431465859,2.2751237240204643,0.4357229214465383,0.7412690164523461,0.0187946633299266,1.4406509957146514,,11.170313,0.8345323224412718,0.0331295757051932,0.1326703191932043,4.407437699468538,0.6029022730674589,0.9981868059981766,0.0269121344472283,0.0047359133069997,31.92667776612132,0.3828451900087544,1.2213547837485133,0.6386015230446761,0.0918418044943279,0.0039249089359556,0.0402556371145738,0.0060945156082768,0.5258563820190553,1.044068,0.2265847722434093,0.09713602594575424,0.9985914238047052
2026-08-10,64860.52128247015,1909.646181450133,602.7898392545417,1.0291003954236622,76.26663533085217,0.3296290637442,1.0018600094264822,510.5330128735066,53.91524363095355,0.0691751342290545,394.286578372531,8.18127393552097,56.05524770449647,0.1940931458099131,9.712751725535425,0.0125737624002689,1.5980759809091751,0.1623177856640054,214.61715549828915,45.38580111550496,0.1010135175984292,6.404855652235385,3.988621935443872,0.6855879858233819,0.2157922163805363,1.3164749578984123,0.068527334922721,58.26807975436801,4.618998008980793e-06,201.6565445719704,1.0006413294532994,0.0479666307368854,0.0864549047974908,90.5885311901727,93.87380795294928,0.0026756194083115,1.0001605404459866,0.3484417353443788,1.133360625033983,1.138823237258446,1.0951476052482263,0.798053483644852,0.3135547274469287,0.6125979713083278,0.4233281586658797,0.0531654034798605,0.9968983168426035,0.0531687486467878,2.1733976278518687,2.8793839786082294e-06,1.9139958017770329,1.1673160160651854,0.9995823060048268,1.8027952280201568e-06,1.6130623962811628,0.9988052445596156,6.419171931669531,1.0001243440223069,0.0777470844025446,0.1804070058865953,0.1009196188808241,0.0260210918511515,6.745639736503763,11.5901476336877,0.0775722166272106,6.597983340764355,0.0825615424541572,1.3741801254696937,1.2962754230923863,106.17,0.7002276279032273,0.0907232255361651,2.306478264764774,0.4171470857636328,0.7347286809221216,0.0179655788327595,1.4433911497252685,,11.170313,0.8391240179280558,0.0325477621736516,0.1298051455603945,4.300586955883468,0.5890550370021134,0.9979258693004356,0.0268974361842645,0.0047085697259718,31.01902969573231,0.3825529438330699,1.2212164465890374,0.6323345285041145,0.0914500424069043,0.0041565720784878,0.041816246928825,0.006097334027174,0.5178649655191926,1.044068,0.2368475578015397,0.09677387993888861,0.9988607841625222
2026-08-11,63915.71213556821,1871.397655188316,598.6196895758089,1.0112911348316656,75.92477495236717,0.3305610300153623,1.002708617064192,495.7031435723623,55.04400866077295,0.0696440379448786,396.9607413076957,8.290285880741026,55.15549941636508,0.1906983157345776,9.646627172419054,0.0128517635445991,1.5996778324833314,0.1613272991625908,213.09850634097285,45.09498040267955,0.0975437565966659,6.431043391178593,3.9417755762613433,0.6838453880391431,0.1961764579477235,1.3253606286116977,0.0676162763590693,58.16579958442497,4.5094740321014165e-06,199.4591304296008,0.999927031511604,0.0470816506154583,0.0878940818388027,89.21359135288522,94.75654700670236,0.0027760036095558,0.9999553785251296,0.3395595585207608,,1.1390287331866362,1.0962315324771332,0.8048909019010408,0.3404262346208657,0.5998630405981652,0.4452332555902037,0.054884657466466,0.9960431300956148,0.052797424652742,2.284962357157355,2.87315860197503e-06,1.9343684047565628,1.16606116019427,0.999322427015042,1.8155529463073629e-06,1.6296557908206382,0.9987561940071278,6.388393474561026,0.999967601709856,0.0799320868866545,0.1808166902975762,0.1014539705101771,0.0259130631563039,6.7266969519833335,11.873204812805511,0.0763401633678462,6.6178197947932125,0.082395364992337,1.3991935073488424,1.25893803703856,106.16,0.7022819572371961,0.0867906948585034,2.3825562954756614,0.4154020028771782,0.7236345999562414,0.0178105141093912,1.4424344131134803,,11.171399,0.8561628648438339,0.0324422563415191,0.1308142853624137,4.381356555707036,0.5878363833488022,0.9980353748980384,0.0273793497031406,0.0046339617326755,30.82560312984544,0.3864983269812677,1.219817897824679,0.6314146978842496,0.0917346842153641,0.0039524870741078,0.0426438795689436,0.0060528438422573,0.5162825929683186,1.04445,0.2628533629353771,0.09433101230743823,0.9986798309302776
2026-08-12,63537.55988964766,1880.4862005694613,616.2792086001098,1.0217976248782756,76.21620473970299,0.334886888395544,1.0380943857469442,480.66499804092575,54.442530206647206,0.0718368086504647,377.1738335746389,8.770230908898725,55.02925077556881,0.1869429991401291,9.413753689262448,0.0129268421394307,1.617847612633165,0.1619339640008156,213.6587085023303,45.45592261718864,0.1005980294686042,6.315464350622936,3.7474243771489553,0.6924280432866591,0.2049061638340632,1.3368045932435642,0.0663996277316635,58.01587118673524,4.489063998519149e-06,201.4505521002845,0.9998807160928292,0.046908497130273,0.0900606504676301,88.21430951242031,94.68582680773451,0.002722217447301,1.0001738946776664,0.3354116684277927,,1.1395152964124995,1.1259000908101338,0.7896204352150403,0.3357147665579817,0.6048651882719048,0.4344515914362803,0.0549102129154016,0.9958954406688908,0.053356392610699,2.239305583791438,2.8345617132046464e-06,1.9616345951465075,1.1660112083941754,0.9992113952308814,1.824353386093412e-06,1.6372975273518793,0.9986985604776776,6.375925107036844,1.000067737587459,0.0801735320110835,0.1755341657555953,0.1003764871992479,0.0259614177446903,6.743098709797813,11.491241326615295,0.074964115318022,6.6654972954111225,0.0809313718478186,1.4349902411431186,1.2633630785601109,106.16,0.7106890611383739,0.0884572458060488,2.4167926341068284,0.4157809669510353,0.7207969371150871,0.017697341823629,1.456568978833808,,11.174506,0.8558661187051156,0.0318994453827628,0.1276986223206794,4.661221843495202,0.5787905702657066,0.9983829580252184,0.0268056841280776,0.0046247636253043,30.69093582882152,0.3808418845700619,1.219792460235012,0.6337303621806896,0.0880184820730816,0.0042549031326176,0.0418945757298884,0.0060630301511677,0.5018993533187228,1.04464,0.2696904866884043,0.09737155689041119,0.9987315307751192
2026-08-13,63408.62569711362,1877.743530062547,609.7518356234225,1.004539209819031,75.5587764536576,0.3359133515497858,1.039913994134521,489.7540400805609,56.03290568706601,0.0696188275808806,392.7624679440011,8.663602355113161,54.94210838438519,0.1824396672420199,9.076771797123229,0.0127897171844861,1.6426774248679,0.1593711907600611,212.48251844841428,44.846713230091645,0.0987858281060449,6.313391080113916,3.571364395226792,0.6809026446548164,0.2589031177124941,1.348278523215218,0.0659856810875647,58.257675003419415,4.390093758351827e-06,199.8394381917093,0.9999123787557704,0.0467439582876363,0.0867105690211671,87.90515087759738,98.66749450659174,0.0027505264812419,1.0001154806375678,0.3301733037096152,,1.1396064933518542,1.0922547635431057,0.7733977417398339,0.3300985807548103,0.6017832895476507,0.4581009038649765,0.0550009722670592,0.9955237717324208,0.0529488546295989,2.1584475030049863,2.674672615751373e-06,1.985694941738624,1.1645501474416171,0.999183046945666,1.8259977214551937e-06,1.6916895331285204,0.9988005816934964,6.23688585797148,1.0001025554138545,0.074044650825601,0.1705788941954078,0.1017426186364482,0.0255532807442507,6.718091601983556,11.611809379621628,0.0744598063329627,6.574893011265063,0.0790608309769082,1.3984336017772223,1.2533657683809478,106.16,0.6693186017711262,0.0889638813302603,2.338443887797653,0.4106535431938204,0.7247133149253199,0.0175041365955403,1.4424837309486374,,11.175588,0.8145767972767725,0.0333961141549298,0.1228269869507467,4.6235893833456645,0.5592130094305872,0.9984481908962072,0.0265194215014506,0.0044128382225791,30.04045028922334,0.3771678593270241,1.2183012051248354,0.6339608307696586,0.0864258453067408,0.0040634150597779,0.0401225521339541,0.0060160150474151,0.48070577348873,1.044762,0.2672208690328175,0.09838895934359476,0.9987407797773952
2026-08-14,63417.394499802336,1884.712594124015,610.4084564376051,1.0085700274609868,76.21864940925379,0.3341073047465818,1.006126274950987,490.8051467874446,57.46421868891657,0.0700918636422301,393.0166559245906,8.872407214383562,54.9302292458168,0.1824533812157061,9.49540439516196,0.0125547148861059,1.6384290652202025,0.1593602494276409,206.4041507936969,44.80479852491017,0.0977955236103413,6.460153569874479,3.4730956640045454,0.6891749822673461,0.2727751967629971,1.3324507002102222,0.0654388673774934,59.07873334385521,4.451401629011122e-06,203.28600133409768,0.9999767365125848,0.047006362196269,0.0859290560136586,87.91499029072861,103.684810674558,0.0029009317831849,1.000116151742197,0.3348247430668419,,1.1409260590269563,1.1175289902404424,0.7721002247532823,0.3408168853905357,0.6028203946296576,0.4482351881273064,0.054974994283678,0.995538596494038,0.0532696281022577,2.177799001514848,2.6827549871740626e-06,1.96122621481066,1.1653009813556272,0.9993663574526664,1.8198393001095669e-06,1.6584535011208756,0.9986865698328744,6.2387936053999855,1.00008824655295,0.0751402753461288,0.1700843100397848,0.1051156831204892,0.0252522093684239,6.772999108045179,12.18155793074834,0.0738576902825623,6.642993911746871,0.0787340364923991,1.5012378084099514,1.25821443884605,106.16,0.677014628840902,0.0889048137687045,2.2705082941560226,0.4089152636907776,0.7270185862699707,0.0173910041474845,1.4344703586808991,,11.176664,0.7943181567456097,0.0322030841914896,0.1245668747270246,4.609591266520844,0.5595744015134633,0.9983432286072468,0.026833229581351,0.0045330659614619,30.403554640394937,0.4406528201530305,1.219063305973489,0.6236157733524219,0.0880568442531941,0.0067663343740805,0.0401749633045094,0.0060046616052576,0.4723773298202709,1.044931,0.2539477235864542,0.09449679780859704,0.9986685728198051
2026-08-15,62996.3976329567,1880.5615236085205,607.0571389205222,0.998803444306151,75.3388254222115,0.3323697814216856,1.0375916353164412,493.0119515182912,56.45536110005845,0.0700023266124599,400.2347559536162,8.968960049747587,54.57195720830756,0.179989777074742,9.165496234474864,0.0127380429298913,1.6421415697170854,0.1580462677353693,204.6668682868508,43.82875509448781,0.0974368604530974,6.482733470915525,3.201033744958373,0.6819310710110112,0.3124550386884386,1.336091454816187,0.065852490651541,58.14592769444533,4.6256102314130766e-06,199.1877173668147,0.9998380664749668,0.0484133064470072,0.0845780568003465,86.37562052378877,107.68250539516958,0.0028417958467175,1.0000911652611102,0.3272334181992554,,1.1403540848466085,1.1046856736840232,0.7644937004119275,0.3419292685814233,0.6035376382191756,0.4428783700021165,0.0555266115158321,0.9953518753677164,0.051166697432597,2.245136111778795,2.661205579065257e-06,1.951923928397865,1.1688687102371311,0.9994939990226188,1.805060494738563e-06,1.6553622282511122,0.9985471466186056,6.218383619901041,1.0000439241215464,0.0745084691523782,0.169419581616022,0.1045688242672371,0.0254227593892794,6.703805809137179,12.159874103746052,0.0748639192146349,6.592735910500664,0.0794404441711119,1.5105393694298197,1.2686937920859405,106.16,0.6793819813886205,0.0897489541382492,2.239370199519928,0.4023189309386715,0.714062332994513,0.0174013799060159,1.4266862614808702,,11.177748,0.7956359964081935,0.031170327761088,0.1220605801242982,4.276269161048996,0.5414405202746664,0.998554418422106,0.0268347345652285,0.0044930612220071,30.136294993874145,0.4499279353179287,1.2227576633892423,0.6255486692135839,0.0826578095736094,0.0105979967674072,0.03935313584359,0.0059755216561188,0.4852174919283052,1.045109,0.2385941949398914,0.09311732087750933,0.9986566053469408
2026-08-16,63017.0734035797,1880.9924984095933,607.260135986179,1.0018342185735356,75.27649557412367,0.330979373037527,,487.44622243387016,56.89122173446922,0.0695118174748581,411.0824480316887,9.464001716052818,54.648299677422095,0.1762473274523947,8.956583026357892,0.0126785124107422,1.6172091422884296,0.1579520857557902,203.4907308747754,44.06399001088467,0.0991391925235494,6.243919517328846,3.237440768740308,0.676437637792456,0.303787611916808,1.3434384761185325,0.06535825375915,57.738225370108935,4.494177159033784e-06,196.38932909383527,0.9998912063978768,0.0476764976552583,0.0838756811296656,86.11468680136227,104.9216565594032,0.002749997397584,1.0001392200921866,0.3234029059148972,,1.1398711074333814,1.1028307473632328,0.7600778585477944,0.3486078027025476,0.5995120986940043,0.4329212961697907,0.0570229618087372,0.9957667809244164,0.0508333740170488,2.229425469107689,2.6240612744543293e-06,1.9544439487578469,1.169032334195995,0.9994729560071104,1.793692874684964e-06,1.6511232404331118,0.9990217278949438,6.205357603921693,0.999961225555569,0.0725762359469677,0.1664208953554047,0.1068453952645005,0.0258919227921401,6.699898725958429,12.052053839821236,0.0753208575577005,6.555062328084647,0.079425256823865,1.474694605016642,1.263846714391383,106.16,0.6749674440900921,0.0874929045111172,2.262583638887528,0.3997814344644668,0.7110171081083142,0.017320138841944,1.4286828488502916,,11.177748,0.7771579715094217,0.0312080098430515,0.1217168047469613,4.178866384048664,0.5371345844191321,0.9985857268021828,0.0268141362299445,0.0044886891035225,29.65437080403776,0.4782031429050118,1.2229288309873332,0.6213006649100872,0.0802269613149009,0.0101078614024179,0.0393513869190306,0.0059663164342348,0.4877427783845394,1.045109,0.2419163063965383,0.09248786333879365,0.998521679123883
2026-08-17,62852.86351172356,1874.408856826656,602.2259747402314,0.9928087087585026,74.55360665901556,0.3311021342313774,1.0008548889936115,486.06212618696907,57.17419290465146,0.0695755305640871,409.7283238653377,9.375638336749972,54.46347294921598,0.1750589271571463,9.327280542356524,0.0129920317152459,1.6016454971118124,0.1562868431017771,203.8571101919978,44.14107979915557,0.0961512331387269,6.332333819442225,3.272125692348184,0.670856227135993,0.3981879945915985,1.332286089306536,0.0646524729425453,56.85964859172746,4.429257879778643e-06,195.88248340176017,1.0000158933695695,0.0472524522274413,0.0823694764904205,85.97449512117034,103.9494572344341,0.0026704580941922,1.000147051638745,0.3307500707457032,,1.141950983089409,1.1414857243056264,0.758668396715124,0.3565387097948514,0.5990839026370958,0.4477375253461492,0.05941304134807,0.9959438128092156,0.0526587767453273,2.258607168559684,2.5719616027508832e-06,1.996707755836435,1.169411143861988,0.9995089000922224,1.7870373824005029e-06,1.6478722545567177,0.9986689817178388,6.111105476836076,1.0005663684167636,0.0735745480150325,0.1671572581733428,0.1082373685091023,0.0255076086064512,6.683513167289321,11.786284723338476,0.0747923468043794,6.56699154897325,0.0783722308542425,1.4564206393452794,1.2570248940835702,106.16,0.6661573719515176,0.085288468686956,2.277366045661627,0.4057497821024576,0.7014131244122858,0.0171649270641935,1.4464677839528737,,11.177748,0.7540864206163845,0.0299063476885127,0.1219768916696647,4.076843032651574,0.5182219494865666,0.9986379155183168,0.0269918010833483,0.0044082285494193,29.952653128360964,0.5019007364216908,1.2233251051094842,0.6133863630018648,0.0792402274384602,0.0097830891092072,0.0383569742737651,0.0059091897115449,0.4780953341012805,1.045109,0.2486564946316126,0.1036615681827471,0.9985323458342302
2026-08-18,64455.38029447776,1911.3810401579167,605.2829674391353,1.002373455350334,75.92929432404951,0.3310391247843736,1.0057848169241737,514.0687812199731,59.42504858970928,0.0703341617045613,414.7335769297521,9.535415474191048,55.62096859100844,0.1740732988211613,9.400900204853624,0.0131023203988526,1.6395267224549133,0.1580385872365642,205.12901180207007,44.50901983683543,0.0903205372341175,6.348809801360915,3.286050407389309,0.674693882813398,0.356362173263103,1.3272728392308009,0.0659379956451161,56.92433512683257,4.471686501635421e-06,195.9563126411411,1.0000571191538332,0.0470303171743303,0.0831569694780722,89.31844751602343,98.9208804018458,0.0027523670202448,1.0002639876036687,0.3359567116106571,1.1344518686452345,1.1419579403861129,1.145925979624061,0.7609486784559529,0.3426874264580765,0.6005993306129797,0.4390924945430896,0.0605901328582906,0.99585726072418,0.054035361218374,2.255651305637989,2.58254393367124e-06,2.12000330216869,1.1705108143075726,0.9994350403265774,1.7803964244111717e-06,1.675605241769454,0.998443750366562,6.183311812504124,1.000339522442728,0.0751128141999517,0.1683101533639669,0.1072050288675354,0.0256838308019251,6.673675305604151,13.296155760359392,0.0798969356833566,6.507324391600204,0.0784786689268524,1.4107819544666502,1.2703639723472036,106.16,0.6720000554120751,0.0866830054021082,2.3338984786741857,0.4091611674889995,0.7093545263262506,0.0171060838443682,1.46501261374804,,11.178834,0.7737348997576003,0.0304803792196731,0.1209585628900392,4.077443583061204,0.5308979741617315,0.9986378652836588,0.026992263914363,0.004446161754917,30.463545014529146,0.4952059351361874,1.2244462539396093,0.6186867990026487,0.0822547251387366,0.0088732816512977,0.0385468908003631,0.005948404300132,0.4621362382212686,1.04552,0.2415915713762111,0.09590205870526809,0.9980921178784632
2026-08-19,64664.42993991489,1914.8055428210905,603.0091529938622,1.0002393934030331,76.9959574924126,0.3326613660292595,1.0045378757812176,507.9861883436269,58.49545164838536,0.0701715876025749,412.42647005977926,9.519763240447396,55.75329075660853,0.1743422248334372,9.446193049454246,0.0130815859179128,1.5864024700649388,0.1547083550528614,203.44778683745955,44.342911139127615,0.0911716648019415,6.325497007099579,3.2911089974375725,0.650981477328402,0.4316014071192588,1.318793964337425,0.0671101713373021,55.8925202094516,4.408491447862924e-06,190.5179739413149,1.000096787048231,0.0461569950863972,0.0825019117733017,87.39044992961914,101.20453088335816,0.0030770972487882,1.000174175559394,0.3258504883940152,1.1345541574579072,1.1428700628411217,1.14631958877859,0.7500229822290934,0.3191328583256934,0.6012099458379724,0.4262709585729322,0.0605900097642131,0.99553856409207,0.0560984834661082,2.194487612390128,2.5834265085970025e-06,2.0861328439485534,1.1697489496163065,0.999507626885351,1.7189162987867077e-06,1.6736673794196846,0.9989301086927844,6.072750918044299,1.000216861135777,0.0751835555518354,0.1669031081204127,0.1072626993383348,0.0252666031423413,6.743026729731227,14.018230967210636,0.0818679802307036,6.595674742543402,0.0778496068460208,1.4123148430970816,1.2610745100346223,105.87,0.630175914210112,0.0869899581887425,2.359040368507656,0.403116435505097,0.7083806937467272,0.0170218542968463,1.5232518917044595,,11.182083,0.787239582099995,0.0309120098608147,0.1198742480275661,4.077040447639548,0.5280423038291551,0.9987811602303224,0.0266662882359811,0.0044235372551778,29.77699217323615,0.4848268743152898,1.223644339502529,0.6166848329781367,0.081756096149692,0.0089975544552536,0.0384766935977552,0.0058770226845124,0.4755738936098216,1.045637,0.2414289731754407,0.09322483381063654,0.9987899602823592
2026-08-20,69418.43799253453,2253.555445653698,627.8500068520094,1.106249013000074,85.47150238671998,0.3345124360436989,1.03940481436475,565.3997160152392,69.70114266183336,0.075094879583912,422.6247081780845,10.571040584316137,59.69253084074332,0.1877960982729326,9.302394802653057,0.0139642802291571,1.7368954711110027,0.170503878988422,213.39520035570385,46.82411599377472,0.0991433721439654,6.77515200985063,3.638090240231142,0.7065595671283877,0.3828791159140953,1.3656867287443857,0.070682577612485,58.75700324250081,4.738720659461399e-06,205.80097360900405,1.0001979848925675,0.0489182851618683,0.0935881032077252,95.439732035037,103.60567670280965,0.0030028876257658,1.0003420218701395,0.3475127218940272,1.1346522338519875,1.1390450581443534,1.2471086209464617,0.7891511192762753,0.36268591001805,0.6251138954330423,0.46754532103141,0.0613402046272884,0.9955565884263926,0.0600893521078865,2.323901310143944,2.8805984377499983e-06,2.214273390210301,1.179858911755058,0.999238080639006,1.7222937404705996e-06,1.7559766258014473,0.9989346910199955,6.5339194247255845,1.0003656466543986,0.0895836469048584,0.1814814767812167,0.1053781566438977,0.0269823686260366,7.018551896319302,14.411698088574608,0.0816241381531946,7.267928716741185,0.0820949050817771,1.494994371921426,1.3742055902917307,105.87,0.6742554708758837,0.0895735505922782,2.6013400373322613,0.4408288980907147,0.7585318914986818,0.0189102306531429,1.6217483400672468,,11.183161,0.8582699832764218,0.0294873694400812,0.1282146559959015,4.584692112606376,0.5619912426741915,0.9986609407104782,0.0278308320260223,0.0048477104831959,31.808330694838705,0.5266012507097809,1.2341906103823486,0.6496044655495443,0.0823879480957655,0.0086078387596803,0.0420276756185189,0.0063852502008276,0.4316055148090336,1.04576,0.2538841841583319,0.09842165889110288,0.9988799785220632
2026-08-21,73097.54507565373,2326.710967101489,654.2462688218882,1.2661540842382444,87.64022857131596,0.3374440133576321,1.0205671983339462,568.0348055656382,73.58396774685698,0.0804574898521795,408.893088080399,10.692284671091771,61.02163689892274,0.1990632487610721,9.278731941196082,0.01385182403243,1.7679562761249814,0.1814591819673699,223.26463349790723,47.81386303344207,0.0994964323614676,7.300021017801726,3.756901771144788,0.7338916469575619,0.4337250429623062,1.3960281045680245,0.0734845007868742,62.23017169074435,4.933965817148598e-06,214.97282445397963,1.0000258919139673,0.0533521541372268,0.1175227837353306,99.15216213805051,107.02404451233566,0.003841650714334,1.000160345976803,0.3551396132218761,1.134751177652538,1.1427670626611042,1.1644470309256254,0.8491719623893483,0.3726430107574963,0.6644308601059542,0.516447294649809,0.0597595344610674,0.9959867450819396,0.0621465485475213,2.3888005505005325,3.2030252651335624e-06,2.313190623938867,1.1812904590550564,0.9995686238794116,1.739124848594153e-06,1.7990294740047563,0.9995049902243184,6.9599731852949205,1.00005988252,0.0909420564097444,0.1912965464055067,0.107033383685987,0.0280021964702346,7.1501225190281446,14.614144177228496,0.0810784797067947,7.428355782201205,0.0883214571268311,1.5146221932762982,1.4018861256536816,105.87,0.7360470002692208,0.0912237221672311,2.670702436403781,0.4787832831728538,0.7815689128864673,0.0196689254071106,1.639172133186544,,11.184262,0.8753970516164854,0.0311388062089965,0.1457193139117508,4.767938837740471,0.5748494519131542,0.9987288767884042,0.0286301776473962,0.0051749637075599,32.68508929028396,0.5480684364935249,1.2356678965323398,0.6912352260871345,0.0817141740101575,0.008523388174119,0.044278821401485,0.0069480253279538,0.4735002954260863,1.046057,0.2853583636714435,0.09752815526913242,0.9986543060026584
2026-08-22,78424.6246326062,2518.784836324378,687.735399106416,1.457232431145186,93.86532165140456,0.3433901573457928,1.0381680613030726,739.1639551718292,75.61811019389187,0.0917510746288133,412.7443176547984,12.004223042196736,72.598073213214,0.2295634483458191,9.322213732916923,0.0150529367720189,1.9741002859253445,0.2029614989227367,288.5684355425191,53.20785147169873,0.1127222656090311,7.855097680416653,4.157988603880077,0.8466670813201349,0.4826170673246934,1.4933701864269031,0.0800775866056349,66.7454682527439,5.9627936738722586e-06,229.93599048305967,1.0000550092291602,0.0580223503600272,0.1422072699366972,123.10438792904505,107.42143593588445,0.004050614157883,1.0002048058191952,0.398238309502691,1.135067721982321,1.1429491659930366,1.1096195984354544,0.9414068363787744,0.4019979790691915,0.7092953718487189,0.5168886179561312,0.0626876094691919,0.9960230660331868,0.0677198484268112,2.529804382824425,4.163505599129055e-06,2.3712700291337074,1.1807790235926183,0.9994880187459262,1.7873095460323824e-06,1.886804008482332,0.999856038154088,8.401038168842415,1.000149998252987,0.0984586551070021,0.2079255478234579,0.1065978028268947,0.0296593337170671,7.496619647438816,15.97030714949106,0.0951735954990535,7.893050740371322,0.0975055368158966,1.6025475274911611,1.5279183170743282,105.87,0.8103265560398997,0.0976204515504319,3.1309437729672127,0.4848555872305351,0.8701815554046293,0.0217957688010084,1.7697599712701428,,11.185277,0.9964406937957722,0.0327367788477081,0.1892850162571688,5.078355048631642,0.647902400146265,0.9987678594241264,0.0298342885740662,0.0057128375757447,38.98068912027725,0.6022757625485552,1.2350969399672975,0.7437532132193242,0.0825574751183161,0.0082420589378925,0.0488178075988303,0.007584393893261,0.545309089786747,1.046117,0.3429628674371101,0.11816226214439222,0.9987546714167334
2026-08-23,77081.02299000922,2423.4127407436827,695.3707581774437,1.4637843769045962,93.88470787526389,0.3442672138263946,,803.2275547221933,79.48789117465992,0.0919548343396781,432.76430553934085,11.6487287426664,71.8728727545966,0.2260841965922307,9.38773412505067,0.0140655356194684,1.8784572567196745,0.1956159843359269,276.73449779692936,52.4803403945817,0.1182122587306575,7.493330820923078,4.304580365289597,0.8151322103934538,0.4478028399320676,1.4434618930219114,0.0774858243299156,63.251871838323424,5.451604594159381e-06,222.63336496497345,0.9999723447198986,0.0574105528907738,0.1582203763098743,126.57098136158444,110.30212610208096,0.0049685821131011,1.0001854310056968,0.3639951454721649,1.135067721982321,1.1373835565960588,1.112400194034287,0.9203743305889122,0.3880018017661746,0.6487654591390889,0.4827910728759477,0.0589335148949215,0.9960372974658096,0.0650533331593334,2.338042027285452,4.06845378692657e-06,2.3075715035634827,1.1807790235926183,0.99957007451066,1.7763882276914989e-06,1.8900974708368483,0.9998659504712316,7.894048986463639,1.0000399226012433,0.099029703710215,0.2031979077749564,0.1047783369966788,0.0291119725532395,7.804472853748916,16.65370467078686,0.107180004217377,7.483740800784744,0.0923632150015363,1.5786116995035304,1.462134141610171,105.87,0.7621575214060523,0.0904637854145957,3.195584122983916,0.4639076786205156,0.82276655472239,0.0203138750111896,1.706418300966903,,11.185277,1.1607575264795862,0.0312471208581295,0.2207947744877575,4.938258352250193,0.6320155617491071,0.9989640941044782,0.0289019247706159,0.0056572154713242,41.055363180430575,0.5788374522380024,1.2350969399672975,0.7446324196295403,0.0823181183888984,0.0086712807667137,0.0521254705140779,0.0071368864466007,0.5123511258425691,1.046117,0.3358767422041367,0.11266042805687172,0.998704853341138
2026-08-24,77712.3200924702,2462.403924751607,702.2079977923269,1.52050482788377,95.4075653871385,0.3440428718464945,1.0198613725797356,852.824784874028,82.24197935859156,0.0933794003263406,421.5359291526638,11.539971413729232,72.59924498322734,0.2268262917853349,9.49519151191392,0.0140180398151247,2.01414955188346,0.1996408024313486,274.11235829399726,52.303800152014205,0.122946748628408,7.606611092652933,4.521476615539054,0.8499161763231283,0.4274805377259068,1.4925674340429,0.079853878504707,64.92626002634255,5.544940397878827e-06,237.12094652106663,0.9999223727456704,0.0597461556811397,0.1613523076063874,141.53047916466082,111.80002065738287,0.0052249885406471,1.000046880984045,0.3827190790161709,1.135067721982321,1.1424129970982957,1.116041440721533,0.928071391974611,0.4077389650542163,0.674786740909282,0.5118142703922397,0.0589818007185038,0.996212202046548,0.0687403559912858,2.428714457294196,4.092195318983423e-06,2.9026212482639075,1.1805735745589707,0.9994520054761178,1.7704734823963487e-06,1.9355074779931405,0.999912109386494,7.949320162042482,0.9999922121788994,0.1012829884293116,0.2165769305401639,0.1030978502064183,0.0292635309750967,7.823171543448963,16.75757887086724,0.1092381828890609,7.317588216944607,0.0939783407334492,1.603094797795569,1.5139123481520078,105.87,0.7737864031409218,0.0909536135538924,3.568715131930391,0.4813766928992484,0.817215987249685,0.0207354514583114,1.7523330567263025,,11.185277,1.180129413972284,0.0304831924812471,0.2338392844343092,5.3531537841906,0.6381103834786116,0.9989038343428158,0.0291376888192285,0.0057717521376576,42.35075645546967,0.6146157006870674,1.2348820399159688,0.7713115013762164,0.0823857373607985,0.0084744007559561,0.0518758689460813,0.0071962222995805,0.5250577940252024,1.046117,0.3295016586915367,0.13127637204993362,0.998777417391986
2026-08-25,78973.88693602335,2481.879430655568,704.0935851533615,1.4804016400422346,98.8672192260562,0.3447899585776834,1.0443247364269224,830.3224126264138,78.88139071087618,0.0900527672923077,442.3756562998309,11.622243243631315,73.34770771483034,0.2214287871103928,9.288390031128085,0.0148527099434424,1.9536374917234849,0.1936191317620547,270.8067267149568,51.64145592639332,0.1239661565357534,7.541445503601845,4.329036450713605,0.7990201050290299,0.4507195789709572,1.4623777441229555,0.0792618243717762,64.37637425572031,5.467713995276089e-06,240.60397366917888,1.0000511736488338,0.0600642845276372,0.1526906647709,132.26792426346202,115.8310797114581,0.0047429217687356,1.000141838559617,0.3816498968980179,1.1351471976619163,1.1405241491932336,1.1310565546528184,0.8992703387352181,0.4027582522959297,0.6991422766487759,0.5155963189392238,0.0574977149726409,0.996130357167007,0.0681812558741826,2.4178237108907834,4.0416561468202885e-06,2.6030300139238403,1.1793894331884158,0.999217400828616,1.7573188288063851e-06,1.9094750544479075,0.999967594632484,7.753919751931511,1.0000396999891197,0.0969404534162702,0.2109749675182217,0.1008388269561664,0.0291290259360323,8.068476647805005,16.79159355165197,0.1161936612604868,7.608009499969247,0.0917086223742758,1.5221501720208213,1.4854732520338665,106.25,0.7536294288329384,0.089217623634154,3.396808962245425,0.5450804931995114,0.8372647078766652,0.0192717367097037,1.7623112486611634,,11.186347,1.0887954169568248,0.029275983379147,0.2303770517715572,5.692211014901735,0.6077636438178105,0.9989229010112836,0.0300335854669142,0.0056579147264594,41.56455110792313,0.6167216398523075,1.2336314505715245,0.7664604843993296,0.0830906111648601,0.008578312828927,0.0497878421337985,0.0069308021082779,0.5076635587016086,1.04639,0.339010849391584,0.1629989445220402,0.9987646273078298
2026-08-26,78511.2331116067,2442.0111121033965,694.1699264358065,1.434049819401547,96.5763305713578,0.3362212292148693,1.0136812142299203,768.0146456227335,79.63682165166213,0.0856720054787981,439.1633633738462,11.289692886366849,72.42027803944129,0.2090850961606067,9.333123559447609,0.0181584294425101,1.8603402087618053,0.1824940331070083,265.88450702464564,49.92905938353008,0.1197103096029231,7.325904702797946,4.269455586382714,0.7572263292820862,0.4079274369538663,1.4403481528362383,0.077729638579529,63.378527178538775,5.267605541600136e-06,229.24267245980235,1.000081905542758,0.0585074330643531,0.1429036119189599,126.55865715988428,112.77531366743916,0.0045015532741046,1.000057340906103,0.363905519168243,1.135246135917193,1.1405158401797533,1.1741577881917953,0.8514735038785033,0.3835037038571912,0.6984949889281906,0.5172778819747481,0.0578635135875492,0.9962062201841916,0.0666586173040834,2.380414798763948,3.818105235158284e-06,2.4976525871034467,1.1803343753866842,0.999383037902448,1.7087911828559967e-06,1.9118597270214943,0.999691429221758,7.674077462239099,1.0000650202601855,0.0921375047217567,0.2114340780290085,0.0994194169503915,0.0276583171540307,7.880108178408889,17.34755469757657,0.1225045619854695,7.190977559287648,0.0891823423759879,1.523557268929575,1.5014163697089138,106.25,0.7118561678872937,0.0891614986674671,3.2832984735814543,0.5151423021794782,0.8382756653347426,0.0192721395400216,1.713796321998185,,11.189607,1.1981826273599403,0.0288010248970484,0.2603372029707864,5.568443930336088,0.5617890020564387,0.9987314246616774,0.0287786647903315,0.0056916726739214,37.88050696397859,0.554763667389697,1.2346067552139632,0.7846848106088974,0.0824083493879885,0.0085931822547743,0.0497515719672729,0.0065859511795858,0.5303546345916789,1.04655,0.3144123562149957,0.14771730748555484,0.9986872226718244
2026-08-27,79018.03405750773,2506.3431057180687,707.47963722231,1.422486925574032,102.04890414405412,0.3360548814670816,1.0037102583716524,816.3759738728955,82.29827261632104,0.0876802201912761,437.6054634145757,11.620156171374404,73.14878398555936,0.2123762864348409,9.233145055869317,0.0175233707877694,1.900101186151192,0.185433985008709,268.76010994374315,50.50348285814233,0.117565405108631,7.44032536914454,4.379796336852756,0.7673709975662557,0.3997993778685819,1.4074003332403768,0.0785781262996428,63.17295448117145,5.365790812471139e-06,234.71154822173352,1.000105877803115,0.0594575484513581,0.1476837944990095,127.03944104789711,113.16106235284096,0.0048888637423314,1.00020862301658,0.3750132684737065,1.1353462609602292,1.1441977443062692,1.1426945038555243,0.875737078686963,0.4153748859818001,0.7276231199504045,0.5051596710801808,0.0589925785683964,0.9963601257508076,0.0689337138421739,2.4033278084917926,3.8550158386151945e-06,2.5374009207624675,1.1787000664420846,0.9994550237046578,1.7147914075792305e-06,1.92689839685109,0.9999615610291596,7.888223878626561,1.0001316982299264,0.0928163415389779,0.2198992462141381,0.1006048328282631,0.02801326134886,8.057419275752334,17.781913300041346,0.1110084470605512,7.294121820714281,0.0902405193579412,1.512359257168777,1.5347031563402396,106.25,0.7159700589448269,0.0903202717640662,3.4551615033991903,0.5181971039650768,0.8734100764023305,0.019693684816766,1.7351500003396931,,11.190692,1.1710460770538145,0.0266201473766269,0.2691122570592831,5.554409308616745,0.5709172675895348,0.9992729873617128,0.0276546419933444,0.0067129963887691,39.2650212713042,0.5785637017559759,1.2328841692990942,0.8029468995292248,0.0809207696543223,0.0076354343078378,0.0498778971141181,0.0064913645239617,0.5154290955747711,1.046748,0.3171969452242874,0.1674184553392985,0.9989649762979644
2026-08-28,80268.37474707834,2511.461241063819,712.0503878732537,1.453606158145044,109.17730597799655,0.3377316424154872,1.0185183490733478,810.0741963521865,84.67784032156108,0.089143570486389,454.8057382361866,11.922977316780116,73.98079079810731,0.2137957646890137,9.362654454758106,0.017314556353285,1.9277208295241703,0.1874676820226584,269.6187933508846,49.923503836310026,0.1121341571991881,7.528985122036468,4.684913503389672,0.7798053213448664,0.3982168333277697,1.4157895567176668,0.0787741163765043,63.26992728476838,5.424917309781793e-06,254.06815196002665,1.000090186740393,0.060911047527719,0.1700061506826624,128.09827557228118,113.67572152293386,0.0048806929299253,1.0004957263843348,0.3771729121540857,1.135444144713604,1.1445278597178417,1.1184448595218957,0.8816038369554218,0.4121126714167635,0.7030071113148318,0.5168188065900663,0.0593417964829982,0.9963904827008668,0.0687447012669436,2.459801995703608,3.893440847508548e-06,2.5561674544864257,1.178479241030589,0.9995918365844656,1.683029643665801e-06,1.984790388009312,1.0000003376376725,7.843115299073744,0.999892983915684,0.0919630307462294,0.2391567529327387,0.0971150808985559,0.0295439558209262,8.180325116616592,18.059391310500832,0.1078786782897564,7.198385368544526,0.0912180921219592,1.563007009812289,1.5336500126095538,106.25,0.7043945730177802,0.0917282233096032,3.70987819420487,0.5266869864056722,0.8559576804955603,0.0200840341615809,1.7611687622801864,,11.191782,1.1850763737998362,0.0274375861627143,0.2566558854706731,5.499142882943342,0.5737062411533415,0.9994904018797796,0.0277831872024582,0.0071376782314747,39.5961421103789,0.5781046810145417,1.2326011487943953,0.8325695749966269,0.0802025868586964,0.0068459799562663,0.0490574604157933,0.006695723584659,0.5095049342896366,1.046983,0.3264438146507635,0.17479528750716536,0.9999800703142842
2026-08-29,77820.76428719184,2442.407614756763,691.3170654968901,1.3834326975271105,104.11408013203008,0.341462700356919,1.0398706993640736,801.3777148222368,80.91518839472283,0.0852245137042933,471.94105430060944,11.431709761370778,71.75292422977085,0.2030969491802418,9.42354368192434,0.0177104057638795,1.8238265545687031,0.1795082484603631,247.98095732142,49.31264092011042,0.1117628065011897,7.306445627990587,4.435315647257612,0.7436632373720079,0.4206478446062825,1.3692632314588091,0.0760695411741644,61.11660898703771,5.186164499247206e-06,236.55528516419045,0.9999436534384812,0.0574699707476093,0.1625759611503419,122.19076192506826,110.29897111985667,0.004628513620708,1.0001841267372154,0.3562420694833159,1.1357662385114229,1.1403593372046297,1.042858585649442,0.8486932705112726,0.3798067204683499,0.6961409707982896,0.5081262180657862,0.057861560778076,0.9964236047870768,0.0670892936498281,2.3915084372681017,3.695995211345793e-06,2.422759199022925,1.1717484030759178,0.9994478080215866,1.682783126144098e-06,1.894972560591788,1.000109156461142,7.511266344140202,1.0000046436833585,0.0877464318567543,0.2210082566807964,0.098480739252149,0.0280444817296667,7.9187625449324734,16.078653254477967,0.1081145852431166,6.9132584451474655,0.0871874471476932,1.4826060967940324,1.4461917210413828,106.25,0.686060026034424,0.0910352629360186,3.493765102381201,0.4910464064748941,0.8281525229074649,0.019403051416742,1.7149024860246944,,11.192867,1.0928190405348996,0.0265197832923975,0.2599467570913362,5.149549179532412,0.5387712912736413,0.9991534672982666,0.027705283577773,0.0069156123275931,38.47102241503742,0.5349617928320058,1.2255364205268169,0.8085333739903354,0.0794290296292096,0.0111890213957641,0.0477042510114941,0.0063412263295142,0.4906701601698346,1.047034,0.3053412054848871,0.16842378972648767,0.9996523374497484
2026-08-30,78225.13950818499,2457.089335222437,692.5269789000138,1.3962919749950886,105.5938871300456,0.3407902174318556,,842.2444755470807,83.39354722583167,0.0852794456245108,470.5135041645207,11.455810210166169,72.13384762225482,0.201848389377435,9.681775974309534,0.0176219767190727,1.86811542173858,0.1796566197814734,247.2022179814857,49.00841835218444,0.1180465350581012,7.331229082662345,4.681964086027825,0.7450063440015169,0.4568263727093593,1.354554911155097,0.0754997953213473,61.48784780292152,5.143075186208597e-06,235.7077683741388,1.000128439426842,0.0577719916468069,0.1594715614648527,126.76906677228531,113.01257322998973,0.00505964569503,1.000619245256097,0.3530838516636194,1.1357662385114229,1.1441257773615574,1.0763389927490528,0.8454716996364715,0.381290766691168,0.6988848152592666,0.5193163478664758,0.0575913803141376,0.9963410257572652,0.0684151612066961,2.4836485782656808,3.657004471595648e-06,2.408606241906329,1.1715963925896582,0.9995835507416636,1.6857022857800095e-06,1.930318085525396,0.9995410526373786,7.525887004317602,1.0001221285321171,0.0876490370167557,0.2195182886294868,0.0977657251241501,0.0276723009785553,8.231414132069085,16.703494806782903,0.1070522999545147,6.857634118108556,0.0877034056731638,1.502063538556222,1.4573619832010605,106.25,0.6825187440754755,0.0919062562568748,3.555972345936512,0.4886379770138878,0.8406070137044552,0.0190972985860351,1.7193462645817352,,11.192867,1.10777406145239,0.0264062550571408,0.2436882270505665,5.166230121344997,0.5428497353464238,0.9993618867440122,0.0274913307281964,0.0070760034442092,41.26562330803543,0.5451002110583381,1.225377432140979,0.7956463310675423,0.0793479652820207,0.0080977351023137,0.0482790248021248,0.0063086940739001,0.5090637468154879,1.047034,0.304288679871972,0.173138079363075,0.9997623417170272
2026-08-31,77658.23133225394,2416.241816517273,684.4778619473124,1.357926693135329,101.68286901296828,0.3359722775477035,1.0153032925376622,836.1985163177093,80.04674481669237,0.0820544387837955,486.8736878780351,11.141848097151453,71.4458289289707,0.1926718596123968,9.609217048959252,0.0166799822592352,1.818123276059755,0.1746472342981936,243.3844124021373,47.88468407932796,0.1158975944647359,7.110247807837202,5.132216930650087,0.7109485238695851,0.4004992529272555,1.335212217075253,0.0734061933029498,60.01906559094017,4.955709050602412e-06,227.4400209930808,1.0000573810439477,0.0571179925244179,0.1481132697797233,122.39963778289504,111.52997744066188,0.0044687329274517,1.0001580940789156,0.344364816570989,1.1357662385114229,1.1441090687611164,1.0795122750015398,0.8194698348247896,0.3618733933989612,0.6819773369573376,0.548083731863849,0.0557973443811377,0.996097760396616,0.0690136558917748,2.346086817177657,3.4043689457936663e-06,2.43202683856527,1.1719819245698395,0.999433044863458,1.6588826725116413e-06,1.9301668811400767,0.9999630238190091,7.183531458168674,1.0001681452120543,0.0842063301343234,0.2051909260938925,0.0946830738697126,0.0270646016883982,8.035140973121642,16.920469742707166,0.0971405222569379,6.904663843914138,0.0845693279917351,1.4567858816442831,1.398024881268867,106.25,0.6599395797606705,0.0903659925739095,3.5324707430349465,0.4796111904577416,0.8557309088469219,0.0183954875696282,1.8060922764138505,,11.192867,1.0304969882218251,0.0261894635383434,0.2346830092058472,4.982690336709905,0.5178719656482772,0.9992573132599236,0.0274432191113391,0.0067117223271467,41.739265394625626,0.5225962162457025,1.225780661607091,0.7699586421012389,0.0791194605851619,0.0079360823651394,0.0471117285802677,0.0063113210205787,0.4824601166399985,1.047034,0.2951428182732464,0.15474618084435926,0.9999437003069328
2026-09-01,78552.77932895812,2466.565659094493,691.1406186921491,1.3792804733945896,103.01068194219994,0.3324104021683489,1.0017097943231843,847.7149475077889,84.15758977730303,0.0828167928086005,520.61378590197,11.31926701206514,72.39235909722484,0.1977646207591666,9.563876961644697,0.0167087204074835,1.91972951071275,0.1772398685896328,247.01261196758543,48.52601430846274,0.120651111867852,7.228102615370432,5.229010681436265,0.7264899352865174,0.4065858713962307,1.386945098444185,0.0736082831926259,61.12611328683961,5.064123720831967e-06,230.28184918065605,1.000053910960461,0.0567037045257458,0.149483835606209,124.060150646295,112.06902876030593,0.0044518119797226,1.000156553160542,0.3458880174278724,1.1358440046439664,1.1423250287677014,1.0950408938489589,0.839708073786757,0.3646575322720006,0.7012628299614339,0.5463597578472995,0.0574616633953814,0.9959647933644892,0.0677704204452241,2.400407707872876,3.5539414219205395e-06,2.512404965577649,1.1750745493640506,0.9994161170979916,1.6535305090693396e-06,1.9390748465726853,0.9996375208440786,7.28249776560833,1.0000506455951457,0.1093148858073865,0.2236888203918574,0.0997218040643273,0.0278719902910352,7.986159213211101,16.736888411061905,0.0905792209402191,7.098584030976895,0.085637196287319,1.4694464186668714,1.4243982798184645,106.25,0.6820772143831698,0.0911408852912753,3.567553680745157,0.4726864159768326,0.8423305577540627,0.0185013400684781,1.8667568561774035,,11.193954,1.0276346190881127,0.0280352006868428,0.2513536946811229,4.926429668871222,0.5355237056283201,0.9990404717544336,0.0275889593549206,0.0067096466044306,44.814473068023005,0.5653235876841373,1.2290033327950989,0.797077301411346,0.0794115129704764,0.0080575988696836,0.0495570229702906,0.0070563254258029,0.4862463146009683,1.047497,0.3380437064080471,0.14356231031201827,0.9996530219447528
2026-09-02,77416.44110979848,2417.6758884733536,682.6728558958649,1.3514651765110592,99.96528544069068,0.3222153751658196,1.0455978355177025,829.8594890088349,82.7587329499327,0.0816425696188418,504.85685272019606,11.229814037883376,71.26503314106478,0.1965993377944218,9.388654199468228,0.0168923330500828,1.8864857785414904,0.1757170501400185,245.96389939920223,49.539966843004926,0.1134942365027997,7.216365705082183,5.843678770140224,0.7215565451896321,0.4193389940971251,1.3170990455791696,0.0740461614747851,63.646130383423305,5.142657160600082e-06,220.09752057198875,0.9998742076215316,0.0548918156148091,0.1593179597449044,127.83643026325107,110.4707198446392,0.0043780508209603,0.9999731257009205,0.3404342794346943,1.1359469097689927,1.141204758478077,1.0622718472440282,0.8716644433458661,0.3646639478311951,0.6935903425676514,0.5363986892425897,0.0570384043465597,0.9958204431435544,0.073148681869883,2.479951316164081,3.4742479886569208e-06,2.61008328556325,1.1727509430725036,0.9991607322521816,1.6023985995039954e-06,1.9328603837386729,0.9995735738008016,7.242594720845211,1.0001399022647468,0.1102608607290697,0.2127705934026602,0.1026041656017396,0.0274721435106852,7.908221630095745,16.30587463271043,0.0901541795803559,6.985180610661536,0.0880960466027701,1.461564549246387,1.4231849309009044,106.22,0.7789171714323735,0.091781021645245,3.5204736391111857,0.4706867234059669,0.8417917817250596,0.0186114786230365,1.811003252162173,,11.197244,1.025978573474404,0.0284206469610335,0.2555773295793575,4.804571586710534,0.5461873640157153,0.998533462827787,0.0276632620242556,0.0066290543723813,43.87450856135764,0.5628701255073879,1.2265530265265951,0.8191572430392691,0.0786499722488229,0.0087142805910153,0.0520931375736193,0.0066676202596261,0.4715457067843444,1.047512,0.3710475772419113,0.14305548091526335,0.9986741593223608
2026-09-03,77297.13347191992,2390.783044679688,688.2301302750734,1.350370850400152,100.39064957766638,0.3250300558569083,1.0129089403929512,815.2622506716469,81.91625318946932,0.0817103845775598,494.0331939245661,11.109744202352957,70.79558999670438,0.2009906567085984,9.24413411515281,0.0167520291515362,1.8860409592252032,0.1754815948310789,244.5233116241953,49.658758294159206,0.1094713632561062,7.189285084891333,5.8496825641210926,0.7459193700717149,0.487884372260175,1.3316813889040462,0.0745513982936006,64.4826166570556,5.175612649773919e-06,217.1955293549489,1.000218365315583,0.0544061784996368,0.1491063659224326,127.13435878564,105.13584970431612,0.004088690455284,1.000016265166083,0.3482200606551294,1.136044962704255,1.140142386427948,1.0618181043756678,0.8671502850133361,0.3664263229623204,0.7246219323630253,0.5631133705389986,0.056016401565593,0.99646823586537,0.0677593913904478,2.464813851708248,3.4311009725720206e-06,2.513488238618001,1.172080694286916,0.999252937690978,1.6095724918810136e-06,1.9572951263263176,0.9996089081879388,7.274956453024511,1.000123523925758,0.124029382036096,0.2236941958126171,0.1076017364885,0.0279233769651786,8.04212617070309,16.22709499275319,0.0924661593216523,6.969664689400962,0.0931777346508718,1.4543168227507075,1.4099834128883508,106.22,0.7987465619027964,0.0939058284995117,3.78890807300496,0.4641339893521384,0.8353412583595684,0.019746809216486,1.82374694203068,,11.198339,1.0101481446102814,0.028534422911001,0.2610734976768246,4.761122975930913,0.5855093785126678,0.9986642336002446,0.0276899876317207,0.0065155275542948,42.64909529118169,0.5614200352712981,1.2258159439833545,0.7973002296018694,0.0786420650583297,0.0165795576405832,0.0573226425870809,0.006740173489394,0.4870096085326724,1.047726,0.3629308998872964,0.1430062304023357,0.9969240877173025
2026-09-04,81264.70153038795,2507.6482840896088,725.0807755091299,1.4512912373932785,103.96051784332946,0.3307708035763806,1.0310370345132631,952.6662866911288,87.4499182124614,0.0878122395954679,520.419089447241,11.832704231146357,74.07423223861623,0.2211551118796001,9.353407694723105,0.0171479009243095,1.9542831243197905,0.18453942912808,256.59785410195576,51.47841744219547,0.1129997778249576,7.518011737174653,6.327780516733257,0.7833044026160485,0.4529884082932523,1.3703622589814288,0.0792739000390586,65.3363226631717,5.4042249789431285e-06,225.7535136527718,1.000230837197885,0.0577342527578441,0.1684129015409324,132.746696804198,109.86438453139765,0.004321774557822,0.9999741638973472,0.3629064957420542,1.1361445429566726,1.1445690170131118,1.0402044506518406,0.8884313807320097,0.3955138326178733,0.7221429625348998,0.5687377622965745,0.0573943615508505,0.9963838557260772,0.0685475144774729,2.514168857357134,3.713223484697834e-06,2.4847449369776795,1.1764015771194432,0.9992537775072208,1.652242290352044e-06,2.002531926886498,0.9999576678970096,7.592490732369242,1.0000028355981707,0.1410585896214143,0.2291086418131319,0.1071292192676452,0.0297902684780701,8.491828038614003,17.12080358991947,0.0943636274425545,7.171381846876824,0.0933773038714777,1.5070037665189158,1.4717388349831375,106.21999999999998,0.7922879565662795,0.0956857551848465,4.442408647669985,0.5081744706699756,0.8492728193535184,0.0216424812188481,2.0220728375830617,,11.19943,1.1286792355942656,0.0287116487599801,0.275350877748205,4.971193703434953,0.6026805747563589,0.9991178221469232,0.0280745898627451,0.0067696897197039,47.43479040152132,0.5898767927532823,1.2303205980124388,0.8324072302482501,0.079092223557678,0.0148480061788025,0.0556069563242891,0.0069528884314603,0.4975005809438169,1.047925,0.3646678250622031,0.15901764114386718,0.9989801315473412
2026-09-05,79671.25767420157,2456.085066364875,721.4302698070193,1.3986937238549555,101.92907583272796,0.3314700643795388,1.0349164675246236,1023.0377877508348,84.42714870960482,0.0847903881947543,520.5977490183706,11.631341842390771,73.22947885993358,0.2112164477124468,9.185944492165756,0.016585130710131,2.1718932806854885,0.1795085530111064,248.1215442881509,50.75737057648126,0.1072647752570534,7.385540136414686,6.182292466229112,0.7554269855054555,0.4561621186175782,1.39436860827816,0.0783547777932543,63.644099884007,5.230870091300583e-06,224.8333120037224,1.0002239560902124,0.0558600472319309,0.1627970751076345,130.3739032765341,107.8966475282486,0.0042415039635936,0.9999563153616208,0.3575150740778122,1.1365759665908977,1.1417464957702823,1.1198548071620444,0.89972554469329,0.3833965834498918,0.7414799489408518,0.5742782214310945,0.0562284651009441,0.9967550455572136,0.0677380003244051,2.468504960694696,3.52616799744252e-06,2.548294971175386,1.1754096608885936,0.999500378430624,1.6479979753216376e-06,1.9821065271937168,1.0001468580837063,7.44868777989097,1.0000038851575577,0.1317731013289464,0.2168834879539567,0.1090393584715964,0.029409193210785,8.392391974884802,18.12396478764225,0.0927480695115627,7.073208426026663,0.0904675037742248,1.4935784677148722,1.4274953308916136,106.22,0.7594906846394415,0.0941650740867876,4.815937283873233,0.4993814666176882,0.8393386797339449,0.0214329360887587,1.976352052849581,,11.200497,1.0369987102154794,0.0288391229386273,0.2647544709176517,4.810595499783793,0.5798803021319674,0.9992982541661376,0.0276452085873615,0.0068355127296476,62.79522660555935,0.5591364834024136,1.2292498106755745,0.82194466270844,0.0790470720940275,0.0132280093964876,0.0544317677912993,0.0067220568243393,0.4906981559853834,1.048159,0.3516247742029548,0.15067245539723464,0.9989334398590504
2026-09-06,79821.69873179746,2480.0031686031184,766.4092879330625,1.4122708256630054,103.16637621681608,0.3338045766063266,,1025.9269694755635,85.41048085336173,0.089690609183805,555.6684591165193,12.047500928730749,73.44553791208986,0.2182747960633686,9.277080074809115,0.0169448851203156,2.19166557571438,0.1839572356067302,256.28649043800124,54.68767041943571,0.1090115708743935,7.591598287876626,7.048641772873636,0.794942181507136,0.451757735789206,1.431150538304562,0.0802142103122213,64.89283326083385,5.463418877543128e-06,236.17539872412607,1.0001506431266571,0.0566721953047693,0.1719329237601566,134.42213792855452,113.38757052232368,0.0038412997719206,0.9999374062527469,0.3703100911476005,1.1365759665908977,1.1450314143256983,1.1302248734264642,0.9153334527770048,0.3972036487143009,0.7765327830687513,0.5878428856683184,0.0571529726272452,0.9967626668769994,0.0705667982570662,2.669204897685689,3.6093556251917255e-06,2.490332391022089,1.1753086419753087,0.9993936110394545,1.6866882744520165e-06,2.0284940947674617,1.0000311019901196,7.732291262420417,0.9999486074261807,0.1776435725349344,0.2201136854419474,0.1103072310316354,0.0305644147664004,9.251357349416065,17.274414391885944,0.0979488319764494,7.229392779129006,0.0944886350683794,1.556186890910274,1.465297054618326,106.22,0.7871455965065066,0.0955327637554481,4.75239954051495,0.5502005606296644,0.8408762207387565,0.0223456269759199,2.246794206331697,,11.200497000000002,1.0599397470164311,0.0285348380054783,0.2693246808574325,4.942445213102859,0.6141087375624473,0.9991661784228189,0.0280177512158425,0.0069383472958285,65.44644646118752,0.5736939633518493,1.2291441645471122,0.9090420235342463,0.0789025535233885,0.0186308452650881,0.055200044659751,0.0067193705427542,0.5622599090295464,1.048159,0.3786733975432603,0.17576691839870726,0.9988702883370904
2026-09-07,80329.3478460037,2514.0092688310365,752.7225340647433,1.4226486567524863,106.49007263898544,0.3351557444279676,,1227.1109403568853,87.951916819731,0.0908557947327379,539.3816820360576,13.237155745219605,73.94355558878469,0.2233247063964361,9.353498310416976,0.0167268751990079,2.436852334393612,0.1874181557187333,260.7348265101648,54.95056554836963,0.1106541261682884,7.901983841048493,7.291165865788254,0.8115759896709213,0.4471922771085494,1.4333742776838894,0.0815248500735893,67.0383571823565,5.526457029248187e-06,265.7337487161633,1.0000658162396403,0.0577162229998879,0.1761646927261156,136.82613673531023,114.0834757374012,0.0040229863251956,1.000007574385659,0.3872075156586697,1.1365759665908977,1.1450156137401817,1.128509311872169,0.9791951924771212,0.4199805518313182,0.7868111056215635,0.6083635667809113,0.0568408710869577,0.9966450981120244,0.0700905473206137,2.732619381035829,3.6535074807953536e-06,2.610899930133873,1.1753263872838746,0.999422542513502,1.6835569673410446e-06,2.01744730410274,0.9994282622600328,7.859026348232046,0.9999513208489348,0.1893338770311485,0.2753530834474122,0.1107485526884171,0.0322658365924766,9.14204855948623,16.9908914999355,0.0984056721556718,7.133516467324044,0.0966214350880165,1.5972394381904662,1.5626918178936355,106.22,0.8069757997961663,0.0948311374710928,4.518171811125916,0.5540312812152857,0.8335887738406166,0.024381661408741,2.240401552255423,,11.200497,1.102866103425017,0.0282575098847855,0.2689444115767969,5.304992278365071,0.6238759896374344,0.9991519839015346,0.0282459555977006,0.0070788937327264,71.33597730885,0.5781395275860663,1.2291627226872408,1.2877259879535992,0.0786511401253883,0.0139481955994492,0.0561874751972963,0.0067103912284825,0.5344679517345778,1.048159,0.3821417109740289,0.1652755621950472,0.9988433911796664
2026-09-08,79093.4641898418,2489.3967543757462,739.6790807862191,1.3960935547617492,103.77243552193976,0.3345362114701829,1.0002702435361892,1139.136135932952,85.14226404986216,0.0904829703366332,518.8243329591086,12.742965020959987,76.50750157680606,0.220404566425868,9.21242927600144,0.0162914329051315,2.305430039336974,0.1935461379172221,258.8765455692126,55.20228907963863,0.1055123937172436,8.074275746115342,6.853478920682117,0.8182124691457182,0.450817884564553,1.3905240831406558,0.0818218069652422,66.62139193898764,5.436349401298991e-06,259.73655502578754,1.0000701648238908,0.0570170095518509,0.1640369000349265,132.00900941159358,115.78662394946927,0.0043585608411867,1.000018419078886,0.3833602534801698,1.1365759665908977,1.1410422350881744,1.1552670857527128,1.061941235664518,0.4772935995106048,0.7716645609598684,0.6209493363591403,0.0564348550103999,0.9965413668956284,0.0688626821910848,2.9869340549074623,3.623204676790704e-06,2.4729433757843355,1.1770696444395858,0.9992887387299269,1.6716837135304486e-06,2.000769404891652,0.9996907695564208,7.896595569948463,1.0001352605163052,0.1693543914153281,0.2536026110487983,0.1064428740041272,0.036503009730849,9.38216924975626,18.435629203297243,0.0949945286725416,7.0075451845181815,0.0973497366646198,1.628921482839681,1.5442243725733664,106.22,0.8359518009450363,0.0942649440763406,4.720057081949306,0.617483815885178,0.8353650225268994,0.0229326228645813,2.218469270060071,,11.200497000000002,1.135884780894373,0.0292915284030904,0.2771432441213348,6.175273542451995,0.640204644010452,0.9988302632935586,0.029252765590608,0.0071757760280452,62.79644219862028,0.59064593084296,1.2308467906061529,1.1730308085382155,0.0779613655535109,0.016465075866713,0.0540931879812448,0.0065653350776571,0.5211262096116682,1.048159,0.3694031791680279,0.1588823863654744,0.9981350851411598
2026-09-09,78450.75303870205,2485.0697039871584,752.1250045522248,1.4172841566021832,103.36010446946288,0.3388378601552687,1.0351085161691431,1177.694083249715,85.13585872556894,0.0900438187758932,500.0708429940272,12.510020760613248,81.2521953230761,0.2194117179156746,9.199323760096332,0.0161908400084658,2.320387177080241,0.1877636763262812,258.320235151555,54.29394224661684,0.1072095734742802,8.008609352586902,6.74787291968688,0.8112354526146774,0.4375591025957577,1.4015206525845698,0.0790566026178208,67.11879711473082,5.408616143422787e-06,258.45362999880257,1.0000319657723404,0.0590783954804833,0.1592904541973002,128.83269451451525,113.80290592711523,0.004314762369804,1.0001049731987788,0.374862255176967,1.136641807696384,1.1455618101437277,1.2294017759787403,1.2475304252917223,0.4533701659100911,0.7504706815187805,0.6365218632454678,0.0560459911980154,0.9972727933993714,0.0673765068750097,2.9403072747092893,3.6559837849096976e-06,2.3690597586369395,1.1769779370637097,0.999302716668152,1.693842783050686e-06,1.9982757490318472,0.9997977437936592,8.609781284223262,1.000044617926066,0.1649471495023671,0.2407213778898141,0.104835716223524,0.0354389548868832,9.18309471995325,25.88474946901688,0.0955266924369181,7.031134312705265,0.1007639787550159,1.8581525047857,1.5052208779988565,106.49,0.8451469761967997,0.0979892532933933,4.827528632102638,0.615004730989432,0.837250766489795,0.0228701627679101,2.2650491694017307,,11.201558,1.1323624533775136,0.0287774275380568,0.2712934254112984,6.410983437634838,0.6480805193289125,0.9988128039253188,0.0288042240586615,0.0080604810875742,62.49636252527925,0.6047757380183019,1.2308206649464095,1.2295188198784164,0.0766535034294356,0.0162785709186273,0.0533994258832473,0.0065431472722819,0.5060575417857548,1.048699,0.3630651566720005,0.1639433962272557,0.9990284184879472
2026-09-10,78283.06047169256,2467.529167979314,722.659278470706,1.3947406589248457,101.56828258356754,0.3388062714759743,1.025357403690343,1244.287571383468,83.56327349297841,0.08615898234149,512.7353245043776,11.80498523618216,80.79351752173109,0.2118983863387575,9.182716490826811,0.0159193751869633,2.4848168147865453,0.1811501450834902,251.87162103149257,53.18605113306241,0.1049278980156698,7.796084923063304,6.158707279106767,0.7722457260098831,0.4503610364083204,1.3727657020750976,0.0765394072819607,67.13669726469111,5.252957878669e-06,254.2628250420613,0.9999866816946748,0.0590094059967431,0.1520837563306093,125.78963329921156,112.80238844884263,0.0040938777149356,1.0000271530464218,0.3595359963875082,1.136740266469387,1.1453980555253205,1.2129965413046282,1.1223693443563063,0.4152859048098186,0.7341241020260405,0.6010383245082448,0.0564082989766946,0.9964756037913712,0.0625457018166178,2.7800938180641004,3.4753009123307485e-06,2.30852040010999,1.177694263291699,0.999117780966888,1.6835951922413197e-06,1.9654259540377104,0.9996432790069956,8.014796010998317,1.000143320864101,0.1494478315044421,0.2332070784307966,0.1054876620415394,0.036512820693233,9.10683719721216,22.63152941969085,0.0979369072931181,6.93856887567646,0.0989342821390899,1.855990195189532,1.468139814974022,106.48999999999998,0.819984008151279,0.0951388162607818,4.51678822676339,0.5533934661960382,0.8352887293250777,0.0229983741480594,2.238392059175931,,11.205962,1.0798310633413108,0.0289535089338895,0.2739193518444287,6.130696882364072,0.6276810805575507,0.9984087507458854,0.028427222060036,0.0074705765114095,58.60451865647128,0.6183532827616522,1.2315824379119569,1.2435781501827263,0.0764618079680703,0.0160694571607495,0.0521333163112358,0.0064205630960809,0.4843486783540082,1.048849,0.355815793173795,0.15445852098118973,0.9988284385404788
2026-09-11,76554.98664973286,2437.514812545618,708.4278492036368,1.334010208760415,98.63125822911633,0.339926423797956,1.0354561177183677,1079.8141464993569,78.55683866615372,0.0828779054224391,508.23449234621546,11.466747314481822,79.24403670226616,0.2045948405852686,9.182440991874008,0.0156879874926265,2.4429785888589204,0.1746832792038757,223.8354835659367,52.10780988571986,0.0979736177575793,7.424925698916045,5.948949473944197,0.7272958021165842,0.4991709137814562,1.342805738054268,0.0747736302431579,64.5309524420428,5.03485039552988e-06,235.32473148493608,0.999952225974097,0.0559038718931889,0.1428920492692041,120.62792848738104,109.40063364044715,0.0036524549526699,0.999898551397444,0.3425407605326032,1.136838468207545,1.1444170593019254,1.15286552843849,1.0959952874874024,0.3956337692712724,0.6985004004080708,0.5685254532178655,0.0561228644305479,0.9964656628789484,0.0596907287330338,2.8108590670457185,3.2338396695297777e-06,2.258637680793918,1.175264889667039,0.999138303091728,1.685384312867807e-06,1.9275551602418264,0.999530096630696,7.574239564657975,1.0000206760309809,0.1399010030357258,0.224529550707552,0.1038538536082817,0.0353629828305304,9.097239327056108,24.172116679043064,0.0920669697383096,6.876980478806589,0.0913017858745193,1.7898631243688623,1.3934265828441257,106.49,0.7798678480741364,0.0950295743644171,4.297056604174088,0.5419381511489028,0.8291238087086468,0.0205597942316547,2.106875597676918,,11.207063,1.020367290622949,0.029530079535692,0.2538786961990295,5.942142988867819,0.6418545655078682,0.998522830622308,0.0281307836177279,0.0076191203948815,54.03456322279212,0.6644263467263204,1.2290091048203766,1.447758117557536,0.0767736354465369,0.0151971133108809,0.0510476387580115,0.0063075119363447,0.4644399417509087,1.048981,0.3360722108508534,0.1485519623538947,0.9987971317348382
2026-09-12,77203.53444805603,2514.846819245876,726.5133783587984,1.3557713966363036,102.394402975265,0.3385319622458965,1.032011661906252,1164.471999901658,79.43409442510534,0.0842830657702466,521.8294792256389,11.546360706163467,80.13504613258036,0.2062418831177698,9.152466567711212,0.0154252830199803,2.3634977407657054,0.1782606371331416,228.11966120190613,53.27593823801227,0.0976624891318564,7.459590136718583,6.007699046237661,0.7254574074701552,0.5101508112010176,1.3633186054012334,0.0743872254046172,63.329656875094095,5.174430048046226e-06,235.5128643498268,0.999865411135827,0.0564211000862022,0.1403233235870782,124.9936749048388,113.2749123870444,0.0035859238171372,0.9999424409220304,0.3505748001780226,1.137153709537892,1.145602461504396,1.1856536883583797,1.0404344053730286,0.3998761064745851,0.6822004994013752,0.5809566627006559,0.0552658994825596,0.996288588073583,0.0616079362919549,2.723092636820214,3.301082187175982e-06,2.3043252940247947,1.1748317475052217,0.9993544258181304,1.67737068748398e-06,1.934271241991982,0.9996524983861652,7.623300471528855,1.0000525949891217,0.139541580341485,0.2451904884270886,0.1070219583237293,0.0359286734278581,9.323025156989075,23.48302326225049,0.0973544359101249,6.907733412953011,0.0934967498782062,1.6403525342370162,1.3903573777580565,106.49,0.7856718021473866,0.0947504869673425,4.354694521448725,0.5688682624842432,0.827766882507623,0.0209481791520457,2.189341182748421,,11.20816,0.9830408766896545,0.027293164418492,0.2524469838615439,5.733883865704451,0.5963261862352975,0.998775341184558,0.0279514805870604,0.0073012234186723,56.86901623124161,0.6745820049673039,1.228457878858204,1.6687943628741837,0.0768541456443662,0.0138639689717895,0.0508865421884249,0.0063780050270914,0.4716003402937736,1.049139,0.3354544225073372,0.14904848773721516,0.9990649645618376
2026-09-13,77261.62722069985,2525.267261590238,727.3861457483952,1.3662323076269962,101.75239313261922,0.3398735102208384,1.0001790754472548,1121.7252793355656,79.64729159503673,0.0848100205574742,538.6831733297797,11.502007742833564,80.29444661999827,0.2073343339589018,9.138604598784552,0.0157323929401258,2.370271934977493,0.1799541631605514,226.36229048185268,53.65584712276986,0.0982407934522868,7.399125933471284,6.370444231878948,0.7249162127752333,0.5497206927461289,1.3848239283219612,0.0746832097560216,63.90527723415494,5.294602924410382e-06,232.8208087694988,0.9999729132201848,0.0604523594112794,0.142374365167199,125.54545068666184,114.36050310926002,0.0037789946723708,0.9999981983215436,0.3487204185919781,1.137153709537892,1.1442055215886406,1.1814714005974971,1.0185189947162403,0.3991961695018973,0.6877096130464792,0.5569146749241989,0.0572580071082802,0.996715662891322,0.0630207371416537,2.7344196650082995,3.425435747501506e-06,2.2164332183308297,1.174668182661964,0.999515857920203,1.707346139644821e-06,1.9387333013234944,0.9997200845660577,7.609788156323549,1.0000587004022985,0.140406660751948,0.2428247985198365,0.1099130549046077,0.0352078168910542,9.363498649651296,24.246273131913394,0.0965503261616212,6.910376080026065,0.0925550732613796,1.6047458243102342,1.381320238394709,106.49,0.8009573580018481,0.0973653377311265,4.212890194947311,0.5662448632130609,0.827025830578964,0.0207536859491387,2.219889001015913,,11.20816,1.0222455607970538,0.0278012979289419,0.2675928957601868,5.988189049626576,0.6011800603741517,0.9988915932818502,0.0278133865552781,0.0075230570660207,54.68639574996556,0.7112837977734272,1.2282868479673288,1.5376710547369188,0.0764248742748266,0.0162352798662343,0.0549183202374065,0.0065142321888003,0.4730400725400881,1.049139,0.3332598136176864,0.14994675975927502,0.9990919107285552
2026-09-14,76819.04496746542,2476.682526163658,716.2705332128485,1.341587719478689,99.3260052236567,0.3383041491232267,1.0213770752026476,1062.9597237554783,77.35641421753034,0.0824334891843508,518.0870687212042,11.208686939570802,79.6105929847602,0.2036472474964036,9.04034403187731,0.0151623446107372,2.2993835031069256,0.1772329585990214,220.9642866250926,53.763873271867766,0.0946443616766178,7.295614046828764,6.125305764473013,0.7023552079669011,0.7325241073378514,1.3434262158250287,0.0751102220132294,63.08860037531578,5.139220785167395e-06,231.57877080950817,0.999949557564246,0.0571501454285402,0.1362007217714047,124.4183448129169,112.13088111810994,0.0034754143700465,1.0000152794333317,0.3429488208283431,1.137153709537892,1.1449007053065912,1.1336149253332637,0.999808250523993,0.3791700400570196,0.6860174290748876,0.5573040994149857,0.0569455368086052,0.9965295594535656,0.0622354296820463,2.7656064451033897,3.3645362663060315e-06,2.164111935412515,1.1736401309879154,0.999300443176226,1.6972923015833814e-06,1.9235481371126188,0.9994350357701614,7.435438944579232,1.0001273165328215,0.1332775027622873,0.2306707840436757,0.1128474444490532,0.033280945159849,9.123873071016869,21.426493370206124,0.0959264143234042,6.826318221357037,0.0946614792946238,1.5807279273345545,1.366685509333086,106.49,0.9530831174193436,0.0967106866279898,4.113586244360502,0.5564356986231077,0.8236865978398822,0.019852383410326,2.223221257817081,,11.20816,1.0133122050493684,0.0277395116386422,0.2653794090090354,5.901452675755281,0.5888502079810138,0.9986143010684472,0.0276650365117349,0.0076817011421778,53.0516708370408,0.6239328233528416,1.2272118700553512,1.380747884391921,0.0760926929314968,0.0150863835627527,0.0562596613585697,0.0064022119567349,0.475544565864722,1.049139,0.3456503954180526,0.1445533195968094,0.9990187373502568
2026-09-15,78173.35158344489,2514.759550467769,720.3078906850645,1.423178483503628,102.51365308067489,0.3381079689305594,1.0342663377730592,1163.6922751403897,80.33762750791395,0.0836331965577921,514.5424120955465,11.514639932652168,80.88619909824199,0.208528553116628,8.997515360368482,0.0142702401895692,2.468122510711336,0.1916304369598896,223.3331653817937,53.13126064300498,0.0965963181337406,7.5615222095247745,6.52865320247868,0.7207601495837642,0.5817427410381228,1.3527155039634766,0.0777572775592442,64.48166280200824,5.235833284073464e-06,232.38201475513927,0.9999874120321676,0.0590725454641901,0.1431832549967266,128.20495737801633,113.51863073859415,0.0036812945761668,1.0001514784341186,0.354677747931361,1.1372299635936436,1.1455866075354668,1.093985888801065,1.003482573549288,0.385452376623073,0.7016503454915497,0.5724012523754503,0.0577670605288207,0.9963246995647358,0.0629423395167732,2.74567399979888,3.452984444621351e-06,2.178967760740999,1.1694051802891694,0.999984722691251,1.7034405626022091e-06,1.942369600277484,0.9997475449802404,7.564506883876118,1.0000768228191328,0.1336915536772254,0.2387450948146743,0.113706309307366,0.0348409624823792,9.28653748635726,23.08067814979828,0.0965505153479223,6.909789516785944,0.096006052779503,1.5832058946148055,1.3827066918872637,106.49,0.9354748232722448,0.0983073388151274,4.388976547996215,0.5695485008887508,0.8212191007861227,0.0207309821760373,2.3460086639952005,,11.209249,0.9846037401343802,0.0282045927599658,0.2637468390409482,6.278283669328086,0.5891106874281282,0.9988123120804318,0.0282157855007733,0.0076489961198196,53.75851123177112,0.633869528669307,1.2227764566748165,1.3939968419231488,0.0755611009478328,0.0158381958893273,0.0560531011784449,0.0066240037869846,0.4737359143913058,1.049567,0.3472172411174756,0.14113532370642676,0.9989926785501816
2026-09-16,75590.24471973324,2397.4972601650115,711.7407947281655,1.2832801680810546,96.87348479401192,0.3328337437647562,1.003034438429679,1110.0588230124288,76.91913911509157,0.080051318736031,506.6959884092903,10.88182146485707,77.75048234731742,0.195354176182371,8.831489578582278,0.0140428813856859,2.3352355734561585,0.1760042735031046,216.74058261336023,51.234578026091576,0.0907704504794323,7.267590558654447,6.364785712694603,0.686491801454995,0.7042361951519488,1.3226738237218472,0.0742433210750706,61.175493278931455,4.944120998874964e-06,217.85042423140945,1.0000243822855663,0.0554197847949499,0.1395658280988802,122.15005575810984,110.22496626872632,0.0035135485293635,1.000013117857092,0.3283157645282996,1.1373279991932468,1.1439928402179662,1.1363519258501409,0.9441389981757788,0.3623737194463141,0.6797016091379442,0.5440232181468441,0.0570032170905153,0.9960935754773718,0.0610631852746047,2.481807953264758,3.383704622296261e-06,2.083646898087014,1.168279581057601,0.9997114469626104,1.6555683442951002e-06,1.8788056602315133,0.9993102948486196,7.191839222465893,0.999986960844918,0.15181634168746,0.2159555431858272,0.115657363858805,0.0329262611913515,9.034949776725032,21.323691733966378,0.0930662708573297,6.792256319407273,0.0887946674231988,1.516048888991392,1.3194868251764724,106.54,0.815424729252464,0.0911406485632134,4.020658703194089,0.525202259746435,0.7986675192652847,0.0201275896677417,2.203965030798237,,11.212488,0.9944105425037174,0.0270163949808318,0.2347839746005375,5.430516755545913,0.5471645541474893,0.998681058569984,0.0275740029732157,0.0070707089618151,50.41875690922717,0.594120933788606,1.2215853633210807,1.2314297480874612,0.0756298473266261,0.0268403609573392,0.0527274766659169,0.0062960677512055,0.4771087356796627,1.049652,0.3200139158242026,0.13687373088522906,0.9988096755719656
2026-09-17,76146.81236783884,2415.9596535242995,725.3662125514248,1.298304364425906,98.5424205832789,0.3354630552479906,1.0273788802513657,1335.505701236559,78.23230150727812,0.0808488935659638,498.6664189921579,11.048076054907668,78.16191596667954,0.1961645549978175,8.979793431670883,0.0128999962710621,2.616014637728269,0.1837356247700725,220.9934593438427,51.65523757667336,0.1002989340733023,7.472855299911044,6.694025980458844,0.7129661903837372,0.7491686401380382,1.3154928840377231,0.0738811677774058,61.08389654491178,4.980958586275645e-06,221.93187176013225,1.0000154804164425,0.0563001282387431,0.1486052113015886,119.44762227067376,111.34840603994836,0.0036215334443296,1.000039269650588,0.3470510463643906,1.137429643780202,1.1423619121173136,1.125388785352506,1.0186017172989736,0.3721123322988596,0.702119987588072,0.5518283877827975,0.0580086764166529,0.9956106854251858,0.0572564387667502,2.5679338203643574,3.4061337333808685e-06,2.104477695693697,1.1615285621871605,0.999575751204428,1.6736448569360722e-06,1.9080402105392704,0.9992340076047944,7.369081876795067,1.0003441749333173,0.1680689928782947,0.2188343067252356,0.1167916245539705,0.0329374782431551,9.383170476488772,23.626994094745733,0.0967247438764639,6.81192477279622,0.0889079251100125,1.5199385662890117,1.3652894257707993,106.54,0.8061172378848886,0.084183465091061,4.605222170871242,0.5477814686079302,0.7937866107694485,0.0208463604287859,2.313555335699271,,11.213565,0.9928241964799596,0.0242112082630401,0.2429446971581269,5.405045690925001,0.553782459199095,0.9985281619100604,0.0274842483602895,0.0071778498775893,56.019832186024935,0.5856786599400842,1.2145375591270078,1.390633619534771,0.0759690821575542,0.0203012077701793,0.0527845645213573,0.0063309448647648,0.4725088717915846,1.049687,0.3205912620502536,0.24448979305122115,0.9990467078562
2026-09-18,76371.3617203135,2446.143252227872,737.8070248871743,1.2954485992654137,101.56908350057118,0.3346669205316557,1.028260256910589,1466.5883939216646,85.06358331852043,0.0816784662734503,517.1750098712733,11.379932771786882,78.70589965020872,0.2025051150868813,8.905034489369884,0.0127591204864282,3.148546480125832,0.183358529118651,233.8796578532501,53.91391442431927,0.1015670562342401,7.606190157317368,7.791475422424743,0.740761355351342,0.7187567012874446,1.3414926021817697,0.0745502626397467,61.136543780001055,5.151024355536194e-06,232.2440860772665,0.9999319846639276,0.0580618182759941,0.1546110901715802,128.54215685402488,111.964183949466,0.0040832706699396,0.9999748484953864,0.3720539260849017,1.1375268350899077,1.1455832765961784,1.2002700867357547,1.0787995223714966,0.3835055564430368,0.7433479353121814,0.5698405594681146,0.0582903330995662,0.995463099531037,0.0593284506598166,2.634306988416576,3.609962923918898e-06,2.217763969634238,1.1623686285491954,0.9995767625320344,1.6655554193499323e-06,1.9290570344014657,0.999130040577267,7.508186741843667,1.0003721343655207,0.1772683834116836,0.2377104661993582,0.1138680645480494,0.0337996838163759,9.342448459615484,25.68910059081272,0.0979869914372159,7.054542047954311,0.0903644388052295,1.5730807010185093,1.4369495133163066,106.54,0.8409212916662895,0.0811960189121885,4.8105529263861895,0.586385993273619,0.8125799411892305,0.0215623474709443,2.439069208831272,,11.214646,1.043370371751665,0.0235718355775895,0.2512211461412367,5.717049346121379,0.5976671082065811,0.9984675436840132,0.0271121084886564,0.007359225582837,61.02057515425809,0.6249289921020255,1.215383185142932,1.4710975673060642,0.0759054241127683,0.0212461895417211,0.0561660652991757,0.006414464078061,0.4821451316130036,1.049803,0.3272947044504792,0.25491257653931865,0.9989860021402348
2026-09-19,80873.58287659245,2611.5555571198493,761.1422907870758,1.3960002270584508,112.70209381584154,0.3383031550365606,1.0316119967283923,1561.5145909962448,92.53945314183504,0.0874431799685092,565.0777731211257,12.224011588823036,83.02318202858054,0.2244715985326343,8.911675461104563,0.013362006080605,3.762512608851524,0.1930980245005996,255.35402399818005,58.1367989799671,0.1110301656872932,8.202547411691457,8.86197982271963,0.8141972388048887,0.6294439063049742,1.3752030012657537,0.0792468201310846,63.26674212741152,5.454360555649975e-06,250.1078603523194,0.999932431930738,0.0598779118904035,0.1683000459593855,139.48564283443642,116.14644077955272,0.0042440340871348,0.9999917310813162,0.3985332100607078,1.13787281481364,1.1464841399071544,1.3034774062233134,1.1337318014500817,0.4245295348513777,0.7671269731119891,0.6246385869326831,0.0590323566884449,0.9962323822802563,0.0695340788556757,2.863761607396952,3.813197969435783e-06,2.486451255336289,1.1637742464695853,0.9998020935287384,1.7014631602380808e-06,1.9918819218379595,0.9996238772038116,8.154755842306173,0.99979873091935,0.2211848843021078,0.2654525837938118,0.1132122166995748,0.0380330478773953,9.945099538397526,27.946412288522367,0.1071834577216909,7.199897230972009,0.0978752536928987,1.718973161135633,1.5470376563192876,106.54000000000002,0.94373912791814,0.0845721101477351,4.767003002849004,0.6406657467830471,0.8455835867248219,0.0239980230668947,2.4183933675980667,,11.215714,1.1194375496284907,0.0249754976158201,0.2845102136821978,6.676827718855609,0.731542085471118,0.9990507554353164,0.0281503632044055,0.0078656407021494,63.54818415867808,0.72534175735726,1.2168085878800967,1.7599793564210005,0.0755242412842223,0.046176793966962,0.0601700890751148,0.006622773578478,0.5145325068411974,1.049894,0.3444289424383671,0.2927309722446809,0.9988570809090398
2026-09-20,81236.41383660372,2632.0095970320526,761.7625351064928,1.4099588207580518,111.01530437008864,0.3397638975763017,1.0002455877686145,1469.6726472203538,92.1480019383505,0.0877001229839506,546.6794975361839,12.416572914885847,82.8671166090631,0.2277773999958193,8.903951878772975,0.0137408030765741,3.5865306009892803,0.1961335830567005,254.911089221465,58.25899431575356,0.1095255622286344,10.090015978866983,8.666070636889948,0.8573120386370612,0.5895890683985824,1.3812830137303618,0.0814132620451246,65.6598966198357,5.504150347826018e-06,263.6329923533337,0.999849012793839,0.059632865555379,0.2041737008148611,141.01821241950913,117.80852535489862,0.0042544573249945,0.9999897544122932,0.4201525194879904,1.13787281481364,1.1391192150954177,1.5066671624786891,1.1239559203307845,0.4309740856867738,0.7641173678046366,0.6223706229241668,0.0584354179153649,0.9957034078066044,0.0693255104918716,2.863350417459768,4.1108178145317445e-06,2.592253535980916,1.1628124009936225,0.9997944926843316,1.7065173215343591e-06,2.0067632251759364,0.9995573617455208,8.571296338276436,0.9999463503403828,0.2060458654156229,0.2816237926691256,0.1165321009143842,0.0391179355123503,10.369722983157404,25.80267034610299,0.104647282824276,7.219316462634444,0.1050460729774092,1.744128268609369,1.57424349412295,106.54000000000002,0.9618700308254072,0.0841026100469437,4.810905481741285,0.6587253170600696,0.8432574972740128,0.0248990249372671,2.402190856083366,,11.215714,1.1156702954031172,0.0248417881300359,0.3151461710569613,7.920080294092058,0.7243190388706694,0.9990663216968024,0.0283056885793909,0.0088028170840241,58.69728774673486,0.7512340006705667,1.2158029101561605,1.704873943768023,0.0756816539842732,0.0645696708125401,0.0610725275675343,0.0066342593677325,0.5139389897895813,1.049894,0.3448396383089512,0.44069354980242087,0.9987936221343172
2026-09-21,81169.03511950027,2644.7349398187544,772.2240978867138,1.4102316069939922,111.15414771124424,0.342539951386637,1.000235248831819,1509.189961964244,93.64483508577506,0.0872779404175193,562.5655589059603,12.515622855556591,82.87250590589686,0.2278919339464324,8.926435038818294,0.0140969757908465,4.163360981216509,0.1972324736386041,252.66781727855263,58.72491224353903,0.1090287304607276,11.320773934355588,8.729811001355298,0.8974151811090844,0.7483561247599766,1.3839287348103877,0.0864619276784981,64.12032655469736,5.483791645246209e-06,261.6414074395551,1.0000085441781257,0.059614022438701,0.2169872766148059,137.54858649782042,117.83918578594532,0.0042250150378495,1.0000731168005708,0.4326132273354863,1.13787281481364,1.1403795244994384,1.4778056886695277,1.134237283915615,0.4353597118467454,0.7394253228660752,0.6069573940798645,0.0581189584149928,0.9957590700132324,0.0709534354054267,2.8965529986697733,3.995001973814803e-06,2.712563140775276,1.162863125317121,0.9998871213896268,1.716290230700347e-06,2.010619919476413,0.999663419525348,8.517447884445927,1.000155719775868,0.2175385239126095,0.2989992480622942,0.1138257968447508,0.0399317506501767,10.434605234121852,29.314022824878418,0.1089857374907136,7.201178088122002,0.1087576838186888,1.7647931080464874,1.732454176693386,106.54,0.942851674210572,0.0857953419649831,4.776025846834223,0.6585214525526659,0.8268593762515452,0.0238107814782703,2.566875245862076,,11.215714,1.1769950782755183,0.0244743966189721,0.3346448478546552,7.78121854182252,0.7386656391932682,0.9990934282688926,0.0278604522934663,0.0084437626725694,57.63627933302419,0.7235730609817063,1.2158559460371614,1.6973360429491249,0.0759558425233328,0.0591078866592895,0.0616785712295909,0.0065882310276665,0.4984678753540355,1.049894,0.3544107546017893,0.3893142772778883,0.998861211292188
2026-09-22,86596.74004249526,2775.168682671196,799.1366632487325,1.5349840525522158,118.87215319676594,0.3445509029681463,1.013710798054268,1470.8124797575856,94.04979846054697,0.0998024574926403,590.786916912482,13.174962130760056,87.15827142656629,0.2450415224872363,8.97482887735807,0.0139798116737492,4.26685096763515,0.2153390195885149,267.09472334771544,61.98862752291407,0.11872471389921,11.22963226594034,8.989983798939514,1.0413050116592588,0.8014767299201347,1.4489284748751965,0.0933871304714788,66.82642527222829,6.043507441970599e-06,318.86013513628166,0.9999880138216812,0.0660288233834677,0.2123779826618508,145.83823480646873,122.96293629819525,0.0043750824244115,0.9999091845704364,0.4577875488714883,1.1379540606469194,1.1393227785838431,1.4433690115556366,1.206242496267486,0.4578821415007924,0.7452195905887906,0.6512200387840735,0.0573613515684951,0.995901465007316,0.070523860550584,3.02829646028259,4.765512096596664e-06,2.6570772822216946,1.1614167631581964,0.9997736149080774,1.723566959933866e-06,2.180320324448418,0.9997266588122468,8.889449987466442,1.0003472003045402,0.2257239627853291,0.298116671132247,0.1145245533150329,0.0432177337532056,11.092821466693382,31.97664447027006,0.1121337261457285,7.451432667134576,0.1124784968084907,1.8108135806168628,1.8725138913520865,106.54,0.9859601150040592,0.0899631165100411,4.737253905906311,0.6985922836993647,0.8776312787893673,0.0243454998292459,2.548511863431916,,11.216808,1.1787305650156368,0.0252155754527469,0.3418992543585376,7.848080714300973,0.7946874533217905,0.9989928537252578,0.0305586854964481,0.0093106980007342,59.157928014080895,0.7155108413857336,1.214320107306224,1.8009800568391303,0.0754687659668326,0.0576528442168766,0.0636127126432302,0.0069387609022557,0.5118677641919173,1.050402,0.3675626789854896,0.4005385612891608,0.9990589619867664
2026-09-23,86183.29442787907,2752.629093198004,788.1390870300733,1.571302241663608,118.5070750271226,0.3420076049218839,1.0318057093031177,1628.534871228297,97.19050715676084,0.1003592039187649,573.9543020394774,13.034779125019648,86.66426928400206,0.2540226969927011,8.972276661893803,0.0130988611171536,4.41207211165294,0.2160106449465848,344.96658805403973,62.93509856213716,0.1148764069644691,11.302807378963678,10.218740498650504,1.0223915544655828,0.8974626798352717,1.472385436753103,0.0989255997826446,73.76270314332872,6.104350305612974e-06,314.66127045527406,1.000001324702481,0.0666925559690657,0.216303441729989,147.83595123338552,122.89080540256492,0.0044789850097634,0.999955047959738,0.4409856811199533,1.13805913849394,1.1467263229210385,1.3135124645022265,1.2179310627906088,0.4709160488073535,0.7290873153877415,0.6689130605733542,0.0584301756410382,0.9956944308803866,0.0693149282038617,3.017571205866235,4.977073070817092e-06,2.625637535165909,1.1598442621167944,0.9995225851078208,1.7354742418653574e-06,2.114357709221731,0.9997513327652384,9.42492651923194,0.9999403368812696,0.2349508603215585,0.301762972960254,0.1126036265231703,0.0415886793806846,11.071024918120417,31.906873632060204,0.1095927436153179,7.428928075074457,0.1120715536086975,1.8438658272974584,1.850467776357104,107.53000000000002,1.0431192853949816,0.0903968022536259,5.071110605015676,0.683580132088712,0.8860720756447352,0.0242394231113527,2.5680656413657905,,11.220027,1.3896354071712338,0.0246975102820433,0.3350735035662842,7.891684336078954,0.8287596783067664,0.9992115081379964,0.0309876486786073,0.0092927279837365,64.108929172899,0.7081011505201119,1.2126685281029947,1.8242476454652672,0.075888012679796,0.0509208127221619,0.067249410576109,0.0072051385604724,0.5186442337083985,1.050476,0.3623869457955069,0.4347954921346955,0.9990225687831352
2026-09-24,84382.39990356649,2684.342871490596,767.2269803859875,1.50106804404108,114.98536485451598,0.3420981280453367,1.0266905656824137,1499.017152820558,93.98483388394456,0.092693089242761,553.3766774599443,12.351352197523846,84.71517462870901,0.2384517514097067,9.010176468246335,0.012246406120029,4.333075476693107,0.2020641706025623,337.5777520640427,61.87754618246183,0.1099913100077661,10.256143295230954,9.235552369787884,0.9599986970381664,1.0363015459490486,1.4127632451095815,0.0904660981017827,70.67671948927749,5.6410283887291335e-06,287.2856715151806,0.9999058580075249,0.0613302707054658,0.2060619294428694,138.91420097479622,119.11995456668856,0.0040025450452019,1.0000015314898798,0.4123340416954338,1.138168381697121,1.145816646112259,1.22818306258527,1.1016740150430273,0.4064809835613239,0.6936626464344176,0.6530998065855836,0.0542050220434378,0.99575435272868,0.0699492250085012,2.9232606340899303,4.3299716628569584e-06,2.568904276461924,1.153280891279678,0.9993578024020964,1.7122157375194052e-06,2.039985527352284,0.9998008990517078,8.731885629950888,0.9999551762045732,0.2159160799387387,0.2905405943090436,0.1107173382122715,0.0385090363510059,10.620129485775324,30.24017556879837,0.1012340052962382,7.160362966110407,0.1042551210322703,1.69566999763353,1.733097974205554,107.53,0.9359168749799308,0.0881363135204892,5.315233417473329,0.6635251021467371,0.8670917828467072,0.0230444640869828,2.5594111101203456,,11.221125,1.5008015543101358,0.0265723183889567,0.3074501497195269,7.802255942922597,0.7542822458570002,0.9989504116606168,0.0296232094592002,0.0087956782483519,57.6040128616536,0.6484318112218951,1.2057908593295596,1.9789215347015097,0.0756959040206012,0.0432887055703285,0.0625946066320815,0.0071071617847587,0.4950403879982938,1.05073,0.3250211140574223,0.4896710203739547,0.999169588527748
2026-09-25,84377.96508359577,2687.1259839506374,776.4242150845593,1.5339867896033,117.00949011781655,0.3401465797382047,1.0258889145027852,1546.1208082843457,92.08473777190252,0.0957482146713798,565.5865056890066,13.213625284353569,84.15568433388925,0.2475898310404945,8.914912157932005,0.0120324655054373,4.589213139670827,0.217434566669741,338.3930946607148,71.92998617078028,0.1137405469800112,10.199061988958038,9.1472784185411,1.0134001466222884,0.9514809715655792,1.4082135344576443,0.0930818338286716,90.15528787927926,5.770114234135504e-06,296.2794794925937,0.999975434953424,0.0628196893702106,0.2245083646693453,146.8717416376066,119.4884242138227,0.0038501180333284,1.0000987068030596,0.521589763739683,1.1382736379228535,1.1455432963309742,1.2133057031327847,1.1549917541645571,0.4397767297544944,0.7084448747184532,0.6773721357953326,0.0564857561508467,0.9955009617803526,0.0732160612173282,3.0890127430759176,4.421725030194774e-06,2.814092412187889,1.1527675864461928,0.9992924020056352,1.7292613231505026e-06,1.9569898569413955,0.999585999218379,9.382451970912983,1.0001728092088846,0.2164125482550465,0.3015937523493902,0.1136012814239325,0.0398671046823076,10.74754590058168,31.00318853658764,0.1087079193973405,7.3161042045872495,0.1131916496326156,1.7829663744063922,1.855504623737661,107.53,0.990156093158568,0.0863680474348243,5.068120869312277,0.6947914732614695,0.8629471450692872,0.0244182043280499,2.742323129782504,,11.222226,1.4384660930857776,0.0265171729296044,0.3140454959522237,8.04606749135596,0.8091149608744322,0.9986160060004916,0.0304149340256335,0.0092768963031326,63.54712236384927,0.6790256844734659,1.205224029169013,2.105311214647252,0.077296318678886,0.0356864718442556,0.0682602289076625,0.0071762730457958,0.5055461369148239,1.051004,0.3458565614277329,0.45228771663623785,0.9968960983240236
2026-09-26,84075.71659039952,2690.8886985219224,776.9554691332376,1.5681249917787932,122.0809849549597,0.338117015376364,1.0314187975817046,1555.6634295407537,92.36938575608632,0.0989457712668532,557.4392623273814,13.925470731214936,83.92643374592403,0.2586209002898668,8.805063790173284,0.0114195424689331,4.950437795281758,0.2201916478930494,343.1542347444193,72.53011198259799,0.1294165416319929,10.64800165770196,9.630010636359495,1.1938630975647158,1.31293299872823,1.4585708726124782,0.0956476172259883,98.67785305629364,5.951777104896807e-06,317.7753620999183,0.9999795837341712,0.0666507234253372,0.2678191604871833,153.55303319530904,121.0226245547757,0.0041925316634179,1.000005995744362,0.549052673535037,1.1386143605511334,1.147520763681244,1.2133517900410928,1.2126066198016228,0.4943505361291232,0.7376421372871663,0.6731812996048364,0.0573256254728523,0.9959807370892874,0.0765337772862182,3.200497512364495,4.488386133931608e-06,2.722733876964741,1.1545760047389046,0.9993967582772414,1.7232536251586843e-06,1.9800249794403904,0.9997187310230492,9.495051640715175,0.9998329268440602,0.2266731109704524,0.3414193043724174,0.1219970231613242,0.0421416587840045,10.698850212750184,30.288971256021817,0.1162230087129548,7.395432045714794,0.1163388253221463,1.7907898811213665,1.946953593954906,107.53,1.0492113056514236,0.0912163073283607,4.851121150091743,0.8480954592903995,0.8698292273538304,0.0250314168466401,2.7845049071932184,,11.223352999999998,1.6230469335093427,0.0263423849745104,0.3259991007110073,8.181778665712287,0.872198434816429,0.9992372353897954,0.0304323511118139,0.0095214772474895,63.88785525671027,0.7196766138315058,1.2071117743552355,2.0692828988184218,0.0775630664762956,0.0327037528887228,0.0742592637102625,0.0073254238513102,0.5053694748453829,1.05102,0.3548305828524603,0.4453991405379022,0.9992021288221132
2026-09-27,84416.7149816521,2695.6048383919747,773.2696917018991,1.5272732798523756,121.3788030542415,0.3343228754322625,1.061558189644752,1653.1168422981227,92.5403920560714,0.0967303794204231,559.4045381573484,14.144075493670789,84.17903351644713,0.2539823834644625,8.987842160169093,0.0128897860385703,5.035805330593034,0.2164651288549912,335.96157622648263,72.55379118766604,0.1357714665651112,10.84347899687112,9.701121689118189,1.1636877348508776,0.9939099623677912,1.614164696815342,0.0935043651342476,152.57938854180003,5.927965581457478e-06,321.2077783551807,0.9999994989159322,0.0681338713809702,0.2694773011862045,155.64560824521345,121.0061971245751,0.0043917281190156,1.0001210403850114,0.537909825287548,1.1386143605511334,1.146277950983327,1.223586116710899,1.2417601741268998,0.5234535603958014,0.7372323702270516,0.6941336446621441,0.0585368906631418,0.9959392233805072,0.0781247658768541,3.197556088374303,4.364593897498724e-06,2.7242418445794025,1.15451550656919,0.9996227469369304,1.7108028877986765e-06,2.0241966265576243,0.9997987469326228,9.431825888035412,0.9998504583731028,0.2221094498153519,0.338800788328303,0.122736719884874,0.0478040177704122,11.123295728488973,29.63989128175352,0.1205251569307604,7.355005225973022,0.1182189910857672,1.8651119743620064,1.991175653295492,107.53,1.1335035917199032,0.0917050362281337,4.847937291432269,0.8656893259810771,0.8688542982753285,0.0256720798649096,2.7429125890010018,,11.223353,1.5972693407509069,0.0275175527952985,0.3426772344473899,7.779343457285524,0.8522357533081701,0.999248341543963,0.0299118952609457,0.0093203971232868,71.83655862163552,0.7297536275648351,1.2070485233845851,2.059271826185763,0.0772914430168846,0.0334957851693579,0.081059687254883,0.00735613923461,0.4962541688303072,1.05102,0.3477894369613705,0.4144809647968617,0.9990676963023528
2026-09-28,84448.75015162026,2687.5352894478456,778.5291973901076,1.5164581588114048,121.95552902058392,0.3333619797642643,1.0002424220725017,1587.0521544481555,91.6755608756444,0.0968559421903277,547.2953753244968,14.017368038274777,84.21098934177074,0.2550235986467077,9.056795699170234,0.0127001551929947,5.38986038977869,0.215743812899749,332.35867252306974,71.2719596348454,0.1372026725431741,10.901275376513528,9.67463289738213,1.2628706474751414,1.214855366986444,1.6309578947361183,0.0957950439006132,286.9166088681043,5.918046473272557e-06,319.6513450001588,0.999855032387052,0.0668784084358026,0.2721627835297732,154.53109791982658,121.12838094979178,0.0051474215907611,1.00002448526758,0.5877132644435462,1.1386143605511334,1.1475795112035103,1.1638842421288715,1.267704162491839,0.5445870726313001,0.7240419137648024,0.6754889426870332,0.0585155144643498,0.9960566435358504,0.0821952630914374,3.144672508140644,4.362960399186716e-06,2.7214492571155025,1.1531835248606213,0.9999379813136062,1.6945173377637344e-06,2.0176515587298773,0.9996536341888468,9.58854317357316,0.9997968301169794,0.2261631675884591,0.3721981344868085,0.1263867904420293,0.0469463596967504,11.272901960332588,29.31342143696813,0.1219934253028062,7.317450875808392,0.1194713046334189,1.8833945540708363,2.0546660134477794,107.53,1.1393223044700451,0.0907409749224672,4.657096800122872,0.840850327087044,0.8760662122724813,0.0271443936026665,2.829416305525229,,11.223353,1.6491810295143483,0.0274766300635143,0.338606140591907,7.788904243387997,0.8637570839785178,0.9992470373242912,0.0333635591835309,0.0092045226146848,68.4252925529895,0.7198608883544956,1.205655933553305,2.174274012240133,0.0763291974631545,0.0310279698358657,0.0833863692830518,0.00713726887636,0.493238759655243,1.05102,0.3532729658721571,0.4335368555918484,0.9991021005302604
2026-09-29,83479.2543356063,2687.921688219616,763.6764054388401,1.4958560963437109,118.8201788844008,0.3354442121088073,1.0043896114992537,1483.244456681199,87.47523657684827,0.0938923922765685,541.0450062486041,15.439985573182222,83.53021116988211,0.2471901418755715,9.067949514280222,0.0124715739114521,4.818652319284116,0.2321985073028633,310.2936199699971,69.20679936843634,0.1310405275879512,10.607096374846078,8.804074900728939,1.1671290765454057,1.1143128786603818,1.572425434967619,0.1220144045550175,230.59297331716968,5.678852913956568e-06,308.132500159477,1.0001282316646636,0.0696842378459321,0.2565932324558739,149.41969111557967,118.86948782242604,0.0049219069096322,1.0000477504132284,0.5199757609682498,1.1386983090464995,1.1474857952169513,1.1471330466293308,1.181390546242565,0.4912342565010699,0.7075240655658902,0.6649466966281017,0.0569970375713494,0.9956580369847952,0.0787827696336298,3.1341633242969618,4.209548731723949e-06,2.5350522190786067,1.1525064697026892,0.99961114272255,1.725163254836377e-06,1.99961601060876,0.9989625600852138,9.279122572426632,0.999969333533822,0.2019826310058272,0.3275296631734963,0.1300141101290602,0.0454512712823484,10.875886848598466,27.8201472352691,0.1169005537912603,7.443022316491271,0.1359661154186454,1.734731524069309,1.9487120958292383,107.53000000000002,1.0628567817274033,0.0889652901976575,4.44500237439004,0.8236567073661971,0.8272544269359079,0.0287009017565671,2.59197854203656,,11.224445,1.5601362036752713,0.0291252924402194,0.3138801447309334,7.411146775538143,0.829449445649638,0.9994416705422958,0.0346098481231743,0.0088867180636023,65.54819231601292,0.7091687895867481,1.204925842880598,1.898297375791557,0.0755617975448755,0.0319931335508361,0.0812411509401912,0.0071613466439096,0.4937291710400878,1.051144,0.3794195529958983,0.3695599727539542,0.998592254615152
2026-09-30,83640.10160067653,2677.384504151556,758.4489340468771,1.4901410888355973,119.09316711111973,0.3343431862912109,1.0136620676831314,1417.2553387280882,86.04388461440507,0.0938591020808791,541.9118440297074,14.60433092508257,83.49280596746871,0.2444007261480212,9.023435772828988,0.0126133936844441,4.886592635782179,0.2224418680753217,307.6296221517292,66.80685516771058,0.1235670196350207,11.434247955619284,8.885517726453688,1.1520521987362018,1.3850935813935732,1.481601625906195,0.1023360818540553,267.20193331272526,5.753858988886751e-06,300.56726942854164,1.0000960099692917,0.0680821428621878,0.2482866847529553,165.23613592480058,121.47442323093637,0.0058834588629628,1.0000474569182571,0.501846689260074,1.1388041806033715,1.1470998775654608,1.029201450490564,1.1928793812086975,0.483196172836211,0.725152324965572,0.6650838450673073,0.0565354127845135,0.9958848718788184,0.0818002625480948,3.4385613958170875,4.2519830773057065e-06,2.472405842884177,1.1494507812207655,0.999406018690594,1.702241171731873e-06,1.9806215409899983,0.9993620957364124,9.087596458766908,1.0001776986829198,0.2034523803344208,0.3299404188587295,0.1269888497490529,0.0429386040857047,10.804064502402673,27.00389100717296,0.1175581119970719,7.405600836237908,0.1254750266035014,1.7234084985622633,1.9085292666187808,107.53,1.0580263496335025,0.0903108397843569,3.9250743476900514,0.8105871024897215,0.8432758144371324,0.0323704727484992,2.550585027717759,0.9995596148347475,11.22777,1.667180382489425,0.0286482869642114,0.316856660611097,7.610419837624604,0.7899403501364625,0.999290099810462,0.0332814973981852,0.0087582751468568,60.77861172529187,0.7730691754319737,1.2017453443687358,1.9120402864470247,0.0750299138854961,0.0303220649415346,0.0787195466556841,0.0075321838821329,0.5088999525815703,1.050988,0.3811410301323376,0.38315715160757274,0.9985523837946868
2026-10-01,83576.13460018387,2684.708553282074,768.7995283066532,1.489571118776362,118.04003762291576,0.3374241587183332,1.0280686528093568,1438.2120118477617,90.99315353286234,0.0945059168989187,544.6868096107075,14.36286375974679,83.50139613753534,0.2464972254177219,9.033349141020173,0.0122650199231101,5.335091109736817,0.2263700206313592,306.13488762079925,67.18516809818716,0.126308112424773,10.935438844474955,8.876662391983892,1.16285808230446,1.325399598988278,1.499237357046854,0.10474865880246,287.3759775957316,5.747503082945649e-06,300.8300516664956,1.000121347574198,0.0669444089242125,0.2647587928272459,159.43108958499548,121.13960224788404,0.005916562851518,1.000010372973084,0.5000501751957794,1.1389090212401711,1.146639961819007,1.0403368237038624,1.2223635316621038,0.5352146482904685,0.7567579327588987,0.6967261483561209,0.055131586360945,0.9958247312554618,0.0776459488707547,3.333522307509752,4.272404086872856e-06,2.494733481764573,1.14854161592015,0.9993860073890743,1.7188398151651133e-06,1.9790435905055896,0.9990184053537547,8.894054172239247,1.0002566695995083,0.2030009576515204,0.3298489388707817,0.1331129681275105,0.0434754528355088,10.818342422829476,27.73028152986275,0.1140151382601975,7.404450271117902,0.1239185690028355,1.7420894504355602,1.9119741053439865,107.53,1.0424201655817882,0.0930700150596815,3.9501493970488464,0.8228242425451832,0.8467768260528575,0.0391908183925599,2.594593095807546,0.9996506802049037,11.228830000000002,1.7393388533606735,0.0276445753293652,0.3714597441345453,7.412151042073548,0.770399790507738,0.9990177818443784,0.0346734943430636,0.0088528211780729,60.53408318027543,0.7845661281353531,1.2007783335504814,1.9455206386297792,0.0750784758105397,0.0316107262804869,0.0772367168235484,0.0073707610002807,0.5015137750243571,1.050274,0.394168471213633,0.38854135625331787,0.998462255699296
2026-10-02,84841.66634358242,2705.2959032354674,771.4235628245503,1.4940533902416566,118.38176764361536,0.3347434898827222,1.0225869305283295,1335.0090515999366,87.65681727335395,0.0943370910784446,543.8685266654059,14.380407345220966,84.73042795398857,0.2462894972916325,8.858599695299471,0.0120545112983381,4.807012283395656,0.2190715643150009,309.29022189341225,68.0877967963229,0.1200146882640196,10.987408471571836,8.97736802280314,1.176653373482609,1.4157887743284758,1.5738911489558909,0.1026160439992988,245.1551257729033,5.791071889189513e-06,303.28046624595544,1.0001779320764197,0.068685724452766,0.2432112511989746,171.36728996431114,121.2303140418218,0.0058265411710168,1.0000588267324395,0.4971580688055905,1.1390154977023403,1.1475134344817886,1.0506440367116558,1.1761941019506026,0.506012422203742,0.7408106024171424,0.6811131876196271,0.0559304406737228,0.9959122900871532,0.0843278269204101,3.288460319408595,4.4311196754319615e-06,2.581600728726047,1.1403346174394735,0.9994514181710604,1.7035076909811983e-06,1.9888929123253267,0.9991867982448795,8.875779768365703,1.0001459183539247,0.1997146039982245,0.3261507564298636,0.1310519131413792,0.0414098071440365,10.946135671086076,26.240101751628263,0.1077589255144469,7.318181284133875,0.1225032252980766,1.7079628250588803,1.908511750163819,107.53000000000002,1.0199585897418415,0.0900635961743557,3.807104027806875,0.7903564005379613,0.8461887642155511,0.0383931422317259,2.563966869811855,0.9998733495941775,11.229908000000002,1.803051441122684,0.0283697841431891,0.3738457164777745,7.359718388550863,0.7759517921327366,0.999261691950628,0.034278507370684,0.0088031629366453,58.21918363988409,0.725530429559943,1.192184011472598,1.870919994592057,0.0735277127822924,0.0311418123384985,0.0743044610075868,0.0073917401745339,0.5016069636152763,1.050272,0.3740224848668895,0.39559238346438946,0.9986409695083652
2026-10-03,84506.46895963937,2667.9504418816,768.039998749011,1.4845753234466106,118.58928060236003,0.3345704293547535,1.040177937719745,1301.1593138972692,89.08329121566493,0.0929049384486764,539.6917435610725,13.792789313284503,84.06576043088312,0.2442761951060306,8.982833196040236,0.0103177194725252,4.690818392891492,0.2154148602527381,311.45643490603186,69.85692787011548,0.1198815686958132,10.796648427601315,8.948866488318478,1.1456287528707605,1.382022816589973,1.4995626646267894,0.1023732822624161,246.7950807461252,5.728234148213922e-06,292.0850724449768,1.0000318130239023,0.0668753589344905,0.2322949379293419,179.54654103945742,120.78699945620455,0.0053785236576094,1.0000366876166449,0.4929239025661406,1.1393527765842808,1.1469237057915027,1.0560826753835852,1.1542313099581871,0.5566299349854976,0.7225617891461207,0.6532994255879045,0.0553545378307093,0.9958067839712396,0.0868030224466714,3.283199370649959,4.254869222831822e-06,2.5662947038047905,1.1415956600101091,0.9992869073637004,1.7037239012747602e-06,1.989363530498505,0.9997274163853616,8.833590739778062,1.0000332963164182,0.1958749806563895,0.3152587027624575,0.1324607019208341,0.0420395773855553,10.92812135193638,27.816874673472427,0.1072551631508317,7.343700893185642,0.1272170110675224,1.6505386954863157,1.973709348970668,108.18,1.0330718657182072,0.0887804230979424,3.553109615615758,0.7922714866145824,0.8468544445763319,0.0489070040020378,2.491357780496988,1.0000010170862952,11.231053,1.7451839321627518,0.027928223882252,0.3678830281749768,7.450170572675075,0.7935536874141097,0.9994141693696436,0.0337718877226993,0.0085585813133457,58.94175936613413,0.698281818402826,1.1934172917391368,1.9254555860067752,0.0727076749213597,0.0320404388454975,0.0787490114855778,0.007203108996134,0.4921380008450751,1.050448,0.369449607919691,0.39652949862320447,0.9987409375562718
2026-10-04,84742.78638478836,2686.891434728346,786.7951581871963,1.48616497549256,119.60164144317127,0.3354203273076872,1.068577287002282,1304.3213458031073,89.29826265931447,0.092795185753179,554.806676802918,14.113054249994429,84.27264025717938,0.2438884037435961,8.992688163005779,0.0113848495987926,4.829822220269547,0.2160355237419385,319.62337460143283,70.25636865567294,0.1242339441409402,11.121975526554998,9.05142158277154,1.1838077698248943,1.0357146126758292,1.5152245849776111,0.1019562056032405,256.7853821220948,5.746482247565315e-06,307.2271294345238,1.0000059297255968,0.0665022488041922,0.2391009836765866,181.52480348658,120.32925397253317,0.0062698492222251,0.9999619658532738,0.50185396651118,1.1393527765842808,1.1469816566059765,1.0327784367395154,1.184835211672134,0.5979232629104267,0.7156394984565047,0.6432897054805716,0.0550545867833148,0.9961236620261515,0.0907527661177286,3.3602151616774827,4.307756747069472e-06,2.7516220197293872,1.1415455413267053,0.9991168881362794,1.7083594681976686e-06,1.9984134260203823,0.999811192379563,8.852033759035546,1.0000122016846842,0.2013156781579756,0.3287174047733256,0.1382306827323189,0.0431096276111306,11.256062072709256,28.092435492523524,0.1101806882001667,7.353681224680707,0.131292924358788,1.7196064598211689,1.9872006766629904,108.18,1.0667375766748148,0.0883273494865775,3.566601137573071,0.8477094408650969,0.8524363633256018,0.0478332667581227,2.525444870104069,0.9997809026364232,11.231053,1.9937826037640447,0.0268413002815914,0.3844777819060488,7.675078682251086,0.8035473531955404,0.9991928002128874,0.0328416367119148,0.0087353338735726,59.30706860197746,0.7246300053076308,1.1933648979665352,2.084501913780873,0.0730995214324486,0.0347020291436234,0.078046241254631,0.0071747408795499,0.502057740551567,1.050448,0.3808350792820805,0.3848178336289399,0.9987175148987784
2026-10-05,86489.73482686514,2725.9105379372454,795.1820050446804,1.519659669644157,121.51595300100595,0.3357047297316294,1.0752143497294704,1351.707782735769,90.51626788325008,0.0958428174247819,546.6663969641403,14.265471591895803,86.01562781713791,0.2597287620839071,8.97530239203798,0.0112979175704275,4.913315252654953,0.2239366786038739,318.7200899493744,70.66467782857833,0.1294142767221713,11.097155065629607,9.077030458009068,1.2079321988272087,1.2462745497090884,1.5315321271441935,0.1039706153990633,252.43272378399573,5.915237250136389e-06,304.3622407219147,0.999996692267574,0.0689537560987097,0.2413271402705257,179.06113436715913,121.8382191016458,0.0065183230726813,0.9999902954225066,0.4983510349621121,1.1393527765842808,1.1462306261878412,1.0472913058640732,1.2041209967335291,0.5833637065113231,0.71127120097965,0.6640946186761425,0.055105993708605,0.9962329222717796,0.0975780724161048,3.364017691352893,4.394052585440491e-06,2.740483074085476,1.1409727019674116,0.9991256019483852,1.7233267011416598e-06,2.0076158678137133,0.9996440584967148,9.007144668559654,1.000012401608302,0.2039555929585463,0.3349325779594857,0.1398831760233023,0.0426598504976823,11.154597075217922,30.028021865817852,0.1100752942630346,7.456683317651515,0.1325236764576035,1.750607020547258,1.9751344851557504,108.18,1.058505722965195,0.0873393792911563,3.6637180312541457,0.8778574099076638,0.8641193344824027,0.044320608857238,2.507125110959801,0.9998088098820023,11.231053,1.973952017129418,0.0266396800650298,0.3892384589262918,7.634064240645806,0.8011711441623606,0.9992753109941936,0.0324832327661144,0.0088510860503875,59.67106255256363,0.7469051374446766,1.192766055118128,2.110166295098604,0.0728762484319994,0.033681796948626,0.0780507845363524,0.0072912375975015,0.4995348204092836,1.050448,0.3787059034311641,0.4174299099969006,0.9987497772065618
2026-10-06,85770.87224573967,2710.4181759245234,786.38723983808,1.507681000796034,120.76337713748657,0.3361243739201284,1.0329725310115843,1337.4188310668194,94.15351440550145,0.09542265530953754,562.2350717717497,13.854445203264541,85.70126362367645,0.2704105568382824,8.918505185573993,0.011409198010345987,5.289065104865807,0.2155586164433892,316.7806617503225,70.09403910067088,0.12656274610991955,11.13236683551405,9.082887981461095,1.2138362057174354,1.2349342937701209,1.5238265795286223,0.10170385341776518,262.88567031080385,5.885473090011781e-06,305.7519125507075,0.999954230420953,0.06914303890756145,0.24932241435658015,184.06137166149756,128.62661060404844,0.006463766552218646,1.000040329037339,0.4993937386256431,1.1394386106425636,1.1488857754378237,1.016473935704375,1.2304093469310566,0.5752382537937905,0.7368936486540424,0.6520802384129849,0.055069167076554064,0.9960075681343387,0.08763616778442727,3.589715157542155,4.3854709097324175e-06,2.7068585857590453,1.1378981477741423,0.9991738383603285,1.7128236877105499e-06,2.000104771379669,0.9997814950480166,9.002393164488932,1.0000778458212338,0.20798308229754772,0.3489985981211163,0.1359041071679778,0.0434641870742977,11.13565878990161,28.834085834701387,0.10909895041356804,7.598222565604625,0.12763866849696803,1.8104550708893912,2.065501498652745,108.18,1.1848905077339216,0.08701452552183986,4.01908838847555,0.8457063731856858,0.8491431037515126,0.05207631737444561,2.4649067457356506,1.0000290251241724,11.232233,2.16592121075601,0.027377415177201943,0.37942415769025906,7.678944555962216,0.8452824347474164,0.9993874303877648,0.03283400177870497,0.008767454107082321,57.99670513741137,0.7407757080664029,1.1894727865968322,2.2232771634945476,0.0738600305264926,0.031010513261536334,0.07925086732607757,0.0072237702906519435,0.5097465567554749,1.05085,0.3730528893378601,0.411619974171069,0.99878992426334
2026-10-07,85540.08713738805,2697.1723962480346,779.196215223872,1.4968097895053871,120.68055968041386,0.3354218151639715,1.038470956673013,1365.0168159378054,91.91314715100317,0.09367763322673615,559.4715401949135,13.95931041620728,85.4213004403975,0.2674511709597978,8.898342098633805,0.011546366851389116,5.0667957396624255,0.21212710052848419,311.81538036447034,68.97312889680472,0.12716038847109795,11.603757427195381,8.55724915344779,1.1779558593445745,1.214637755978579,1.5239984150518888,0.09975369918120179,265.4773459522676,5.792662882393043e-06,308.8768712845492,0.9999006194217056,0.06649393248597053,0.24044329815114926,179.66501011568238,136.4135692161708,0.006181199954507262,0.9999463436418478,0.49105901487236603,1.1395447925890383,1.1487575703435098,1.0533206868388167,1.2011044951458458,0.5515412237612763,0.7362639886380192,0.5916537721830498,0.05625922797232876,0.995917462023567,0.08931702530394502,3.3878260637802025,4.283635468096254e-06,2.6924274938330326,1.141292202158509,0.9992086348121697,1.7086632384526016e-06,1.9983974004030802,0.9997410464809618,8.837646208387593,0.9999592455872273,0.1997340249558233,0.3513165307227848,0.14094542811744296,0.0432399195130641,11.24635119647677,27.02873815283658,0.10741839001717557,7.660306040283702,0.12353369408951792,1.7816406345640692,2.1415737369018655,108.18,1.1531633213102377,0.08713443780075936,3.81691090265372,0.804591097227304,0.8524820254298004,0.05016410610906269,2.3887877776032855,1.0010718644048475,11.235547,2.251192747677942,0.02792918411924306,0.3844292939508024,8.093615966993744,0.826174493037138,0.9994354709150434,0.03372546574995505,0.008595994267696486,55.7236284571515,0.7796392778378042,1.1930167475179172,2.193903091475953,0.07382577950883817,0.0294051173718284,0.07576770919049666,0.007270483200730682,0.4920105048399815,1.050976,0.36063156414564884,0.4081532033831063,0.9987328006002061
2026-10-08,83282.04538340426,2573.2309278741104,772.0487049959692,1.4208117992013682,116.22612495367973,0.3352049776575519,1.017975124000408,1326.9596350126358,88.47476902557493,0.08899395648474806,553.5805297150155,13.321113113044225,82.90718466814918,0.25538226764256977,8.896396635922326,0.011035905000032696,5.334629329884487,0.20029792349932782,300.1044390936511,66.05835077224373,0.11927587223724996,11.123679958706594,7.910682879475497,1.1276227213438303,1.296554564555991,1.4419654699550333,0.09284192001768546,253.24614778856963,5.433374878751035e-06,291.29327257576074,0.9998280332228567,0.06317596100383657,0.2263983119080278,174.02807467199978,131.95176857305918,0.006234279273553856,0.9999969701082496,0.470021097454983,1.1396513713340843,1.1485556283572191,1.0379646235784916,1.1171804033650936,0.5207604341436318,0.7093010323877722,0.5813817697260473,0.05517407995595408,0.9946975754890417,0.08015369632965877,3.2405706095150904,4.0935560396044185e-06,2.540230141913286,1.1360709481519813,0.9991635256235584,1.705873912553874e-06,1.9545915601973864,0.9987135170894338,8.476428890165845,0.9999546569570013,0.185699635173089,0.35821752682478203,0.1417030707981582,0.04053998177131622,10.919294425852142,25.560750587248833,0.1026445621648007,7.602356559368424,0.11869329813282033,1.7238251515884968,2.022985603255703,108.17999999999999,1.0526058438719437,0.08094823019539397,3.5726038465040704,0.7948092044890847,0.8343887067091318,0.04583015908586006,2.2508155209021297,1.0001781866074189,11.236645999999999,2.1948352931731656,0.026725970040449076,0.3706205566770803,7.458356237174658,0.7632969204445605,0.9991921557481375,0.03235249592275723,0.008066188667697349,53.87854185942682,0.7220009814470162,1.187588553584649,2.468621214202059,0.07387440317792708,0.02737217177248418,0.07378007255156852,0.006978107218099332,0.4798724200468363,1.051135,0.3813650136074464,0.3747085908759318,0.9987381522274369
2026-10-09,81685.88692243936,2472.7266584392723,735.3774241016492,1.3792568329721095,109.50767032987481,0.33248584032517925,1.0299694795731773,1185.853117281294,84.15681337381885,0.08397702966073219,539.9136322592652,12.697926800311254,80.3611677435082,0.23203463927063758,8.897518230429963,0.010263363437239013,4.461436407898754,0.19195635500347194,270.9580057784765,63.11108301237206,0.11879695627987037,10.070269624838854,7.109490294573577,1.0400148387517616,1.3913867240684443,1.3799319743920215,0.09029426757793221,236.53055713697827,5.292589199261669e-06,268.4043663214087,0.9998494510366376,0.0603449456875167,0.20650240964591213,166.04909904127615,124.96577426940387,0.005536605853133286,0.9999843319927167,0.47007611686071465,1.1397560834866436,1.1473479621206708,1.0662384910812304,1.0896194895610147,0.4795066333836054,0.6999198601204896,0.5540397373778924,0.054710807298457675,0.9950482215606351,0.07628715091812706,2.910122587629923,3.823965917999923e-06,2.3521039747012114,1.137263958975417,0.9993846181027429,1.6765792377331252e-06,1.9350100968630466,0.9985500494936704,8.044084865399117,0.9999506917301257,0.17260990870710813,0.3358443999490771,0.13978444824613,0.03918163539903898,10.677646336140159,22.78702355680352,0.09822400902991921,7.593233559283913,0.11731916069237074,1.7608758169438639,1.827507591669161,105.69000000000001,1.0682976924698633,0.0807748382047702,3.6031850803161842,0.8302032759665192,0.8301330773664208,0.04466138344976386,2.149185245871724,0.9995558452632836,11.237750999999998,1.961889314595213,0.026044074655704002,0.3818023730520846,6.753999773986844,0.7361260908952919,0.9986350786749922,0.03199070085516422,0.007551572488627827,50.524621155651886,0.6788560464032823,1.188827213989975,2.317610810470934,0.07603474228468787,0.026457328553292272,0.0812042430864583,0.0068042318602197106,0.5157421000280298,1.05149,0.3357723630595789,0.44084481152184807,0.998204493719134
2026-10-10,82735.80999155664,2492.10600894505,748.5202955909843,1.4016630701433195,109.47259902443113,0.3306870768905313,1.0011549352367035,1221.4196828752458,83.97437782313106,0.08576045473182851,526.3634804932171,12.891866416514896,81.35195950268724,0.2545170508528783,8.771288716459422,0.010199710608159678,5.263063896510462,0.19617757662924468,278.5545861736262,63.44491726829951,0.11966752578374262,10.531998446895097,7.443377483327468,1.1111391151736336,1.5987069807647563,1.45107878765495,0.09220201464496158,246.3989855917753,5.43193280942402e-06,282.38719458469427,0.9998045009196047,0.06069984391282469,0.21832189705669042,173.45418521323467,126.12800543357089,0.005562844320881777,1.0000243811482201,0.4928208229825697,1.140213033752708,1.1482044292374192,1.0009225193450582,1.2526676017012588,0.5418339697987032,0.7065136944300128,0.5612340440895732,0.05719299987877114,0.9949697524076127,0.07732444888166697,3.121566889338608,4.0156938920526e-06,2.3656789801662224,1.136677727762604,0.99952222034256,1.6818801570597407e-06,1.950961622346625,0.9983365560883813,8.299179979843036,0.9997874074505677,0.1831166710650906,0.367623538123841,0.13947555433843842,0.041025686792187314,10.635202202317432,22.383679567757447,0.10028849976774226,7.626574380210929,0.11454143773800582,1.928905992910505,1.9160792143370247,105.69,1.1220296038769182,0.08166883010415417,3.6647054374006096,0.8518620548637402,0.8346111041861081,0.04900578613416851,2.213477288159218,0.9985979989985659,11.238876,1.951795530260242,0.02782343367527827,0.3929761811871946,7.1695075897536045,0.8083848661334383,0.9985234215321349,0.03492580849689374,0.007736676084660155,51.15071213835843,0.6742994844163814,1.1881768012744534,2.325951798507887,0.0793494158852985,0.02701225603744211,0.07797449346198708,0.007042722135227354,0.5864762540813221,1.051677,0.3550107993838743,0.5583981133899248,0.9980838768307132
