Date,AAPL,ABBV,ADBE,ADI,ALAB,ALNY,AMAT,AMD,AMGN,AMZN,ANET,APLD,ARM,ASML,AVGO,AZN,BIIB,BMY,BNTX,BWXT,CCJ,CDNS,CEG,CIEN,COHR,CRDO,CRM,CRWD,CRWV,DDOG,DELL,DLR,DNN,ENTG,EQIX,ETN,GEV,GILD,GOOGL,HPE,IBM,INTC,IREN,ISRG,JNJ,KLAC,LEU,LLY,LRCX,MCHP,META,MPWR,MRK,MRNA,MRVL,MSFT,MU,NBIS,NET,NNE,NOW,NRG,NVDA,NVO,NVS,NXE,NXPI,OKLO,ON,ORCL,PANW,PFE,PLTR,QCOM,REGN,SMCI,SMR,SNOW,SNPS,SPY,STX,TER,TLN,TMO,TSLA,TSM,TXN,UEC,UUUU,VRT,VRTX,VST,WDC
2025-07-29,210.4351501464844,185.46630859375,370.7000122070313,227.6935272216797,118.41000366210938,330.54998779296875,187.03794860839844,177.44000244140625,294.7018737792969,231.009994506836,118.62000274658205,10.119999885559082,163.47000122070312,713.782958984375,295.2566833496094,145.42208862304688,127.9000015258789,44.71380233764648,111.4800033569336,149.443603515625,78.5370864868164,366.260009765625,328.7915344238281,91.06999969482422,106.9800033569336,109.37999725341795,265.1459045410156,116.37750244140624,108.73999786376952,150.27000427246094,131.83009338378906,173.2970428466797,2.130000114440918,92.5079574584961,793.09228515625,385.535888671875,631.236572265625,111.32979583740234,195.19314575195312,20.424564361572266,255.8657684326172,20.40999984741211,15.789999961853027,496.8699951171875,164.01199340820312,91.02235412597656,224.0800018310547,757.5907592773438,98.39543151855467,68.81342315673828,697.7132568359375,719.3365478515625,79.9568862915039,32.65999984741211,76.17769622802734,508.5082702636719,111.78059387207033,50.400001525878906,199.42999267578125,35.45000076293945,198.63999938964844,158.0620574951172,175.2765350341797,51.45195770263672,113.7575912475586,7.0,222.78028869628903,71.01000213623047,58.380001068115234,247.1629180908203,193.83999633789065,22.70747184753418,156.24000549316406,158.73435974121094,555.1080932617188,58.630001068115234,48.970001220703125,218.759994506836,635.8099975585938,628.2982788085938,151.42967224121094,90.31879425048828,361.2099914550781,480.40863037109375,321.20001220703125,238.6902313232422,186.1585388183593,8.75,9.470000267028809,142.54296875,468.4100036621094,196.966796875,70.4191665649414
2025-07-30,208.2239227294922,183.61376953125,364.0,228.0487365722656,128.8699951171875,339.79998779296875,188.01080322265625,179.50999450683594,292.5757751464844,230.19000244140625,122.08999633789062,10.029999732971191,163.3249969482422,716.7235107421875,300.4187927246094,150.5525360107422,126.63999938964844,43.87410736083984,110.0500030517578,151.5319061279297,77.59890747070312,371.0299987792969,343.46435546875,92.9499969482422,107.2300033569336,116.01000213623048,262.5874938964844,115.7874984741211,102.88999938964844,148.8800048828125,131.85971069335938,172.32510375976562,2.0799999237060547,79.13294982910156,779.3156127929688,385.6149291992188,653.5160522460938,111.84632873535156,195.970947265625,20.463747024536133,253.7693786621093,20.34000015258789,16.139999389648438,500.510009765625,163.1826934814453,91.9066390991211,225.19000244140625,754.740966796875,98.54460144042967,68.4337158203125,692.9389038085938,725.4636840820312,79.10536193847656,32.150001525878906,81.56621551513672,509.1729431152344,114.55613708496094,51.290000915527344,200.8500061035156,36.06999969482422,195.4960021972656,164.70606994628906,179.0315399169922,47.72230911254883,113.1850128173828,6.869999885559082,217.08155822753903,75.62999725341797,58.04999923706055,247.7759552001953,183.02999877929688,22.24958610534668,158.61000061035156,155.7766876220703,551.5574951171875,60.709999084472656,50.5099983215332,220.27999877929688,645.3499755859375,627.507080078125,146.21275329589844,107.37512969970705,373.3599853515625,475.5463562011719,319.0400085449219,240.2529296875,184.3492889404297,8.680000305175781,9.109999656677246,144.01136779785156,469.1600036621094,205.9695739746093,71.23695373535156
2025-07-31,206.74978637695312,183.33251953125,357.69000244140625,221.6545867919922,136.72999572753906,392.239990234375,178.7487335205078,176.30999755859375,286.48876953125,234.1100006103516,123.22000122070312,13.140000343322754,141.375,690.1587524414062,291.5636901855469,143.67259216308594,128.0,41.32639694213867,107.5,151.0843963623047,74.78439331054688,364.5700073242188,346.0209350585937,92.83999633789062,107.5999984741211,111.5500030517578,256.161865234375,113.64250183105467,114.12999725341795,139.97999572753906,131.02041625976562,171.48924255371094,2.069999933242798,78.2552490234375,767.7095336914062,380.3065490722656,658.7940063476562,109.43903350830078,191.3540954589844,20.2678279876709,246.8367156982422,19.799999237060547,16.110000610351562,481.0899963378906,160.72413635253906,87.34008026123047,215.3999938964844,734.8715209960938,94.3179931640625,65.80502319335938,770.913330078125,706.2977905273438,75.5927963256836,29.559999465942383,80.19914245605469,529.2723999023438,108.96510314941406,54.43000030517578,207.67999267578125,35.43000030517578,188.62399291992188,165.30917358398438,177.63340759277344,44.89884185791016,110.38037872314452,6.710000038146973,210.0367889404297,76.58999633789062,56.36000061035156,250.91021728515625,173.60000610351562,21.7636661529541,158.35000610351562,143.7305908203125,542.4873046875,58.970001220703125,50.209999084472656,223.5,633.469970703125,625.1531372070312,155.72422790527344,107.15568542480467,377.5700073242188,465.9811706542969,308.2699890136719,238.97705078125,177.39306640625,8.670000076293945,9.09000015258789,145.4398193359375,456.8699951171875,207.4517822265625,78.47732543945312
2025-08-01,201.58029174804688,189.345947265625,347.79998779296875,218.77325439453125,131.10000610351562,401.7999877929688,178.67926025390625,171.6999969482422,288.2168273925781,214.75,117.56999969482422,12.520000457763672,137.5800018310547,685.30078125,286.54052734375,145.36309814453125,131.9499969482422,42.20425033569336,107.33999633789062,148.6679229736328,72.78827667236328,356.9700012207031,338.9878845214844,88.62999725341797,102.79000091552734,107.55999755859376,248.63560485839844,111.66500091552734,104.13999938964844,135.60000610351562,125.7179718017578,167.3779296875,2.039999961853028,75.46256256103516,754.5879516601562,376.9158935546875,655.0126953125,110.30643463134766,188.59197998046875,19.4057846069336,243.81402587890625,19.309999465942383,15.399999618530272,483.1199951171875,163.25099182128906,88.09620666503906,208.3300018310547,756.9751586914062,95.8395767211914,64.60751342773438,747.5598754882812,780.1609497070312,76.72493743896484,27.604999542236328,74.29171752929688,519.956787109375,104.71192932128906,52.0,200.1100006103516,33.9900016784668,182.87399291992188,166.17161560058594,173.4889373779297,45.96718215942383,111.89430236816406,6.480000019073486,206.2540283203125,71.48999786376953,56.81999969482422,241.6655731201172,172.8800048828125,21.950557708740234,154.27000427246094,145.13107299804688,555.8240966796875,56.63999938964844,44.43000030517578,205.0200042724609,618.6500244140625,614.9066162109375,153.542236328125,103.89404296875,378.010009765625,461.3580932617188,302.6300048828125,232.6371612548828,177.19712829589844,8.670000076293945,8.850000381469727,141.4342041015625,462.1300048828125,206.9643402099609,76.34310913085938
2025-08-04,202.5464782714844,191.2566680908203,338.8500061035156,219.4541015625,137.92999267578125,419.55999755859375,181.48866271972656,176.77999877929688,293.129150390625,211.6499938964844,120.3499984741211,13.949999809265137,140.0500030517578,694.7781982421875,295.554443359375,146.6211395263672,132.1999969482422,43.32067108154297,110.02999877929688,153.65003967285156,75.1137466430664,364.8800048828125,353.0340881347656,92.66999816894533,106.73999786376952,114.6999969482422,250.20236206054688,113.71499633789062,106.01000213623048,139.1300048828125,128.5913543701172,168.05828857421875,2.130000114440918,73.48772430419922,761.0803833007812,380.3460998535156,661.2685546875,111.6026840209961,194.4851837158203,19.61149978637696,245.6958770751953,19.5,16.479999542236328,483.3599853515625,166.8705291748047,90.97564697265624,210.0500030517578,763.5983276367188,97.86834716796876,64.83142852783203,773.833740234375,824.8582153320312,77.27650451660156,27.63999938964844,76.3672866821289,531.3954467773438,107.5972900390625,54.16999816894531,208.8000030517578,35.58000183105469,184.6000061035156,172.39695739746094,179.76058959960938,46.558589935302734,114.34957122802734,6.760000228881836,208.28787231445312,76.41000366210938,47.970001220703125,249.6841735839844,171.0,21.98793601989746,160.66000366210938,144.46510314941406,568.425048828125,58.22999954223633,43.380001068115234,208.47999572753903,636.02001953125,624.2530517578125,153.542236328125,105.45005798339844,390.6799926757813,464.875244140625,309.260009765625,236.38571166992188,179.0292510986328,9.210000038146973,9.720000267028809,140.0457305908203,472.2699890136719,212.94297790527344,77.08110809326172
2025-08-05,202.11813354492188,192.5757598876953,338.739990234375,217.75689697265625,135.5399932861328,418.9100036621094,177.84535217285156,174.30999755859375,291.32342529296875,213.75,118.12000274658205,14.890000343322754,137.22999572753906,685.1119384765625,290.7992858886719,146.40493774414062,132.88999938964844,43.75005722045898,111.06999969482422,180.987045288086,74.4450454711914,360.5,341.7732849121094,91.48999786376952,105.5999984741211,110.29000091552734,245.4128875732422,110.4375,111.83999633789062,132.94000244140625,128.8382110595703,167.33905029296875,2.240000009536743,73.14860534667969,761.6181030273438,352.36083984375,648.248046875,109.60472869873048,194.11622619628903,19.46455955505371,244.4185485839844,20.190000534057617,16.450000762939453,477.0,166.577880859375,87.77528381347656,213.8000030517578,760.5697021484375,96.14787292480467,65.35717010498047,760.9659423828125,797.2017822265625,78.1764144897461,27.46999931335449,76.46708679199219,523.5679321289062,108.88523864746094,55.16999816894531,207.8099975585937,37.95000076293945,181.0240020751953,170.4639434814453,178.0229034423828,45.04192733764648,114.25252532958984,6.940000057220459,204.829330444336,84.08999633789062,47.2400016784668,252.78878784179688,169.08999633789062,23.12798309326172,173.27000427246094,143.68162536621094,566.7940063476562,57.2599983215332,45.130001068115234,205.7700042724609,628.5,621.088134765625,150.49737548828125,106.65696716308594,384.2699890136719,464.7257995605469,308.7200012207031,229.92713928222656,181.6451873779297,9.5,9.920000076293944,138.60731506347656,374.9800109863281,208.5062713623047,75.63502502441406
2025-08-06,212.40733337402344,190.3934631347656,345.6199951171875,217.7667694091797,174.38999938964844,428.1400146484375,176.84271240234375,163.1199951171875,276.36309814453125,222.3099975585937,138.77999877929688,14.789999961853027,136.1199951171875,686.433349609375,299.4757080078125,144.67510986328125,129.33999633789062,42.767234802246094,111.3000030517578,178.73963928222656,76.4012451171875,360.1600036621094,336.6899719238281,94.30999755859376,107.1500015258789,117.33999633789062,247.0787811279297,112.92250061035156,110.23999786376952,136.9600067138672,126.52766418457033,164.7342529296875,2.259999990463257,72.04151153564453,755.8101196289062,354.0512084960937,663.04443359375,107.48007202148438,195.5321807861328,19.719253540039062,245.9884033203125,20.40999984741211,18.31999969482422,474.05999755859375,166.4315185546875,88.25916290283203,232.38999938964844,741.1272583007812,95.41194915771484,64.42251586914062,769.4680786132812,800.2503662109375,76.87008666992188,26.709999084472656,75.15986633300781,520.7802734375,108.6056900024414,55.09000015258789,215.52999877929688,38.290000915527344,182.4620056152344,147.26751708984375,179.1813507080078,43.28680038452149,110.14746856689452,7.110000133514404,202.3238677978516,83.0999984741211,46.97999954223633,253.54022216796875,172.88999938964844,22.361722946166992,179.5399932861328,142.82958984375,552.1045532226562,46.790000915527344,45.93000030517578,210.5399932861328,625.8800048828125,625.845458984375,146.06398010253906,104.61219787597656,378.6700134277344,447.3092651367188,319.9100036621094,228.8391571044922,182.1448669433593,9.760000228881836,9.68000030517578,139.59625244140625,385.6499938964844,199.8019256591797,73.58059692382812
2025-08-07,219.1605529785156,192.8764190673828,338.2699890136719,220.16458129882807,170.88999938964844,435.1000061035156,181.81622314453125,172.39999389648438,276.3922424316406,223.1300048828125,139.27999877929688,14.239999771118164,135.57000732421875,708.4481201171875,301.5505065917969,146.5818328857422,127.75,43.28250503540039,111.3499984741211,178.53079223632812,76.22159576416016,354.3299865722656,334.6507263183594,95.18000030517578,113.81999969482422,119.77999877929688,238.85836791992188,106.25,121.08000183105467,136.3800048828125,132.24478149414062,166.42543029785156,2.240000009536743,73.23837280273438,762.0092163085938,357.0650939941406,644.396728515625,107.48007202148438,195.9609832763672,19.98374366760254,243.9212646484375,19.770000457763672,18.56999969482422,469.80999755859375,167.34860229492188,90.62193298339844,234.94000244140625,636.3583374023438,98.6042709350586,64.47120666503906,759.3412475585938,792.3953247070312,77.77001190185547,26.61000061035156,75.68873596191406,516.7127075195312,111.69072723388672,65.30999755859375,210.44000244140625,36.900001525878906,174.82400512695312,151.886962890625,180.52957153320312,46.51089096069336,112.49598693847656,6.980000019073486,202.3140411376953,79.31999969482422,47.59000015258789,246.5795745849609,168.10000610351562,22.642059326171875,182.1999969482422,142.88833618164062,556.7490234375,46.66999816894531,44.68000030517578,206.3999938964844,620.3300170898438,625.3212280273438,146.88717651367188,106.18816375732422,375.5799865722656,453.0881958007813,322.2699890136719,239.9661102294922,182.1448669433593,9.850000381469728,9.600000381469728,139.23660278320312,375.6300048828125,204.5171813964844,74.23881530761719
2025-08-08,228.44374084472656,192.09078979492188,341.04998779296875,220.98358154296875,179.27999877929688,438.9299926757813,183.52371215820312,172.75999450683594,279.8192443847656,222.69000244140625,139.17999267578125,14.199999809265137,138.5,717.5878295898438,302.751708984375,145.58226013183594,130.6699981689453,43.84548568725586,111.66000366210938,178.1926727294922,76.77052307128906,352.0599975585937,334.00909423828125,95.05999755859376,115.44000244140624,120.41000366210938,238.491455078125,106.12249755859376,129.5500030517578,130.91000366210938,135.8784942626953,165.1424560546875,2.119999885559082,72.94913482666016,758.9390258789062,359.7220764160156,647.6194458007812,116.3782730102539,200.84703063964844,20.38537979125977,237.82521057128903,19.950000762939453,18.450000762939453,470.0799865722656,169.104736328125,90.8941879272461,223.1499938964844,621.2553100585938,101.1899642944336,60.236083984375,766.7869262695312,798.701171875,78.07965087890625,26.1200008392334,77.17556762695312,517.9032592773438,118.69947814941406,68.77999877929688,204.6000061035156,35.459999084472656,174.5019989013672,151.212890625,182.4569854736328,48.723880767822266,113.38880920410156,6.880000114440918,203.542221069336,75.31999969482422,47.65999984741211,247.2321319580078,167.05999755859375,22.96912384033203,186.9600067138672,144.51406860351562,559.9315795898438,44.59999847412109,39.34999847412109,191.72999572753903,619.4199829101562,630.197265625,149.21792602539062,107.19558715820312,374.6799926757813,459.0465087890625,329.6499938964844,239.1847381591797,183.42832946777344,10.18000030517578,9.550000190734863,139.77601623535156,366.5400085449219,201.0652770996093,74.76737213134766
2025-08-11,226.53909301757807,192.6630401611328,333.6499938964844,221.1019897460937,179.42999267578125,435.0,183.03729248046875,172.27999877929688,276.7708435058594,221.3000030517578,137.64999389648438,14.029999732971191,141.0500030517578,716.5844116210938,301.6894836425781,146.6115264892578,128.0,43.82639694213867,109.26000213623048,176.89991760253906,77.5190658569336,349.0899963378906,329.75640869140625,93.37999725341795,113.5999984741211,118.56999969482422,230.7271728515625,106.60749816894533,139.77999877929688,128.8300018310547,136.57957458496094,163.9955596923828,2.119999885559082,71.8420181274414,759.4767456054688,357.0155334472656,649.28564453125,117.41136169433594,200.42822265625,20.16986846923828,231.9647521972656,20.64999961853028,17.969999313354492,471.8500061035156,169.58279418945312,90.43513488769533,219.1000061035156,630.7579956054688,101.43859100341795,59.34038162231445,763.3679809570312,791.9683837890625,77.44100189208984,25.46999931335449,77.1156997680664,517.6353759765625,123.5217514038086,70.23999786376953,201.1699981689453,35.130001068115234,171.2740020751953,150.7073211669922,181.81784057617188,47.5696907043457,115.04830169677734,6.840000152587891,201.5771484375,71.86000061035156,47.09999847412109,249.83248901367188,168.1699981689453,22.96912384033203,182.67999267578125,144.9156036376953,542.964599609375,45.20000076293945,38.25,191.8000030517578,616.1199951171875,628.9510498046875,150.4477996826172,104.41271209716795,369.9500122070313,460.71044921875,339.0299987792969,239.44190979003903,179.98941040039062,9.6899995803833,9.609999656677246,139.6761474609375,374.4599914550781,199.03591918945312,74.43826293945312
2025-08-12,229.00210571289065,192.6630401611328,338.42999267578125,228.96641540527344,192.0,429.9299926757813,187.07763671875,174.9499969482422,276.6640625,221.47000122070312,141.25,14.970000267028809,142.38999938964844,736.9302978515625,310.55450439453125,149.1253204345703,128.92999267578125,44.417999267578125,111.0,178.51087951660156,78.277587890625,353.6099853515625,336.7994079589844,96.4000015258789,116.55999755859376,125.37999725341795,229.7157287597656,108.9499969482422,148.75,128.9600067138672,139.8577880859375,164.5204315185547,2.1600000858306885,75.77174377441406,769.8117065429688,360.1781005859375,655.9505004882812,116.97277069091795,202.7615509033203,20.884973526000977,230.4628143310547,21.809999465942383,17.829999923706055,478.1900024414063,168.56813049316406,92.9539031982422,217.3699951171875,634.9384155273438,104.70053100585938,62.79662704467773,787.4192504882812,834.7191772460938,77.70226287841797,25.65999984741211,77.64457702636719,525.046142578125,127.5452880859375,75.33000183105469,202.3300018310547,36.81999969482422,170.68600463867188,155.3267822265625,182.9163818359375,47.48384094238281,115.78585052490234,6.920000076293945,216.2071228027344,78.47000122070312,50.0099983215332,250.9991912841797,175.39999389648438,23.034536361694336,186.97000122070312,150.5567169189453,553.5167236328125,46.43000030517578,38.16999816894531,193.0599975585937,625.7999877929688,635.6469116210938,154.3158416748047,111.34496307373048,380.6099853515625,475.6758728027344,340.8399963378906,241.61782836914065,189.06187438964844,10.329999923706056,9.59000015258789,143.56185913085938,387.7699890136719,208.46646118164065,75.70484924316406
2025-08-13,232.6717529296875,195.40786743164065,351.07000732421875,234.4823760986328,193.63999938964844,432.5199890136719,188.6461334228516,184.4199981689453,280.8871154785156,224.5599975585937,138.00999450683594,14.800000190734863,141.60000610351562,750.6200561523438,306.8417358398437,154.27166748046875,135.19000244140625,45.6584587097168,112.77999877929688,175.77618408203125,75.45308685302734,349.1199951171875,325.9166259765625,94.66000366210938,114.01000213623048,121.12999725341795,235.0406646728516,108.02999877929688,117.76000213623048,128.7100067138672,137.38925170898438,163.8497772216797,2.0199999809265137,79.6715316772461,766.5655517578125,354.4180603027344,632.8729858398438,117.08972930908205,201.385498046875,21.12007522583008,235.66558837890625,22.21999931335449,17.729999542236328,482.3500061035156,170.16815185546875,94.3399658203125,187.44000244140625,655.8505249023438,106.15250396728516,64.01361083984375,777.5316772460938,855.8116455078125,80.03429412841797,26.88999938964844,79.1513671875,516.4547729492188,124.07086181640624,70.62999725341797,199.33999633789065,36.09000015258789,172.66000366210938,153.65147399902344,181.3484649658203,48.55218505859375,117.62002563476562,6.78000020980835,226.4942779541016,77.41999816894531,51.88999938964844,241.4282684326172,176.86000061035156,23.5111141204834,184.3699951171875,153.357666015625,558.489501953125,46.06999969482422,37.29999923706055,196.8699951171875,618.5700073242188,637.82275390625,155.6349639892578,113.71888732910156,380.25,483.0290832519531,339.3800048828125,238.79901123046875,189.3753967285156,10.220000267028809,9.510000228881836,137.24880981445312,395.9200134277344,204.2087860107422,75.8644027709961
2025-08-14,232.1233062744141,198.5212860107422,348.5799865722656,233.08120727539065,190.69000244140625,442.7300109863281,186.86917114257807,180.9499969482422,281.819091796875,230.97999572753903,136.47999572753906,14.550000190734863,140.5500030517578,750.2623291015625,308.9662170410156,155.32073974609375,134.94000244140625,45.62029266357422,112.6999969482422,173.72767639160156,75.40319061279297,348.9200134277344,324.5040283203125,91.41999816894533,91.6500015258789,117.33000183105467,231.4113922119141,106.21499633789062,99.50499725341795,124.5199966430664,137.11276245117188,161.55599975585938,2.0299999713897705,78.6641845703125,758.12744140625,352.04864501953125,623.8534545898438,115.99816131591795,202.3627166748047,20.884973526000977,232.75987243652344,23.86000061035156,19.07999992370605,477.0799865722656,170.46084594726562,94.9291763305664,189.0800018310547,679.622314453125,106.78897857666016,64.24728393554688,779.5748901367188,842.911865234375,80.08268737792969,26.690000534057617,78.87196350097656,518.3396606445312,125.08922576904295,68.45999908447266,195.3800048828125,35.20000076293945,170.1719970703125,152.4420928955078,181.77789306640625,48.599876403808594,118.48373413085938,6.78000020980835,227.49644470214844,73.66000366210938,51.619998931884766,242.19949340820312,173.5500030517578,23.46438980102539,181.0200042724609,154.8267059326172,562.8854370117188,45.4900016784668,35.93000030517578,194.8999938964844,616.3599853515625,637.8821411132812,154.45469665527344,111.53448486328124,380.6000061035156,483.2781677246094,335.5799865722656,238.36383056640625,189.7868804931641,10.260000228881836,9.789999961853027,132.3741912841797,390.2999877929688,201.2940826416016,76.03395080566406
2025-08-15,230.9366607666016,200.4708251953125,354.8500061035156,228.5618591308593,185.8500061035156,448.9100036621094,160.58200073242188,177.50999450683594,287.8187561035156,231.02999877929688,137.3000030517578,14.09000015258789,138.91000366210938,737.2978515625,304.1117553710937,156.70628356933594,138.60000610351562,46.221439361572266,113.5199966430664,172.5343475341797,75.45308685302734,349.8800048828125,320.5448913574219,90.87000274658205,93.4000015258789,116.73999786376952,240.4052581787109,106.9749984741211,99.97000122070312,127.25,136.5400848388672,162.2169189453125,2.0299999713897705,76.91874694824219,763.9353637695312,348.0135803222656,620.5009155273438,115.36466979980467,203.31997680664065,20.72823905944824,235.32199096679688,24.559999465942383,19.690000534057617,480.260009765625,172.33404541015625,86.93370819091797,183.4100036621093,697.8336791992188,98.96229553222656,63.97467041015625,782.6647338867188,820.72705078125,81.48577117919922,28.020000457763672,76.02802276611328,516.0480346679688,120.67630767822266,71.62000274658203,200.9100036621093,35.88999938964844,173.447998046875,147.32699584960938,180.20997619628903,49.99253082275391,120.5411148071289,6.820000171661377,224.78463745117188,71.05999755859375,51.09000015258789,245.4820709228516,177.08999633789062,23.49242401123047,177.1699981689453,154.5916748046875,577.2467041015625,45.369998931884766,35.470001220703125,199.0800018310547,617.9099731445312,636.388671875,153.1653289794922,109.1406021118164,377.8200073242188,487.2337341308594,330.5599975585937,236.2670135498047,190.6294708251953,10.729999542236328,9.789999961853027,132.92359924316406,392.7900085449219,196.3002777099609,74.85713195800781
2025-08-18,230.23863220214844,200.3544464111328,357.239990234375,228.48291015625,186.42999267578125,456.8699951171875,162.33912658691406,176.13999938964844,284.08111572265625,231.4900054931641,138.0399932861328,16.34000015258789,141.05999755859375,742.652587890625,303.5359802246094,156.60733032226562,135.91000366210938,45.98288345336914,112.5500030517578,170.23388671875,76.67071533203125,356.25,321.4691467285156,91.93000030517578,90.48999786376952,118.73999786376952,241.92242431640625,106.58499908447266,96.8000030517578,129.07000732421875,136.3919677734375,160.3896942138672,2.059999942779541,78.20537567138672,752.5347290039062,350.4623413085937,623.60400390625,114.99431610107422,202.92111206054688,21.18864631652832,235.0569305419922,23.65999984741211,20.70499992370605,481.2799987792969,171.9535369873047,87.96430969238281,177.57000732421875,694.6690673828125,98.33575439453124,63.8286361694336,764.8631591796875,844.4014892578125,81.49545288085938,28.09000015258789,76.57684326171875,513.0023193359375,123.35202026367188,72.54000091552734,202.3699951171875,32.05500030517578,178.41000366210938,149.13116455078125,181.76788330078125,51.84846496582031,120.34703063964844,7.019999980926514,227.958236694336,68.98999786376953,50.52999877929688,246.26319885253903,176.1699981689453,23.42700958251953,174.02999877929688,155.6199951171875,571.6488647460938,45.86000061035156,34.97999954223633,198.2400054931641,625.3300170898438,636.2501220703125,157.40037536621094,110.1280746459961,376.8900146484375,485.7690734863281,335.1600036621094,238.7693634033203,190.3943328857422,10.600000381469728,10.31999969482422,135.54071044921875,389.8800048828125,197.92176818847656,76.08381652832031
2025-08-19,229.9095764160156,199.98587036132807,361.0299987792969,227.3876037597656,171.05999755859375,458.2799987792969,161.03866577148438,166.5500030517578,286.92559814453125,228.009994506836,132.77999877929688,15.34000015258789,134.00999450683594,738.7383422851562,292.764892578125,157.43865966796875,138.86000061035156,46.12601852416992,111.4000015258789,165.07530212402344,73.67654418945312,346.8800048828125,315.9564208984375,88.7699966430664,87.76000213623047,106.3000030517578,243.9353790283203,104.6500015258789,92.88999938964844,128.99000549316406,133.4988250732422,161.8961944580078,1.9299999475479128,80.26000213623047,756.260009765625,346.0010070800781,601.7634887695312,114.9845733642578,200.99661254882807,20.9045639038086,236.8533630371093,25.309999465942383,18.729999542236328,479.2000122070313,173.4657745361328,87.23641204833984,166.5800018310547,699.8041381835938,99.7777862548828,63.00107955932617,749.0250244140625,838.9297485351562,82.18248748779297,27.90999984741211,71.9167709350586,505.7304382324219,121.85441589355467,67.19000244140625,196.509994506836,29.325000762939453,177.3560028076172,147.08908081054688,175.4063720703125,52.84202575683594,121.2592544555664,6.550000190734863,225.2660980224609,65.41000366210938,49.77000045776367,231.9760284423828,181.5599975585937,23.660627365112305,157.75,153.02468872070312,569.52734375,43.2400016784668,32.650001525878906,192.6300048828125,612.7899780273438,632.7984008789062,156.6366729736328,110.3375473022461,368.1600036621094,496.4800415039063,329.3099975585937,230.15460205078125,191.97171020507807,9.65999984741211,8.470000267028809,128.9080047607422,390.760009765625,192.5101623535156,75.65497589111328
2025-08-20,225.3723907470703,202.85679626464844,353.42999267578125,241.62648010253903,172.4499969482422,458.30999755859375,159.787841796875,165.1999969482422,287.7993469238281,223.8099975585937,131.47000122070312,15.720000267028809,131.16000366210938,744.579833984375,289.0520935058594,159.37841796875,138.99000549316406,46.04967880249024,111.3000030517578,162.88438415527344,70.33306121826172,345.45001220703125,312.9436340332031,86.63999938964844,86.55000305175781,105.98999786376952,244.3816070556641,104.7925033569336,91.5199966430664,128.4600067138672,126.86337280273438,160.69097900390625,1.919999957084656,79.20277404785156,763.6575317382812,343.2449035644531,603.2203369140625,115.7155303955078,198.7530059814453,20.61068725585937,238.10006713867188,23.540000915527344,19.76000022888184,480.4500122070313,174.4804229736328,87.4714126586914,175.99000549316406,702.0233154296875,98.6042709350586,64.99694061279297,745.27734375,820.5285034179688,81.92121887207031,26.88999938964844,71.06858825683594,501.7125549316406,117.02217864990234,67.47000122070312,193.1999969482422,29.045000076293945,178.0500030517578,146.90074157714844,175.1667022705078,52.37900924682617,123.49132537841795,6.460000038146973,224.7748260498047,66.56999969482422,49.470001220703125,232.4110717773437,184.42999267578125,23.716691970825195,156.00999450683594,152.23141479492188,588.6815185546875,42.61000061035156,33.790000915527344,194.8000030517578,601.1300048828125,631.1170043945312,157.1028289794922,109.24034881591795,360.1000061035156,493.01263427734375,323.8999938964844,226.09947204589844,196.70391845703125,9.390000343322754,8.529999732971191,127.39966583251952,394.3599853515625,191.90335083007807,75.43556213378906
2025-08-21,224.26551818847656,203.19625854492188,353.42999267578125,243.6789093017578,177.52999877929688,467.5499877929688,159.13075256347656,163.7100067138672,287.1295166015625,221.9499969482422,132.02999877929688,15.770000457763672,133.27999877929688,730.5821533203125,287.4934997558594,159.25967407226562,139.1199951171875,46.21189880371094,110.7699966430664,164.6570281982422,71.29119110107422,347.57000732421875,311.26043701171875,87.36000061035156,86.5999984741211,110.86000061035156,243.76681518554688,103.51499938964844,90.79000091552734,129.14999389648438,126.2215576171875,159.18446350097656,1.950000047683716,81.87577056884766,759.624267578125,342.4121398925781,604.6270751953125,113.19129180908205,199.18179321289065,21.37476921081543,235.0078582763672,23.5,19.59000015258789,469.8800048828125,174.56822204589844,86.86897277832031,177.27999877929688,706.3821411132812,97.86834716796876,64.35436248779297,736.6854858398438,815.0369262695312,83.29527282714844,26.21999931335449,71.05860900878906,501.0665893554688,115.60446166992188,66.18000030517578,192.7700042724609,29.1200008392334,175.3939971923828,144.62074279785156,174.74725341796875,53.48832321166992,123.0740203857422,6.590000152587891,220.01934814453125,67.19000244140625,48.810001373291016,230.532470703125,183.32000732421875,24.053102493286133,156.17999267578125,150.94847106933594,595.8032836914062,42.310001373291016,33.4900016784668,194.67999267578125,598.1699829101562,628.5850830078125,153.33395385742188,109.02091979980467,357.8599853515625,482.0028076171875,320.1099853515625,224.8433532714844,196.6451110839844,9.619999885559082,9.399999618530272,126.44072723388672,397.4599914550781,189.28707885742188,74.45822143554688
2025-08-22,227.1174468994141,204.26318359375,362.0899963378906,248.8593597412109,179.08999633789062,454.3800048828125,161.7689971923828,167.75999450683594,287.4622497558594,228.83999633789065,133.25,16.049999237060547,137.9199981689453,749.9444580078125,291.8614807128906,160.26914978027344,139.30999755859375,45.72525024414063,110.87999725341795,162.41632080078125,74.76443481445312,349.6300048828125,308.9099426269531,89.80999755859375,89.9000015258789,114.04000091552734,246.20616149902344,105.1374969482422,93.98999786376952,131.22000122070312,129.1936798095703,162.3724365234375,2.0799999237060547,87.53097534179688,773.671875,344.6229553222656,605.6946411132812,111.85607147216795,205.5037536621093,21.99191665649414,237.64849853515625,24.799999237060547,21.43000030517578,476.1600036621094,174.91944885253906,86.65886688232422,186.47000122070312,708.2330932617188,99.5291519165039,67.78065490722656,752.32421875,838.1353149414062,84.5435562133789,27.1200008392334,72.84481048583984,504.037841796875,117.49142456054688,68.9800033569336,196.1699981689453,31.31999969482422,177.35000610351562,143.82769775390625,177.75326538085938,54.96419525146485,123.22930145263672,7.099999904632568,230.72900390625,70.37999725341797,51.84999847412109,233.706283569336,185.8800048828125,24.183927536010746,158.74000549316406,154.74835205078125,587.157470703125,43.880001068115234,35.040000915527344,196.8099975585937,606.52001953125,638.2381591796875,157.9062042236328,115.0055923461914,356.1099853515625,498.173828125,340.010009765625,230.44143676757807,201.88674926757807,10.529999732971191,10.579999923706056,125.83138275146484,395.1199951171875,189.46612548828125,76.76197052001953
2025-08-25,226.5191650390625,201.304931640625,363.2099914550781,251.1190643310547,174.14999389648438,443.6400146484375,161.27122497558594,163.36000061035156,282.3240966796875,227.94000244140625,133.0399932861328,15.949999809265137,137.77999877929688,749.5172119140625,292.08984375,157.67617797851562,136.36000061035156,44.98097229003906,105.06999969482422,162.1673583984375,74.82431030273438,345.19000244140625,309.4278564453125,90.73999786376952,90.5,115.41000366210938,245.78970336914065,104.7074966430664,92.37999725341795,128.3800048828125,129.36155700683594,161.2061004638672,2.0799999237060547,86.52362060546875,769.6484985351562,342.78887939453125,600.9453735351562,111.25181579589844,207.8969268798828,22.09967041015625,235.03729248046875,24.549999237060547,23.1200008392334,468.4400024414063,174.06089782714844,87.58193969726562,185.27999877929688,691.9623413085938,100.7225570678711,67.2022705078125,750.839111328125,832.0379638671875,82.5501937866211,25.350000381469727,72.79490661621094,501.0865173339844,116.2334442138672,70.0199966430664,195.8800048828125,30.979999542236328,175.98800659179688,143.510498046875,179.57081604003906,54.34683990478516,121.34660339355467,7.110000133514404,232.536865234375,71.19000244140625,50.95000076293945,232.75711059570312,184.5500030517578,23.49242401123047,157.1699981689453,153.19117736816406,570.1248779296875,44.06999969482422,35.900001525878906,194.67999267578125,597.0,635.42919921875,162.65696716308594,116.77106475830078,355.5299987792969,488.9674072265625,346.6000061035156,233.0130157470703,201.7985992431641,10.399999618530272,10.93000030517578,124.88243103027344,388.9400024414063,189.088119506836,79.0058822631836
2025-08-26,228.6630859375,202.090560913086,354.9100036621094,252.2439422607422,178.55999755859375,451.2000122070313,163.780029296875,166.6199951171875,283.4104309082031,228.7100067138672,134.27000427246094,16.469999313354492,140.25999450683594,758.2000732421875,295.8423156738281,158.44813537597656,136.72000122070312,45.04777145385742,104.79000091552734,165.83216857910156,76.36132049560547,344.0299987792969,315.3040771484375,91.48999786376952,91.58000183105467,120.0999984741211,241.69435119628903,104.4000015258789,91.38999938964844,126.30999755859376,129.341796875,163.2082977294922,2.220000028610229,85.40653991699219,769.0680541992188,348.9950561523437,624.491943359375,111.83657836914062,206.55075073242188,22.040895462036133,238.1786193847656,24.350000381469727,22.989999771118164,474.260009765625,173.4515838623047,88.43331146240234,208.6699981689453,732.4651489257812,103.05962371826172,66.29054260253906,751.636474609375,844.7291259765625,82.24053955078125,24.729999542236328,74.10211944580078,498.8804931640625,116.31331634521484,70.4800033569336,198.5500030517578,32.33000183105469,172.9320068359375,144.95777893066406,181.5282287597656,53.38221740722656,122.89933776855467,7.309999942779541,233.6667938232422,74.30999755859375,50.9900016784668,231.5706481933593,184.22999572753903,23.286842346191406,160.8699951171875,155.88441467285156,585.334716796875,44.36000061035156,36.02000045776367,194.3500061035156,596.0,638.0897827148438,163.88681030273438,118.30713653564452,378.7900085449219,486.7056884765625,351.6700134277344,236.10874938964844,201.80838012695312,10.699999809265137,12.3100004196167,127.78923797607422,387.1799926757813,194.101806640625,79.49456787109375
2025-08-27,229.8397674560547,201.79959106445312,356.3500061035156,252.1156616210937,179.1999969482422,454.1799926757813,163.6605682373047,167.1300048828125,281.8347473144531,229.1199951171875,133.27000427246094,16.700000762939453,140.66000366210938,764.9554443359375,298.0660400390625,158.21060180664062,136.36000061035156,45.44853591918945,103.01000213623048,164.91595458984375,75.13370513916016,346.8800048828125,314.6666564941406,92.73999786376952,90.70999908447266,122.7300033569336,248.0604858398437,105.65249633789062,96.93000030517578,131.72999572753906,130.83279418945312,164.96751403808594,2.1700000762939453,83.78079223632812,777.6953735351562,348.3804016113281,620.9799194335938,111.02764892578124,206.8897857666016,22.266202926635746,240.3480529785156,24.850000381469727,22.354999542236328,471.1499938964844,173.74639892578125,88.5119857788086,198.2899932861328,730.6141967773438,103.09939575195312,65.33961486816406,744.9384765625,860.3001708984375,81.35030364990234,25.100000381469727,74.63098907470703,503.5508728027344,117.56130981445312,70.0999984741211,205.2400054931641,32.88999938964844,177.5959930419922,146.8313446044922,181.35845947265625,54.44329833984375,123.14195251464844,7.239999771118164,233.51939392089844,73.19999694824219,51.25,233.1526031494141,187.6100006103516,23.42700958251953,156.72000122070312,156.47203063964844,584.6475219726562,44.7599983215332,35.15999984741211,200.38999938964844,603.1699829101562,639.5436401367188,165.87045288085938,116.6912612915039,381.5,486.3469543457031,349.6000061035156,236.6725311279297,201.30870056152344,10.369999885559082,11.399999618530272,129.167724609375,389.0799865722656,193.5845184326172,80.45197296142578
2025-08-28,231.90391540527344,201.663803100586,353.9599914550781,250.88221740722656,189.1499938964844,452.3299865722656,164.53668212890625,168.5800018310547,279.5250244140625,231.6000061035156,136.22999572753906,16.600000381469727,142.5500030517578,758.4583740234375,306.4049072265625,158.32936096191406,132.64999389648438,44.732887268066406,101.93000030517578,165.14500427246094,78.4771957397461,354.2900085449219,318.2621154785156,97.88999938964844,95.1999969482422,131.82000732421875,252.393783569336,110.5,102.79000091552734,140.9600067138672,132.36328125,163.84007263183594,2.200000047683716,83.64115905761719,773.5538330078125,352.2865295410156,632.2543334960938,109.70218658447266,211.03794860839844,22.68742752075196,241.2217254638672,24.93000030517578,23.040000915527344,473.8399963378906,172.4294891357422,89.02082061767578,209.3800048828125,728.4149169921875,103.51708221435548,63.967132568359375,748.65625,852.494873046875,80.51812744140625,24.46999931335449,77.06581115722656,506.4326477050781,121.80449676513672,72.04000091552734,213.4199981689453,34.5,185.72000122070312,147.3666534423828,179.93035888671875,54.124977111816406,122.73435974121094,7.440000057220459,234.8949584960937,77.88999938964844,50.77999877929688,237.6118011474609,191.0200042724609,22.98781394958496,158.1199951171875,157.48077392578125,577.3263549804688,43.970001220703125,36.47999954223633,241.0,612.1699829101562,641.8085327148438,170.96836853027344,117.58897399902344,388.2200012207031,487.9610595703125,345.9800109863281,235.6636962890625,199.9566650390625,10.479999542236328,11.68000030517578,134.08230590820312,392.0499877929688,195.67355346679688,81.81827545166016
2025-08-29,231.485107421875,204.0691680908203,356.70001220703125,247.981185913086,182.1999969482422,446.510009765625,160.0466766357422,162.6300048828125,281.5802917480469,229.0,136.5500030517578,15.979999542236328,138.30999755859375,737.7548217773438,295.22686767578125,158.15122985839844,132.22000122070312,45.01914596557617,100.0,161.3706512451172,77.23960876464844,350.42999267578125,306.7387390136719,93.97000122070312,90.47000122070312,123.05500030517578,254.0993804931641,105.9250030517578,103.04000091552734,136.67999267578125,120.61302947998048,162.9361572265625,2.319999933242798,83.52146911621094,773.396484375,346.1398620605469,611.5812377929688,110.10177612304688,212.30435180664065,22.10946655273437,239.0228271484375,24.350000381469727,26.479999542236328,473.2999877929688,174.11985778808594,86.83014678955078,201.72999572753903,729.0318603515625,99.59877014160156,63.72205352783203,736.2868041992188,829.9525756835938,81.39868927001953,24.09000015258789,62.7363395690918,503.501220703125,118.81929779052734,68.31999969482422,208.7100067138672,32.540000915527344,183.49200439453125,144.29360961914062,173.9483184814453,54.46259307861328,122.81200408935548,7.880000114440918,230.7486572265625,73.63999938964844,49.59000015258789,223.58169555664065,190.5200042724609,23.137327194213867,156.7100067138672,157.41221618652344,578.4121704101562,41.540000915527344,34.650001525878906,238.6600036621093,603.52001953125,637.98095703125,166.0291290283203,117.9380874633789,378.9200134277344,490.9302673339844,333.8699951171875,228.34461975097656,198.3792724609375,10.6899995803833,11.5600004196167,127.40965270996094,391.0199890136719,188.1231689453125,80.12286376953125
2025-09-02,229.07192993164065,205.5434417724609,345.6300048828125,245.9998474121093,174.24000549316406,447.0,156.87083435058594,162.32000732421875,280.8071594238281,225.33999633789065,135.8699951171875,15.260000228881836,132.33999633789062,721.0946655273438,296.0706787109375,158.72525024414062,139.6300048828125,45.23861312866211,100.62000274658205,159.36895751953125,75.2734375,342.8099975585937,305.9519348144531,93.58999633789062,87.80000305175781,124.2699966430664,250.73782348632807,103.375,93.33999633789062,134.69000244140625,119.43799591064452,158.37774658203125,2.2799999713897705,81.7261734008789,759.0045166015625,340.7961120605469,578.3666381835938,109.84837341308594,210.7487945556641,22.217220306396484,237.0693359375,24.209999084472656,29.11000061035156,469.0700073242188,174.99453735351562,84.2760238647461,203.88999938964844,731.6292114257812,96.49594116210938,62.34957885742188,732.70849609375,817.9267578125,82.71469116210938,24.190000534057617,64.46266174316406,501.9410705566406,118.29014587402344,65.72000122070312,208.0500030517578,32.61000061035156,182.28399658203125,143.8475341796875,170.55284118652344,54.38542556762695,122.89933776855467,7.690000057220459,228.596908569336,73.58999633789062,48.93999862670898,222.7610321044922,190.5200042724609,23.34290885925293,157.08999633789062,155.50247192382812,575.6231079101562,40.77999877929688,37.2400016784668,233.6000061035156,592.010009765625,633.2533569335938,169.10374450683594,120.30203247070312,375.1499938964844,485.7591247558594,329.3599853515625,225.89175415039065,195.7633514404297,10.979999542236328,11.359999656677246,123.87354278564452,401.0,184.84039306640625,81.6886215209961
2025-09-03,237.79725646972656,205.4852600097656,348.5,242.2650756835937,176.61000061035156,447.4299926757813,155.5566864013672,162.1300048828125,277.80255126953125,225.9900054931641,137.3800048828125,14.380000114440918,131.4199981689453,731.9928588867188,300.19049072265625,162.52561950683594,141.6199951171875,45.32448959350586,100.41999816894533,160.28515625,77.02003479003906,347.32000732421875,307.2367553710937,94.81999969482422,88.47000122070312,124.7699966430664,254.2976989746093,103.3000030517578,89.87999725341797,132.60000610351562,122.4594955444336,156.96844482421875,2.3499999046325684,79.27259063720703,749.8165283203125,340.04266357421875,575.7326049804688,110.12126159667967,230.0038604736328,22.3543643951416,239.62164306640625,24.0,28.209999084472656,441.1799926757813,174.93557739257812,84.03206634521484,201.5399932861328,734.2564697265625,97.2020263671875,62.03586959838867,734.6421508789062,821.8095092773438,81.45674133300781,24.049999237060547,62.177528381347656,502.1696472167969,118.52975463867188,65.6500015258789,205.7100067138672,32.0,183.87600708007807,145.6318817138672,170.39305114746094,54.732688903808594,124.44237518310548,7.869999885559082,224.2147827148437,72.2300033569336,47.790000915527344,220.931884765625,191.52999877929688,23.16536331176757,154.89999389648438,154.03343200683594,561.5786743164062,40.09999847412109,40.41999816894531,229.3300018310547,592.1199951171875,636.6853637695312,174.87608337402344,119.32453155517578,377.760009765625,482.7898864746094,334.0899963378906,228.85894775390625,191.77577209472656,11.510000228881836,11.4399995803833,125.4518051147461,396.6199951171875,187.1383514404297,85.76756286621094
2025-09-04,239.1035614013672,206.5909423828125,344.3099975585937,243.8105010986328,187.9499969482422,453.5400085449219,157.53785705566406,161.7899932861328,274.1324157714844,235.67999267578125,141.1699981689453,14.329999923706056,135.47999572753906,748.4940185546875,303.8735046386719,161.87242126464844,139.94000244140625,44.55158615112305,103.5,163.11343383789062,76.16170501708984,349.3299865722656,307.8143920898437,116.91999816894533,95.62000274658205,134.0,241.9620819091797,103.11499786376952,87.4800033569336,131.77999877929688,125.07615661621094,158.27084350585938,2.2799999713897705,79.442138671875,755.43359375,345.22772216796875,597.453369140625,109.90684509277344,231.63919067382807,22.68742752075196,242.64512634277344,24.61000061035156,26.1299991607666,454.5199890136719,175.6824951171875,86.9585952758789,199.009994506836,739.3118286132812,99.8672866821289,63.16326141357422,746.2042846679688,842.2167358398438,81.33094787597656,24.280000686645508,63.96372222900391,504.7731628417969,124.0109634399414,64.91000366210938,209.97999572753903,31.170000076293945,179.71200561523438,146.66281127929688,171.43167114257812,54.15391159057617,124.62676239013672,7.599999904632568,221.453857421875,69.61000061035156,48.060001373291016,220.4869537353516,192.3500061035156,22.93174362182617,156.13999938964844,157.30340576171875,564.9851684570312,40.70000076293945,36.02999877929688,221.8999938964844,601.9600219726562,642.00634765625,182.47335815429688,119.08514404296876,380.4400024414063,487.71197509765625,338.5299987792969,232.6371612548828,183.4969024658203,11.279999732971191,11.229999542236328,125.56169128417967,396.9299926757813,188.73992919921875,90.3504867553711
2025-09-05,239.0137939453125,206.1641845703125,348.9700012207031,244.76153564453125,191.1999969482422,452.0,162.02784729003906,151.13999938964844,277.5970153808594,232.3300018310547,142.85000610351562,13.890000343322754,138.1699981689453,776.5787963867188,332.4541015625,161.71408081054688,140.6699981689453,44.98097229003906,112.45999908447266,162.96405029296875,75.70259857177734,351.010009765625,300.3645324707031,116.69000244140624,97.83999633789062,140.82000732421875,248.65542602539065,104.40750122070312,89.08999633789062,136.0800018310547,123.25930786132812,158.65963745117188,2.3499999046325684,81.76605987548828,761.0900268554688,346.0307312011719,580.76123046875,112.12896728515624,234.3315277099609,23.040084838867188,243.97036743164065,24.489999771118164,26.14999961853028,466.8599853515625,175.358154296875,90.12511444091795,205.38999938964844,723.6878662109375,102.38335418701172,64.62396240234375,749.991943359375,859.8434448242188,81.96959686279297,25.13999938964844,63.19535827636719,491.8847961425781,131.1594696044922,65.47000122070312,214.42999267578125,31.68000030517578,182.759994506836,146.37535095214844,166.79786682128906,53.27610778808594,125.89806365966795,7.800000190734863,222.78028869628903,69.79000091552734,49.11000061035156,230.17654418945312,194.4600067138672,23.249462127685547,153.11000061035156,157.43142700195312,571.1209716796875,40.40999984741211,34.529998779296875,225.5800018310547,598.1400146484375,640.14697265625,186.6191253662109,120.01370239257812,389.1900024414063,490.8107299804688,350.8399963378906,240.7474670410156,184.1239318847656,11.170000076293944,11.5600004196167,123.86356353759766,396.1199951171875,187.0189514160156,91.89810180664062
2025-09-08,237.2089080810547,203.4775238037109,358.6600036621094,246.6536865234375,216.1000061035156,455.0299987792969,161.33094787597656,151.41000366210938,274.22052001953125,235.83999633789065,140.00999450683594,13.90999984741211,139.13999938964844,791.0335083007812,343.13580322265625,161.4369659423828,141.35000610351562,44.5802116394043,102.66000366210938,163.07359313964844,77.08989715576172,360.6400146484375,297.6156616210937,119.0,98.66999816894533,147.52999877929688,250.1527709960937,107.01499938964844,93.5500030517578,136.44000244140625,121.45233917236328,156.68658447265625,2.380000114440918,81.92564392089844,753.052978515625,346.4867858886719,598.8700561523438,112.9378890991211,233.5829620361328,23.020490646362305,251.39166259765625,24.479999542236328,26.190000534057617,470.0,175.06333923339844,90.51246643066406,204.67999267578125,735.0625,104.49169158935548,64.01615905761719,749.8424072265625,858.3140869140625,81.3696517944336,24.82999992370605,65.85968017578125,495.0646362304688,131.2493438720703,64.05999755859375,217.9199981689453,31.8799991607666,187.86599731445312,146.47447204589844,168.0861358642578,52.35971450805664,124.908203125,7.96999979019165,221.5619354248047,70.72000122070312,48.880001068115234,235.7925262451172,197.3800048828125,22.94108963012696,156.10000610351562,157.82542419433594,556.2398071289062,40.040000915527344,33.95000076293945,226.5200042724609,609.0800170898438,641.7195434570312,187.69029235839844,118.7157211303711,383.489990234375,485.878662109375,346.3999938964844,244.48611450195312,182.05667114257807,11.81999969482422,11.899999618530272,121.68595123291016,395.25,187.02891540527344,93.14617156982422
2025-09-09,233.6888732910156,204.08859252929688,354.0599975585937,245.8611602783203,214.4900054931641,482.1300048828125,162.77452087402344,155.82000732421875,274.00518798828125,238.2400054931641,141.91000366210938,15.199999809265137,140.8000030517578,799.8552856445312,334.2211608886719,160.7639923095703,143.60000610351562,45.066856384277344,102.08999633789062,161.55987548828125,77.23960876464844,361.7699890136719,299.60760498046875,122.19000244140624,99.22000122070312,149.02999877929688,249.94451904296875,105.87750244140624,100.22000122070312,140.4600067138672,119.76385498046876,159.3788604736328,2.390000104904175,81.00804901123047,766.8546142578125,345.2376403808594,604.3277587890625,112.8209457397461,239.1620483398437,23.39273452758789,254.35623168945312,24.440000534057617,30.190000534057617,467.5400085449219,173.9134979248047,91.38375091552734,217.8999938964844,746.9745483398438,104.98894500732422,63.48677062988281,763.1986083984375,851.908935546875,81.87283325195312,24.46999931335449,66.6978988647461,495.2733459472656,135.02328491210938,95.72000122070312,218.5599975585937,32.56999969482422,186.73399353027344,150.93531799316406,170.53286743164062,52.37900924682617,124.26769256591795,7.849999904632568,219.78355407714844,73.97000122070312,48.619998931884766,238.78836059570312,197.5500030517578,23.09060287475586,162.36000061035156,156.2692413330078,554.3373413085938,42.91999816894531,35.34000015258789,225.5599975585937,604.3699951171875,643.203125,190.0210418701172,114.89166259765624,389.4299926757813,480.6577453613281,346.9700012207031,248.17530822753903,181.28268432617188,12.09000015258789,13.079999923706056,125.44181823730467,396.4800109863281,192.7688140869141,94.3942413330078
2025-09-10,226.15020751953125,205.2718811035156,350.1600036621094,244.9002227783203,230.3699951171875,469.30999755859375,162.69488525390625,159.5399932861328,272.5762939453125,230.3300018310547,150.72000122070312,16.979999542236328,154.13999938964844,787.9439086914062,366.8818359375,159.9524383544922,142.61000061035156,44.990516662597656,101.0,165.4437713623047,79.31556701660156,338.5299987792969,318.7102966308594,129.86000061035156,103.48999786376952,163.9600067138672,240.5341796875,106.21749877929688,117.13999938964844,139.1300048828125,122.88408660888672,169.0107879638672,2.450000047683716,79.22271728515625,767.8973999023438,359.1371459960937,642.1019287109375,112.32389068603516,238.7029266357422,23.941312789916992,252.16717529296875,24.770000457763672,33.630001068115234,449.9800109863281,172.7636260986328,92.867431640625,219.3000030517578,750.9651489257812,106.76908111572266,63.467166900634766,749.5234375,849.237548828125,81.31159973144531,24.309999465942383,66.95734405517578,497.2209777832031,139.77566528320312,93.38999938964844,222.97000122070312,31.440000534057617,184.7140045166016,159.80746459960938,177.09413146972656,52.44652938842773,122.81200408935548,7.989999771118164,215.45054626464844,73.75,48.130001068115234,324.6299743652344,197.3300018310547,22.95977783203125,166.74000549316406,156.5548553466797,553.64013671875,43.90999984741211,34.310001373291016,225.8500061035156,387.7799987792969,645.0625610351562,191.4591522216797,117.6374053955078,402.6499938964844,474.8090515136719,347.7900085449219,257.5911865234375,180.28330993652344,12.600000381469728,12.630000114440918,136.5895538330078,388.5499877929688,208.1183013916016,94.87350463867188
2025-09-11,229.3810577392578,213.59371948242188,350.54998779296875,245.9206085205078,232.8999938964844,468.5799865722656,169.39500427246094,155.6699981689453,276.7063903808594,229.9499969482422,153.0399932861328,17.18000030517578,154.6999969482422,798.8916625976562,357.01416015625,160.52645874023438,148.83999633789062,45.36266326904297,104.30999755859376,169.39736938476562,79.73474884033203,354.70001220703125,316.7183837890625,132.5,103.51000213623048,159.32000732421875,244.21304321289065,108.34500122070312,112.69000244140624,139.14999389648438,123.79251861572266,169.76890563964844,2.430000066757202,83.31201934814453,784.5027465820312,356.9857788085937,632.7133178710938,114.86762237548828,239.9005889892578,24.35274314880371,252.29478454589844,24.61000061035156,32.849998474121094,455.8500061035156,175.4269561767578,95.5211181640625,224.32000732421875,752.6170654296875,114.94384002685548,63.74165344238281,748.4468994140625,834.5404663085938,82.39537048339844,25.38999938964844,66.44841766357422,497.8569641113281,150.32872009277344,89.19000244140625,224.63999938964844,32.959999084472656,187.656005859375,156.5460662841797,176.9443359375,52.37900924682617,123.9280242919922,7.869999885559082,219.3119354248047,79.97000122070312,49.02000045776367,304.3906555175781,198.3300018310547,23.23077392578125,164.36000061035156,159.07627868652344,565.9613647460938,43.95000076293945,35.18000030517578,224.52999877929688,438.1000061035156,650.4231567382812,195.1982879638672,115.38088989257812,400.9200134277344,489.6250305175781,368.80999755859375,256.0779113769531,180.616455078125,12.050000190734863,12.529999732971191,135.56068420410156,397.3699951171875,202.98521423339844,96.00176239013672
2025-09-12,233.40966796875,211.7702789306641,349.3599853515625,242.91891479492188,229.5,465.8900146484375,167.05545043945312,158.57000732421875,270.50146484375,228.1499938964844,139.38999938964844,18.68000030517578,150.63999938964844,808.5380249023438,357.2523498535156,157.47824096679688,144.86000061035156,44.08403015136719,96.73999786376952,167.6346893310547,77.95821380615234,343.4800109863281,322.1763000488281,131.27999877929688,102.98999786376952,161.99000549316406,240.7225646972656,109.0250015258789,111.95999908447266,136.5,123.46665954589844,168.63174438476562,2.369999885559082,87.02230834960938,775.777099609375,362.75579833984375,624.1327514648438,111.64166259765624,240.32977294921875,24.225391387939453,248.790283203125,24.07999992370605,33.959999084472656,449.6799926757813,174.99453735351562,95.9931182861328,222.1300048828125,751.7314453125,116.31625366210938,63.42794418334961,753.1217041015625,828.3438110351562,80.13105773925781,23.51000022888184,67.2068099975586,506.6910095214844,156.97804260253906,90.41000366210938,221.32000732421875,33.060001373291016,185.79200744628903,163.40586853027344,177.59349060058594,52.92884063720703,120.45378112792967,7.630000114440918,214.99859619140625,82.70999908447266,48.2599983215332,288.8873596191406,196.2899932861328,22.30565643310547,171.42999267578125,159.39144897460938,557.793701171875,45.0,36.34000015258789,221.1499938964844,425.4500122070313,650.2054443359375,194.3850250244141,112.0660400390625,402.5299987792969,477.7183837890625,395.9400024414063,256.4932861328125,178.9019012451172,11.869999885559082,11.93000030517578,134.69161987304688,394.5299987792969,208.6057281494141,97.50943756103516
2025-09-15,236.03224182128903,211.062240600586,347.1000061035156,242.6217193603516,231.2899932861328,461.1400146484375,170.1715545654297,161.16000366210938,268.5538635253906,231.42999267578125,145.42999267578125,19.350000381469727,153.86000061035156,861.6179809570312,361.4416809082031,154.48941040039062,143.32000732421875,44.22715759277344,97.87999725341795,173.58001708984375,86.15225219726562,351.5199890136719,329.0883483886719,135.89999389648438,106.33999633789062,163.97999572753906,240.48458862304688,111.19249725341795,120.47000122070312,138.64999389648438,125.20451354980467,171.33328247070312,2.5799999237060547,89.94465637207031,778.797119140625,372.3129577636719,627.2556762695312,110.4443817138672,251.11865234375,24.333148956298828,251.5389099121093,24.770000457763672,37.13999938964844,433.989990234375,174.3459014892578,98.4715576171875,243.47999572753903,744.5662841796875,118.5538558959961,61.92803192138672,762.2018432617188,843.8056640625,79.17340087890625,23.8799991607666,67.28663635253906,512.1166381835938,157.51718139648438,90.95999908447266,226.009994506836,37.34999847412109,189.48399353027344,164.6350860595703,177.52359008789062,53.65230941772461,119.6677017211914,8.4399995803833,215.44073486328125,95.68000030517578,48.11000061035156,298.7351379394531,201.27999877929688,22.39910125732422,171.2100067138672,158.7906494140625,570.3341064453125,45.380001068115234,39.09000015258789,225.7899932861328,419.2000122070313,653.6671142578125,209.39108276367188,113.8932113647461,405.4500122070313,473.1609497070313,410.0400085449219,258.5209045410156,174.59100341796875,13.170000076293944,13.81999969482422,138.14678955078125,393.2099914550781,212.4058074951172,102.23213958740234
2025-09-16,237.4781494140625,209.7528533935547,352.7300109863281,241.8192901611328,238.7899932861328,461.239990234375,172.76995849609375,160.4600067138672,267.261962890625,234.0500030517578,142.16000366210938,19.459999084472656,153.85000610351562,872.6651611328125,357.3814392089844,153.51950073242188,143.67999267578125,44.21761703491211,99.26000213623048,175.92030334472656,80.0740966796875,349.010009765625,321.60858154296875,137.47999572753906,104.47000122070312,164.4199981689453,237.3015289306641,111.24500274658205,118.75,134.58999633789062,126.07344818115234,170.17828369140625,2.5,92.36831665039062,766.6284790039062,368.0003356933594,616.5100708007812,108.79566192626952,250.6695251464844,23.931514739990234,252.79541015625,25.270000457763672,36.45000076293945,434.5,173.42210388183594,98.63684844970705,233.6199951171875,761.0062866210938,119.80693817138672,63.182865142822266,776.4552001953125,851.0648803710938,79.24180603027344,24.84000015258789,68.7136001586914,505.83642578125,158.5655059814453,89.43000030517578,219.2400054931641,36.290000915527344,186.4019927978516,162.79127502441406,174.65724182128906,55.176414489746094,119.15335845947266,8.180000305175781,217.1307067871093,95.83000183105467,49.560001373291016,303.1942749023437,201.33999633789065,22.33368873596192,170.25999450683594,161.66664123535156,572.7943115234375,44.90999984741211,37.2599983215332,215.9499969482422,425.9700012207031,652.76708984375,209.4010162353516,113.75342559814452,409.6000061035156,479.4237365722656,421.6199951171875,260.0111389160156,174.0325469970703,12.34000015258789,13.40999984741211,136.53810119628906,391.3599853515625,208.33712768554688,102.93106079101562
2025-09-17,238.3157958984375,214.1659698486328,362.0700073242188,244.0185546875,249.3800048828125,451.7300109863281,177.33961486816406,159.16000366210938,268.8572082519531,231.6199951171875,142.83999633789062,19.82999992370605,153.3699951171875,866.5554809570312,343.65203857421875,153.77684020996094,144.8699951171875,44.036319732666016,98.1500015258789,167.68447875976562,81.65101623535156,347.2699890136719,319.9801330566406,136.3800048828125,103.41000366210938,164.44000244140625,240.5954132080078,111.375,120.86000061035156,134.22999572753906,128.69996643066406,167.52566528320312,2.539999961853028,91.85965728759766,766.1071166992188,360.22772216796875,613.3971557617188,110.16959381103516,249.042709350586,24.225391387939453,254.3267974853516,24.89999961853028,37.900001525878906,433.6600036621094,174.14935302734375,98.56715393066406,230.1499938964844,756.448486328125,121.22905731201172,64.4867172241211,773.1858520507812,871.5613403320312,79.29066467285156,25.0,70.8291015625,506.8102416992188,159.73362731933594,94.08000183105467,213.8800048828125,35.810001373291016,190.07400512695312,163.14813232421875,170.0730743408203,56.14103698730469,118.8525161743164,8.260000228881836,219.0199279785156,95.29000091552734,49.79999923706055,298.01336669921875,203.1199951171875,22.473857879638672,168.3300018310547,162.76976013183594,583.1931762695312,44.900001525878906,36.130001068115234,217.9600067138672,425.3999938964844,651.9561767578125,211.6127471923828,114.142822265625,408.0899963378906,471.345947265625,425.8599853515625,260.7354736328125,176.64846801757812,12.239999771118164,14.079999923706056,136.7179718017578,387.1499938964844,207.2229919433593,100.78438568115234
2025-09-18,237.2089080810547,215.3104553222656,367.4599914550781,246.72303771972656,251.8800048828125,452.1700134277344,188.91798400878903,157.9199981689453,269.953369140625,231.22999572753903,146.66000366210938,19.90999984741211,146.5399932861328,921.7216186523438,342.8380126953125,152.54962158203125,143.80999755859375,43.51150894165039,96.30999755859376,173.31114196777344,82.449462890625,364.8800048828125,321.40936279296875,138.0399932861328,108.0500030517578,172.30999755859375,242.6516265869141,125.65750122070312,121.38999938964844,136.80999755859375,130.44769287109375,167.73121643066406,2.569999933242798,95.71955108642578,772.5209350585938,368.0796508789063,609.61572265625,111.50426483154295,251.537826538086,24.855648040771484,260.13818359375,30.56999969482422,36.31999969482422,435.8299865722656,171.1616973876953,104.22504425048828,262.6499938964844,759.23486328125,125.6247329711914,64.95728302001953,777.7010498046875,911.4026489257812,79.6717758178711,25.450000762939453,74.07218933105469,505.2501525878906,168.61936950683594,94.12000274658205,223.57000732421875,38.209999084472656,189.54800415039065,162.76153564453125,176.01551818847656,59.66190719604492,118.6778335571289,8.380000114440918,223.5801696777344,104.97000122070312,51.83000183105469,293.27734375,205.67999267578125,22.56730461120605,176.97000122070312,165.59652709960938,596.3511962890625,45.93999862670898,38.119998931884766,222.1100006103516,480.1099853515625,655.00244140625,214.8658905029297,118.63584899902344,415.25,479.7827758789063,416.8500061035156,266.53973388671875,177.9417266845703,12.260000228881836,14.100000381469728,141.84378051757812,387.1099853515625,209.0633544921875,104.98788452148438
2025-09-19,244.80740356445312,215.7760162353516,365.8999938964844,243.0377960205078,245.1999969482422,453.55999755859375,189.25650024414065,157.38999938964844,279.3293151855469,231.47999572753903,149.61000061035156,20.479999542236328,142.91000366210938,926.043212890625,342.43096923828125,150.9859161376953,142.5,42.95807647705078,96.22000122070312,173.77919006347656,86.01252746582031,373.3500061035156,329.5663757324219,138.3699951171875,109.11000061035156,169.55999755859375,245.44288635253903,125.6374969482422,124.86000061035156,138.82000732421875,130.27984619140625,168.4359588623047,2.6700000762939453,93.07646942138672,778.3741455078125,371.2819213867188,622.755859375,111.96551513671876,254.2225799560547,24.609453201293945,261.5124816894531,29.57999992370605,38.63999938964844,438.7200012207031,173.15675354003906,104.037841796875,294.489990234375,748.3478393554688,126.22142791748048,63.86910629272461,775.837158203125,909.992431640625,79.65223693847656,25.239999771118164,74.10211944580078,514.67041015625,162.46923828125,99.30999755859376,225.94000244140625,46.310001373291016,192.22999572753903,162.9300537109375,176.4449462890625,59.22782897949219,119.2989273071289,8.8100004196167,221.15200805664065,135.22999572753906,51.06999969482422,305.1816101074219,208.19000244140625,22.45516967773437,182.38999938964844,164.3358154296875,589.6575927734375,45.810001373291016,46.77000045776367,230.47999572753903,495.5,658.2465209960938,219.4183044433593,119.66424560546876,423.55999755859375,478.2669067382813,426.0700073242188,262.7991943359375,175.7373046875,12.350000381469728,14.859999656677246,143.48243713378906,383.1199951171875,210.4037628173828,106.4655990600586
2025-09-22,255.3575592041016,215.89239501953125,364.0799865722656,245.02899169921875,237.3000030517578,458.9200134277344,199.63026428222656,159.7899932861328,279.90673828125,227.6300048828125,145.39999389648438,24.450000762939453,144.47999572753906,951.5250854492188,336.9019775390625,153.4007568359375,140.66000366210938,42.91990661621094,98.72000122070312,177.45394897460938,86.14227294921875,373.3699951171875,345.7209777832031,139.30999755859375,114.5999984741211,164.10000610351562,248.02554321289065,123.28500366210938,133.22999572753906,138.35000610351562,133.982666015625,170.99069213867188,2.7799999713897705,95.55997467041016,785.0831909179688,375.0591735839844,642.9100341796875,110.39530181884766,252.036865234375,24.776865005493164,266.3913269042969,28.76000022888184,41.900001525878906,444.5499877929688,171.21083068847656,106.67063903808594,306.2200012207031,751.2935180664062,131.4723663330078,64.11418914794922,763.1751098632812,916.3976440429688,78.56753540039062,26.559999465942383,75.36941528320312,511.21234130859375,164.356201171875,106.5999984741211,228.27999877929688,45.369998931884766,189.5559997558593,169.4825439453125,183.3761138916016,58.56223678588867,119.71622467041016,8.930000305175781,222.8102569580078,140.3000030517578,51.5,324.4519958496094,208.17999267578125,22.46451568603516,179.3300018310547,167.16258239746094,593.3330688476562,46.869998931884766,45.0,229.5399932861328,514.7899780273438,661.3607788085938,227.4519805908203,134.97047424316406,429.7200012207031,473.6894836425781,434.2099914550781,270.4985046386719,175.9822235107422,13.420000076293944,15.56999969482422,151.83558654785156,383.1300048828125,217.01622009277344,112.23670196533205
2025-09-23,253.71221923828125,215.9118194580078,361.7799987792969,244.4742431640625,230.1100006103516,454.4100036621094,199.9786834716797,160.89999389648438,280.699462890625,220.7100067138672,144.08999633789062,24.670000076293945,140.99000549316406,957.19775390625,337.0511169433594,150.37232971191406,139.30999755859375,42.85311508178711,98.2699966430664,177.28466796875,86.72114562988281,366.2999877929688,335.293212890625,139.47999572753906,109.29000091552734,162.25999450683594,242.9297637939453,121.0250015258789,130.88999938964844,137.49000549316406,132.64964294433594,170.43275451660156,2.819999933242798,95.52007293701172,790.2084350585938,365.3533020019531,631.9749145507812,112.26973724365234,251.16856384277344,24.323871612548828,267.2453308105469,29.34000015258789,41.77000045776367,447.75,173.54002380371094,106.66566467285156,302.5899963378906,743.362060546875,131.20384216308594,63.4377555847168,753.4404296875,907.9169921875,78.13756561279297,25.790000915527344,74.46136474609375,506.0252685546875,166.1433563232422,107.8000030517578,223.259994506836,46.34999847412109,185.53399658203125,165.9733428955078,178.2027130126953,57.433631896972656,119.19217681884766,9.079999923706056,222.70169067382807,142.64999389648438,50.41999816894531,310.2933959960937,203.25,22.54861640930176,182.5500030517578,166.97543334960938,565.652587890625,46.9900016784668,41.63999938964844,223.5399932861328,490.3200073242188,657.7606201171875,226.2618103027344,134.4712677001953,423.1300048828125,468.4638366699219,425.8500061035156,280.4997253417969,178.3532257080078,13.850000381469728,16.670000076293945,142.4932403564453,379.7200012207031,203.3929443359375,110.08002471923828
2025-09-24,251.59820556640625,213.37062072753903,353.2699890136719,246.2871551513672,205.2700042724609,458.3699951171875,200.54617309570312,160.8800048828125,273.27117919921875,220.2100067138672,142.63999938964844,23.450000762939453,144.3000030517578,940.736328125,337.4190673828125,149.1649169921875,137.6699981689453,42.13745880126953,99.75,174.2970428466797,82.92852783203125,356.9599914550781,337.76318359375,138.4199981689453,106.5199966430664,149.3800048828125,244.2509002685547,119.0824966430664,133.39999389648438,136.57000732421875,130.42794799804688,168.35765075683594,2.75,93.24602508544922,776.9378662109375,369.0115661621094,627.5449829101562,111.55332946777344,246.65737915039065,24.0875244140625,262.62176513671875,31.21999931335449,47.13999938964844,443.989990234375,173.6481475830078,106.41372680664062,276.0,738.2569580078125,127.86572265625,64.55534362792969,758.686767578125,902.137451171875,77.85417175292969,25.8799991607666,79.91972351074219,506.9394226074219,161.45086669921875,113.2300033569336,217.57000732421875,42.58000183105469,186.6739959716797,164.13943481445312,176.74456787109375,56.66193389892578,119.36685943603516,8.680000305175781,224.7153167724609,131.1699981689453,50.93999862670898,304.9839172363281,200.6999969482422,22.5112361907959,179.55999755859375,170.9348602294922,574.706787109375,46.20000076293945,39.66999816894531,222.57000732421875,468.0899963378906,655.6678466796875,221.8680725097656,133.00355529785156,416.9400024414063,466.7186279296875,442.7900085449219,278.5153503417969,180.7046356201172,13.68000030517578,16.8700008392334,141.50405883789062,376.6199951171875,201.22198486328125,109.52088928222656
2025-09-25,256.1453552246094,211.9642639160156,354.1600036621094,245.2172393798828,200.63999938964844,449.5799865722656,198.7143402099609,161.27000427246094,265.4024353027344,218.1499938964844,143.05999755859375,22.59000015258789,140.64999389648438,943.3291625976562,334.2269592285156,145.54266357421875,135.6699981689453,41.42181015014648,98.08000183105467,175.48214721679688,85.49353790283203,351.0599975585937,325.0147705078125,137.1699981689453,106.56999969482422,144.94000244140625,239.34381103515625,118.27249908447266,126.66000366210938,136.60000610351562,129.3121795654297,167.73121643066406,2.859999895095825,91.7000732421875,770.140380859375,361.6057434082031,606.1437377929688,108.92323303222656,245.3099975585937,23.8413314819336,276.27655029296875,33.9900016784668,46.290000915527344,438.1199951171875,174.67022705078125,105.4607925415039,312.19000244140625,711.1290283203125,127.6763916015625,63.5651969909668,746.9672241210938,885.1959838867188,75.83135223388672,24.61000061035156,83.63182067871094,503.8390808105469,156.5786895751953,107.94000244140624,218.1999969482422,41.400001525878906,183.7220001220703,161.54225158691406,177.4636688232422,54.05745315551758,118.6196060180664,8.949999809265137,223.87628173828125,119.12999725341795,49.77000045776367,288.04693603515625,202.2100067138672,22.0533504486084,179.1199951171875,167.12315368652344,553.3213500976562,46.2400016784668,37.70000076293945,221.6000061035156,487.2000122070313,652.6429443359375,218.04962158203125,132.66404724121094,410.7200012207031,457.9626770019531,423.3900146484375,274.4970397949219,178.3532257080078,13.4399995803833,17.260000228881836,139.6555633544922,381.8699951171875,200.7838134765625,107.04470825195312
2025-09-26,254.73931884765625,213.9719696044922,360.3699951171875,245.24696350097656,197.77999877929688,446.3999938964844,203.01516723632807,159.4600067138672,267.1640930175781,219.77999877929688,142.5,21.709999084472656,139.6199951171875,945.2862548828124,332.66571044921875,145.9979248046875,137.3699951171875,42.09929275512695,98.08000183105467,179.8739013671875,85.4136962890625,350.1099853515625,329.9249267578125,141.92999267578125,106.98999786376952,142.92999267578125,241.8072967529297,120.3550033569336,120.33999633789062,139.07000732421875,129.1147003173828,167.82908630371094,2.7699999809265137,92.84706115722656,777.4789428710938,362.43853759765625,603.7989501953125,110.01256561279295,246.0585479736328,23.634531021118164,279.09393310546875,35.5,41.86000061035156,441.1199951171875,176.61614990234375,105.9775848388672,305.3500061035156,721.03076171875,127.8756866455078,63.15345001220703,741.8206176757812,881.3826904296875,76.76947021484375,24.489999771118164,82.99317932128906,508.2411804199219,157.01797485351562,107.6999969482422,216.33999633789065,39.290000915527344,187.1999969482422,167.1034393310547,177.96302795410156,53.64266586303711,119.9976577758789,9.100000381469728,223.1162567138672,110.52999877929688,50.15999984741211,280.265625,202.3699951171875,22.202865600585938,177.57000732421875,166.650390625,561.6782836914062,45.81999969482422,38.0,224.63999938964844,487.760009765625,656.3820190429688,215.7287750244141,135.1002960205078,411.2300109863281,462.9689331054688,440.3999938964844,271.2228088378906,180.8124084472656,13.670000076293944,16.709999084472656,138.50648498535156,385.739990234375,206.360595703125,106.71521759033205
2025-09-29,253.71221923828125,216.4452667236328,359.4200134277344,242.5028381347656,198.8000030517578,447.489990234375,204.04058837890625,161.36000061035156,268.1330261230469,222.1699981689453,143.3699951171875,22.14999961853028,139.8000030517578,956.3035888671876,326.0726318359375,146.73028564453125,138.52000427246094,42.127925872802734,98.0999984741211,181.20838928222656,84.29586791992188,348.5199890136719,332.9178161621094,144.1199951171875,107.97000122070312,146.00999450683594,243.46617126464844,122.1125030517578,122.5199966430664,145.25999450683594,132.21517944335938,166.50767517089844,2.789999961853028,93.2659683227539,768.9991455078125,363.99505615234375,601.0651245117188,110.52288818359376,243.57342529296875,23.77239799499512,274.6666564941406,34.47999954223633,45.93000030517578,439.2200012207031,178.49325561523438,105.96165466308594,315.6199951171875,722.9913330078125,130.6259002685547,62.810340881347656,741.4715576171875,880.4293212890625,76.78901672363281,25.32999992370605,82.21482849121094,511.36138916015625,163.63735961914062,110.22000122070312,218.5800018310547,39.13999938964844,188.1699981689453,163.90151977539062,181.61837768554688,53.53655624389648,120.43436431884766,9.010000228881836,223.1853485107422,116.51000213623048,49.7599983215332,279.57354736328125,203.9600067138672,22.286964416503903,178.86000061035156,162.80918884277344,558.5406494140625,46.36000061035156,38.15999984741211,225.25,481.6099853515625,658.2266845703125,227.26353454589844,134.12179565429688,420.7000122070313,460.7749633789063,443.2099914550781,271.0938720703125,179.5191192626953,13.890000343322754,16.520000457763672,143.19265747070312,395.30999755859375,197.1190795898437,116.56002044677734
2025-09-30,253.9116668701172,224.5730743408203,352.75,243.4043426513672,195.8000030517578,456.0,203.8315277099609,161.7899932861328,276.18768310546875,219.57000732421875,145.7100067138672,22.940000534057617,141.49000549316406,961.7477416992188,328.0714416503906,151.85684204101562,140.0800018310547,43.03440856933594,98.62000274658205,183.60842895507807,83.69703674316406,351.260009765625,327.7437438964844,145.6699981689453,107.72000122070312,145.61000061035156,235.420150756836,122.59500122070312,136.85000610351562,142.39999389648438,139.98617553710938,169.21902465820312,2.75,92.21871185302734,770.4944458007812,371.0340270996094,613.5069580078125,108.93305206298828,242.62527465820312,24.18600082397461,276.9833679199219,33.54999923706055,46.93000030517578,447.2300109863281,182.2278289794922,107.40251922607422,310.07000732421875,759.3045654296875,133.4259490966797,62.9573860168457,732.4749755859375,915.854248046875,82.01707458496094,25.82999992370605,83.89126586914062,514.6903686523438,167.0518798828125,112.2699966430664,214.58999633789065,38.560001373291016,184.0559997558593,160.541015625,186.3423309326172,53.52690887451172,124.45208740234376,8.949999809265137,224.7843780517578,111.62999725341795,49.310001373291016,278.0706481933594,203.6199951171875,23.81014060974121,182.4199981689453,163.8531951904297,560.0546875,47.93999862670898,36.0,225.5500030517578,493.3900146484375,660.7061157226562,234.8648376464844,137.42666625976562,425.3800048828125,483.6920166015625,444.7200012207031,277.1064758300781,180.0089874267578,13.34000015258789,15.350000381469728,150.7364959716797,391.6400146484375,195.10745239257807,119.8749008178711
2025-10-01,254.72935485839844,237.02674865722656,343.7200012207031,237.04432678222656,194.5,460.6499938964844,216.7738494873047,164.00999450683594,292.1404113769531,220.6300048828125,149.27000427246094,25.0,150.3800048828125,996.6973266601562,331.53204345703125,166.97918701171875,154.22000122070312,45.25769805908203,102.20999908447266,186.40679931640625,83.32775115966797,351.9700012207031,349.4857177734375,151.72000122070312,114.6500015258789,144.91000366210938,234.118896484375,124.98999786376952,137.0500030517578,152.6999969482422,147.79661560058594,167.81932067871094,2.7699999809265137,93.7147979736328,761.3556518554688,370.6275634765625,604.7767333984375,109.08025360107422,244.42173767089844,24.550369262695312,281.2339172363281,35.939998626708984,47.08000183105469,438.0400085449219,182.8470001220703,112.408203125,331.1099853515625,821.4221801757812,142.28448486328125,62.849552154541016,715.4791259765625,911.1090087890624,88.07576751708984,27.600000381469727,83.7116470336914,516.4393310546875,181.85809326171875,115.61000061035156,217.0599975585937,39.11000061035156,182.48599243164065,160.50137329101562,187.00149536132807,57.07671737670898,127.82929229736328,9.079999923706056,222.00086975097656,115.93000030517578,48.34999847412109,285.7530517578125,206.8000030517578,25.42676544189453,184.9499969482422,163.9812469482422,597.5763549804688,52.38999938964844,36.61000061035156,230.5500030517578,488.7799987792969,662.9574584960938,255.5396270751953,140.90127563476562,426.989990234375,529.27685546875,459.4599914550781,286.21466064453125,176.7366485595703,12.989999771118164,15.710000038146973,161.4576873779297,404.2099914550781,200.6742706298828,130.38865661621094
2025-10-02,256.40460205078125,229.44204711914065,351.4800109863281,239.4119873046875,209.6000061035156,460.989990234375,222.597885131836,169.72999572753906,291.0638122558594,222.4100036621093,144.4600067138672,26.46999931335449,152.14500427246094,1023.4210205078124,336.2953186035156,165.57383728027344,155.25,43.635555267333984,104.51000213623048,184.93292236328125,84.03636932373047,347.239990234375,356.0193176269531,152.66000366210938,112.79000091552734,149.6300048828125,237.28761291503903,124.1999969482422,138.0,151.57000732421875,145.51568603515625,170.0706024169922,2.7699999809265137,96.55735778808594,760.027587890625,373.5224609375,604.8564453125,108.5012435913086,245.210205078125,24.10721969604492,281.459716796875,37.29999923706055,47.02000045776367,443.010009765625,182.7781982421875,113.44278717041016,349.0899963378906,815.879150390625,146.46961975097656,64.82982635498047,725.1639404296875,925.6729125976562,87.46990203857422,28.3700008392334,86.01673126220703,512.4942626953125,183.45553588867188,125.87000274658205,224.5599975585937,41.68999862670898,182.0200042724609,165.844482421875,188.6493988037109,56.66193389892578,127.1014404296875,8.819999694824219,224.76466369628903,128.8000030517578,48.7400016784668,285.52569580078125,209.3000030517578,25.30528450012207,187.0500030517578,166.30567932128906,597.6360473632812,52.5,39.5099983215332,240.5399932861328,471.1499938964844,663.7210693359375,253.4502868652344,144.3059844970703,434.0700073242188,523.5226440429688,436.0,285.85748291015625,178.62757873535156,13.68000030517578,16.81999969482422,161.50765991210938,408.8500061035156,201.80953979492188,131.05763244628906
2025-10-03,257.2920837402344,226.87179565429688,346.739990234375,239.72900390625,200.7400054931641,456.3500061035156,216.5647735595703,164.6699981689453,291.5434265136719,219.509994506836,145.5,26.530000686645508,152.63999938964844,1025.4573974609375,336.4842834472656,168.85958862304688,159.8800048828125,43.96444320678711,105.48999786376952,185.8690490722656,84.00643157958984,347.2699890136719,358.5491027832031,151.4499969482422,113.58000183105467,143.8699951171875,238.7577514648437,122.47000122070312,134.7899932861328,151.82000732421875,138.96913146972656,172.61553955078125,2.799999952316284,98.3526611328125,766.0676879882812,370.2508239746094,593.6420288085938,110.59158325195312,244.8708953857422,24.057981491088867,283.07940673828125,36.83000183105469,50.459999084472656,452.3500061035156,185.39239501953125,109.68777465820312,343.489990234375,835.80224609375,145.29379272460938,65.23178100585938,708.7167358398438,914.0536499023438,87.15719604492188,28.489999771118164,86.03669738769531,514.0940551757812,187.64645385742188,127.9800033569336,216.6699981689453,44.4900016784668,182.4720001220703,164.83334350585938,187.38101196289065,57.52044677734375,128.4794921875,8.720000267028809,225.92938232421875,127.36000061035156,49.27000045776367,282.9154052734375,207.19000244140625,25.576276779174805,173.07000732421875,166.63070678710938,597.6360473632812,51.959999084472656,40.119998931884766,235.08999633789065,469.1700134277344,663.7112426757812,251.5101318359375,145.41429138183594,438.5,541.8323974609375,429.8299865722656,289.9056091308594,176.66807556152344,13.210000038146973,16.520000457763672,160.06883239746094,403.2999877929688,201.1522827148437,131.10755920410156
2025-10-06,255.96585083007807,223.26373291015625,350.1400146484375,240.23423767089844,220.8099975585937,452.0,222.91647338867188,203.7100067138672,287.8537292480469,220.8999938964844,149.5,27.709999084472656,156.22000122070312,1036.4649658203125,333.6203308105469,169.2158660888672,154.0500030517578,43.66457748413086,105.16000366210938,190.5894775390625,85.14421844482422,353.3599853515625,362.632568359375,153.25,114.7699966430664,147.4199981689453,244.14161682128903,123.9875030517578,133.85000610351562,157.36000061035156,143.9259490966797,173.21263122558594,2.809999942779541,99.99835968017578,776.9871215820312,376.7544250488281,601.853271484375,111.46501159667967,249.9409637451172,24.412500381469727,284.1101989746094,36.59000015258789,57.75,449.6900024414063,184.9206695556641,113.4875946044922,356.2799987792969,840.9571533203125,148.62196350097656,65.28079223632812,713.8035278320312,963.0674438476562,86.77608489990234,27.540000915527344,88.73094940185547,525.2435302734375,190.7733917236328,124.94000244140624,221.02999877929688,53.630001068115234,182.5679931640625,162.52362060546875,185.3036499023437,57.53974151611328,128.3436279296875,9.039999961853027,228.4266815185547,138.55999755859375,50.34999847412109,288.3039855957031,212.5800018310547,24.6978816986084,179.52999877929688,166.0791473388672,583.1732788085938,54.619998931884766,41.93999862670898,242.5200042724609,478.2200012207031,666.0914916992188,241.6005859375,147.6408233642578,430.4299926757813,542.460693359375,453.25,300.0357971191406,178.12786865234375,13.050000190734863,16.90999984741211,162.6667022705078,402.8999938964844,199.578842163086,125.08684539794922
2025-10-07,255.7564392089844,225.8242950439453,348.3099975585937,231.56597900390625,212.1000061035156,459.5799865722656,210.6212615966797,211.509994506836,289.2434997558594,221.77999877929688,145.2899932861328,27.299999237060547,159.34500122070312,995.7335815429688,334.53521728515625,169.96803283691406,152.2100067138672,43.20026016235352,106.05999755859376,190.59942626953125,86.28199768066406,345.4800109863281,356.71649169921875,151.47999572753906,113.55999755859376,137.1999969482422,238.14187622070312,121.15499877929688,128.8300018310547,154.52000427246094,148.97164916992188,171.43116760253906,2.8499999046325684,92.04915618896484,774.2720336914062,367.7524719238281,604.7467651367188,114.60541534423828,245.2800750732422,24.53067207336425,288.478515625,37.16999816894531,61.68000030517578,440.9400024414063,185.6380920410156,108.01390838623048,370.0700073242188,839.5440063476562,139.85313415527344,63.682838439941406,711.230224609375,940.5750732421876,85.61319732666016,27.34000015258789,86.78509521484375,520.682373046875,185.508544921875,117.6999969482422,217.38999938964844,56.630001068115234,180.84800720214844,161.1952667236328,184.8042907714844,56.93202590942383,127.66431427001952,8.880000114440918,216.73980712890625,134.1199951171875,48.16999816894531,281.0368347167969,211.0399932861328,24.54836845397949,182.1699981689453,162.96676635742188,580.942138671875,55.06999969482422,39.209999084472656,234.8099975585937,477.8299865722656,663.6219482421875,223.87078857421875,139.9228057861328,431.0400085449219,537.6937255859375,433.0899963378906,291.731201171875,173.4642791748047,13.539999961853027,17.59000015258789,158.7399139404297,410.2799987792969,198.7921142578125,119.74510192871094
2025-10-08,257.3320007324219,224.2821350097656,348.7699890136719,235.70692443847656,219.3600006103516,450.6799926757813,216.5448760986328,235.5599975585937,288.3430480957031,225.22000122070312,157.36000061035156,27.940000534057617,166.77000427246094,981.3385009765624,343.5745544433594,168.99813842773438,150.97000122070312,43.08418655395508,106.27999877929688,196.1962127685547,86.04246520996094,350.0,369.5047302246094,159.66000366210938,116.66999816894533,148.8699951171875,238.8272705078125,127.4875030517578,139.97999572753906,164.1199951171875,162.45977783203125,170.5110626220703,2.859999895095825,94.31322479248048,790.5428466796875,373.4630126953125,624.032958984375,116.0480499267578,244.1422882080078,25.6828556060791,284.1494140625,37.43000030517578,60.09000015258789,448.0899963378906,186.42433166503903,105.8083038330078,364.2200012207031,841.623779296875,142.0353546142578,65.60430145263672,715.9779052734375,975.8009643554688,84.4307861328125,27.920000076293945,92.30335235595705,521.546875,196.34793090820312,122.0,220.0,47.040000915527344,182.863998413086,166.06256103515625,188.86911010742188,57.50115585327149,128.40185546875,8.760000228881836,222.721420288086,134.77000427246094,50.880001068115234,285.3774108886719,217.7899932861328,23.997034072875977,183.5599975585937,165.24195861816406,561.638427734375,58.68000030517578,38.20000076293945,250.2100067138672,489.3599853515625,667.5791625976562,223.21414184570312,144.37588500976562,445.8399963378906,534.721923828125,438.6900024414063,302.13922119140625,177.9221649169922,14.0,18.0,167.2429656982422,421.1499938964844,205.693359375,120.99317169189452
2025-10-09,253.3233184814453,223.74868774414065,347.4700012207031,235.6573944091797,225.42999267578125,456.9500122070313,219.32247924804688,232.88999938964844,289.13580322265625,227.7400054931641,158.22999572753906,29.290000915527344,170.66000366210938,974.1160888671876,343.09722900390625,168.32516479492188,149.61000061035156,43.2196159362793,104.4800033569336,194.79205322265625,86.56146240234375,348.6700134277344,381.6854553222656,163.61000061035156,122.3499984741211,151.14999389648438,243.6946258544922,127.28250122070312,143.0800018310547,164.07000732421875,153.98773193359375,171.49969482421875,2.8299999237060547,93.98409271240234,795.1761474609375,373.9487915039063,632.8330078125,114.56616973876952,241.058334350586,25.850265502929688,282.9420166015625,37.79999923706055,63.84999847412109,443.760009765625,187.7904052734375,104.90017700195312,371.0899963378906,851.2072143554688,140.50082397460938,64.56513977050781,731.6072387695312,974.1595458984376,85.5057144165039,27.530000686645508,90.48721313476562,519.1123657226562,192.1420440673828,132.63999938964844,220.9499969482422,47.40999984741211,183.58999633789065,166.7862091064453,192.32470703125,56.60405731201172,127.18878173828124,8.770000457763672,218.55601501464844,138.1300048828125,49.970001220703125,294.1229858398437,215.1699981689453,23.58586883544922,185.47000122070312,163.16375732421875,567.6547241210938,57.97999954223633,40.61000061035156,250.6699981689453,484.4100036621094,665.6452026367188,220.5775604248047,144.96498107910156,444.5,533.216064453125,435.5400085449219,297.5354919433594,175.33563232421875,13.550000190734863,19.700000762939453,168.7417449951172,414.8599853515625,209.1290740966797,119.51544952392578
2025-10-10,244.5780639648437,223.5643768310547,337.510009765625,223.2147521972656,206.2100067138672,460.4599914550781,209.01841735839844,214.8999938964844,283.9486999511719,216.3699951171875,154.10000610351562,33.9900016784668,154.80999755859375,930.0567016601562,322.82086181640625,167.315673828125,146.57000732421875,42.52314376831055,102.05999755859376,189.2948455810547,86.48161315917969,327.0,367.0048522949219,155.94000244140625,111.0999984741211,138.8300018310547,240.06895446777344,123.41500091552734,138.42999267578125,158.74000549316406,148.67543029785156,164.92198181152344,2.880000114440918,83.4217300415039,787.5719604492188,365.908447265625,603.1903076171875,114.99797058105467,236.1080322265625,24.028438568115234,272.7229919433594,36.369998931884766,59.77000045776367,429.5899963378906,187.4365997314453,97.85816955566406,363.7099914550781,829.4530639648438,130.9049072265625,59.22229766845703,703.4703979492188,899.7384033203125,84.03012084960938,26.82999992370605,85.48455047607422,507.7443237304688,181.42254638671875,129.5800018310547,213.82000732421875,45.83000183105469,177.74200439453125,159.03424072265625,182.9266967773437,54.91596603393555,126.189208984375,8.760000228881836,202.713607788086,147.16000366210938,45.7400016784668,290.1612548828125,208.5500030517578,23.1560173034668,175.44000244140625,151.27561950683594,562.4054565429688,52.86000061035156,39.2400016784668,242.1699981689453,438.9200134277344,647.6542358398438,213.29461669921875,131.87530517578125,412.8299865722656,523.3630981445312,413.489990234375,278.4657287597656,168.22262573242188,14.649999618530272,20.34000015258789,168.87161254882812,407.7900085449219,196.04356384277344,115.24205780029295
2025-10-13,246.96131896972656,223.3704071044922,339.32000732421875,232.4773864746093,199.52999877929688,464.9500122070313,218.5061187744141,216.4199981689453,286.1703491210937,220.07000732421875,147.4499969482422,34.2400016784668,171.94000244140625,978.2091674804688,354.7121276855469,167.27609252929688,144.69000244140625,42.11687469482422,102.3000030517578,196.55470275878903,91.9709243774414,332.2300109863281,379.3748168945313,164.77999877929688,115.12999725341795,149.89999389648438,247.09182739257807,127.15249633789062,141.6199951171875,164.1999969482422,151.46981811523438,167.92697143554688,3.0799999237060547,91.67015075683594,793.1693725585938,372.1444091796875,646.7813720703125,116.00879669189452,243.6732177734375,24.422346115112305,272.1340026855469,37.220001220703125,64.13999938964844,435.7300109863281,187.6134796142578,102.06524658203124,400.739990234375,815.431396484375,137.32211303710938,63.12404251098633,713.8433837890625,976.5669555664062,83.74673461914062,26.739999771118164,89.25901794433594,510.81488037109375,192.5816192626953,135.4600067138672,222.5599975585937,54.43999862670898,184.7400054931641,167.30169677734375,188.0801239013672,55.46580123901367,125.30608367919922,8.979999542236328,213.8970489501953,171.00999450683594,50.11000061035156,305.06744384765625,213.27999877929688,23.10929298400879,177.2100067138672,159.3422088623047,555.5325317382812,54.75,45.02000045776367,247.2700042724609,448.0,657.5919189453125,218.39865112304688,138.9143829345703,435.8299865722656,523.1437377929688,435.8999938964844,300.52197265625,171.56358337402344,15.31999969482422,23.770000457763672,178.8534393310547,407.3699951171875,208.68093872070312,118.67674255371094
2025-10-14,247.07101440429688,222.2356109619141,335.94000244140625,233.2005615234375,161.5500030517578,469.3599853515625,217.2218475341797,218.08999633789065,287.5894775390625,216.38999938964844,138.7899932861328,35.040000915527344,168.16000366210938,976.7388305664062,342.2121887207031,168.4835205078125,145.30999755859375,42.36837768554688,102.61000061035156,201.6237030029297,93.00890350341795,325.75,387.9899291992188,164.82000732421875,109.37000274658205,129.75,238.1716766357422,122.23500061035156,134.05999755859375,160.8800048828125,146.89808654785156,168.24020385742188,3.190000057220459,90.70269012451172,804.1182861328125,371.1331787109375,642.9500122070312,116.27376556396484,244.9706878662109,24.61930274963379,271.0836181640625,35.630001068115234,69.55999755859375,436.3900146484375,187.5643615722656,102.13594818115234,396.1600036621094,808.41552734375,137.82032775878906,63.32991409301758,706.8117065429688,963.216796875,82.76953125,26.25,86.09365844726562,510.337890625,186.877197265625,128.14999389648438,217.5500030517578,54.380001068115234,182.2519989013672,164.16917419433594,179.8006591796875,54.655517578125,126.41240692138672,9.399999618530272,213.314697265625,174.13999938964844,49.540000915527344,296.1435241699219,207.5599975585937,22.913057327270508,179.74000549316406,159.30282592773438,570.3440551757812,53.11000061035156,45.790000915527344,240.8300018310547,443.760009765625,656.78857421875,210.5585479736328,136.75772094726562,417.75,524.3903198242188,429.239990234375,293.6263122558594,170.4172821044922,15.65999984741211,26.229999542236328,175.006591796875,412.2200012207031,204.6576690673828,112.95558166503906
2025-10-15,248.63658142089844,220.9949493408203,330.6300048828125,235.9248809814453,161.46499633789062,470.2699890136719,226.5701904296875,238.6000061035156,290.9855651855469,215.57000732421875,143.3800048828125,37.7599983215332,170.6699981689453,1003.1943969726562,349.3720397949219,167.9095001220703,143.66000366210938,42.18458557128906,104.33999633789062,202.97808837890625,93.27838134765624,324.1000061035156,402.3219604492188,168.7100067138672,110.41000366210938,131.41000366210938,235.00296020507807,122.25499725341795,139.24000549316406,160.02000427246094,151.7660369873047,171.48989868164062,3.1700000762939453,94.37308502197266,808.8598022460938,378.4398498535156,614.5545043945312,116.0971221923828,250.539779663086,24.65869331359864,275.5992431640625,37.150001525878906,67.9800033569336,435.6099853515625,187.8788452148437,108.2399444580078,436.0,822.5667114257812,144.26744079589844,63.927921295166016,715.6885986328125,1002.6904296875,82.19297790527344,27.71999931335449,88.7597427368164,510.1987609863281,191.7524261474609,125.83000183105467,217.3800048828125,52.720001220703125,180.6100006103516,169.8394012451172,179.60093688964844,54.71339416503906,126.1309814453125,9.380000114440918,214.4202117919922,171.55999755859375,50.36000061035156,300.7193908691406,206.6999969482422,22.791576385498047,179.6199951171875,160.51426696777344,574.14892578125,53.93999862670898,53.43000030517578,240.8600006103516,435.8999938964844,659.7044067382812,218.2693023681641,140.81143188476562,415.80999755859375,526.4247436523438,435.1499938964844,302.32769775390625,171.7203369140625,16.739999771118164,24.989999771118164,180.36219787597656,407.8999938964844,209.9755401611328,120.25431823730467
2025-10-16,246.75192260742188,221.6299285888672,329.2300109863281,239.3525390625,163.5500030517578,481.0700073242188,226.7095642089844,234.5599975585937,289.5076904296875,214.47000122070312,146.00999450683594,36.63999938964844,171.19000244140625,1012.9103393554688,352.1763610839844,165.9301300048828,142.25999450683594,41.971771240234375,105.08000183105467,208.1466217041016,90.9529037475586,324.25,394.931884765625,170.77999877929688,115.95999908447266,136.52999877929688,244.3601531982422,120.55750274658205,141.74000549316406,151.1699981689453,149.40611267089844,170.27615356445312,3.0899999141693115,90.30372619628906,799.5439453125,372.362548828125,600.6361083984375,115.6554946899414,250.9689483642578,22.157371520996094,270.90692138671875,36.84000015258789,61.83000183105469,434.6199951171875,188.8124847412109,109.4139404296875,415.4299926757813,815.4114379882812,141.865966796875,64.06517028808594,710.2228393554688,1021.4921875,82.00730895996094,27.13999938964844,88.10072326660156,508.3902282714844,202.33209228515625,123.04000091552734,211.3999938964844,48.40999984741211,178.8979949951172,168.4515838623047,181.5784149169922,54.10568237304688,126.90735626220705,8.979999542236328,214.597885131836,162.13999938964844,52.970001220703125,310.009765625,205.509994506836,22.642059326171875,178.1199951171875,161.60755920410156,566.9275512695312,53.84000015258789,47.63999938964844,240.0599975585937,440.2000122070313,655.2116088867188,224.88563537597656,139.08409118652344,418.0299987792969,535.3103637695312,428.75,297.4957580566406,171.92608642578125,16.0,21.690000534057617,177.67440795898438,408.6099853515625,209.5273895263672,125.72586822509766
2025-10-17,251.5782470703125,224.26759338378903,333.260009765625,240.60076904296875,159.8000030517578,481.6700134277344,223.9916839599609,233.0800018310547,292.4438171386719,213.0399932861328,143.10000610351562,34.2400016784668,165.61000061035156,1022.5269165039062,347.3832092285156,167.63238525390625,143.0,42.20392990112305,105.13999938964844,202.28097534179688,86.4217300415039,326.1199951171875,384.9422607421875,170.9499969482422,116.3499984741211,143.61000061035156,241.4596405029297,121.1624984741211,136.8699951171875,152.8699951171875,147.70774841308594,169.0721893310547,2.9200000762939453,90.70269012451172,800.68505859375,370.09222412109375,598.640625,120.52313232421876,252.80535888671875,22.61036491394043,276.1195068359375,37.0099983215332,60.720001220703125,446.1300048828125,189.8935546875,110.19660949707033,380.1799926757813,798.941650390625,141.00901794433594,63.85930633544922,715.0602416992188,999.4275512695312,82.85747528076172,26.01000022888184,87.82112121582031,510.347900390625,202.18223571777344,113.44000244140624,210.009994506836,47.84000015258789,180.72000122070312,167.27195739746094,182.9866180419922,52.44652938842773,127.5478515625,8.430000305175781,211.5774688720703,163.38999938964844,52.52999877929688,288.5269775390625,207.88999938964844,22.903711318969727,178.14999389648438,160.98704528808594,575.7725830078125,52.18000030517578,44.25,240.7400054931641,447.6400146484375,658.9308471679688,224.25881958007807,137.94589233398438,406.4500122070313,537.4444580078125,439.30999755859375,292.77301025390625,173.00381469726562,14.869999885559082,21.059999465942383,173.8575439453125,416.80999755859375,200.5149383544922,126.00543212890624
2025-10-20,261.50018310546875,226.7000427246093,343.3999938964844,243.9194793701172,156.30999755859375,491.2200012207031,227.1177520751953,240.5599975585937,296.86749267578125,216.47999572753903,146.47999572753906,35.900001525878906,171.5,1035.322509765625,347.293701171875,166.00930786132812,146.6300048828125,42.16523742675781,107.9499969482422,206.8619842529297,85.73307037353516,329.6400146484375,368.5087890625,173.1199951171875,120.1999969482422,151.66000366210938,252.5849609375,125.90249633789062,127.05999755859376,156.2949981689453,146.0093994140625,169.2581787109375,2.930000066757202,92.35833740234376,811.712646484375,374.4444885253906,592.97119140625,120.81755065917967,256.04901123046875,22.5217399597168,278.4460144042969,38.09999847412109,59.220001220703125,458.4700012207031,190.38494873046875,114.80001068115234,399.8699951171875,805.0419921875,143.5400390625,65.75135040283203,730.2706909179688,1026.2274169921875,84.35260772705078,27.239999771118164,85.7142105102539,513.53759765625,206.5679473876953,109.0,213.0399932861328,46.06999969482422,183.509994506836,165.55699157714844,182.4073486328125,53.76806640625,127.897216796875,8.699999809265137,216.97671508789065,159.0500030517578,54.88999938964844,274.5319519042969,211.82000732421875,23.07191467285156,181.58999633789065,164.52294921875,574.4976196289062,55.040000915527344,44.209999084472656,245.6699981689453,453.3500061035156,665.7840576171875,213.31451416015625,138.97427368164062,406.8399963378906,542.3510131835938,447.4299926757813,295.37255859375,175.95285034179688,15.119999885559082,22.57999992370605,175.58612060546875,419.1000061035156,193.43443298339844,121.3426284790039
2025-10-21,262.0287170410156,226.0455322265625,357.54998779296875,244.06805419921875,157.50999450683594,474.0,224.9971923828125,238.02999877929688,294.7241516113281,222.02999877929688,145.94000244140625,32.540000915527344,169.3800048828125,1018.3046875,340.7503967285156,164.72271728515625,146.22000122070312,43.08418655395508,106.88999938964844,204.3922119140625,82.6091537475586,333.45001220703125,357.3439636230469,169.7100067138672,120.79000091552734,144.1699981689453,261.65411376953125,125.9875030517578,125.05999755859376,156.25,148.0754852294922,167.99551391601562,2.720000028610229,92.42816162109376,808.623779296875,370.2508239746094,584.2473754882812,121.7694854736328,249.9709014892578,22.915647506713867,276.8753662109375,38.119998931884766,55.19499969482422,462.739990234375,188.57662963867188,114.25631713867188,377.010009765625,795.6973876953125,144.52651977539062,66.1925048828125,731.3678588867188,1023.32275390625,85.62297821044922,27.489999771118164,84.13653564453125,514.4021606445312,202.09230041503903,104.27999877929688,212.97999572753903,42.09000015258789,188.3000030517578,162.166748046875,180.92922973632807,52.84202575683594,127.46051025390624,8.15999984741211,219.4641265869141,139.44000244140625,55.08000183105469,272.5213623046875,214.3999938964844,23.22142791748047,181.509994506836,166.2859649658203,577.0574951171875,54.81999969482422,38.369998931884766,247.5200042724609,459.0400085449219,665.7741088867188,213.48367309570312,143.1078643798828,382.0899963378906,556.4622192382812,442.6000061035156,292.2074584960937,177.1775360107422,13.510000228881836,20.6299991607666,174.65687561035156,426.2699890136719,185.74644470214844,121.22281646728516
2025-10-22,257.72088623046875,223.39810180664065,354.0899963378906,238.1142120361328,154.85000610351562,464.8999938964844,219.58132934570312,230.22999572753903,289.6741027832031,217.9499969482422,146.58999633789062,30.6200008392334,165.7100067138672,1004.94287109375,338.4035339355469,165.1383819580078,147.72000122070312,42.939090728759766,106.2300033569336,190.38034057617188,83.37765502929688,330.510009765625,348.6491394042969,164.47999572753906,115.37000274658205,137.1999969482422,254.92926025390625,125.02749633789062,121.52999877929688,154.2100067138672,148.76914978027344,168.75897216796875,2.720000028610229,88.57823181152344,815.5590209960938,357.5013732910156,574.9345703125,119.19828033447266,251.19851684570312,22.738386154174805,282.2352294921875,36.91999816894531,51.83000183105469,527.030029296875,189.618392944336,110.95935821533205,314.8299865722656,808.4950561523438,140.74993896484375,63.23188400268555,731.5074462890625,996.1943969726562,85.61319732666016,26.850000381469727,80.93124389648438,517.2640380859375,198.27606201171875,98.62000274658205,210.72999572753903,38.84999847412109,187.1300048828125,159.0243377685547,180.05035400390625,51.49155807495117,127.5478515625,8.470000267028809,214.3511199951172,120.12000274658205,51.93000030517578,270.05517578125,212.4199981689453,23.099946975708008,175.49000549316406,166.71934509277344,582.4361572265625,52.5,34.720001220703125,241.6699981689453,454.2999877929688,662.3128051757812,213.96121215820312,138.62481689453125,380.6900024414063,565.6470336914062,438.9700012207031,286.6214904785156,167.25270080566406,13.890000343322754,22.739999771118164,171.44949340820312,426.4400024414063,185.059310913086,120.28427124023438
2025-10-23,258.8476867675781,222.97805786132807,354.1199951171875,241.0168609619141,163.63999938964844,464.0,227.45623779296875,234.9900054931641,286.64996337890625,221.08999633789065,152.75999450683594,33.380001068115234,166.60000610351562,1029.6201171875,342.3713073730469,165.07901000976562,150.0800018310547,42.39739608764648,104.75,199.0941925048828,86.13229370117188,337.2699890136719,364.3257141113281,172.5800018310547,121.5199966430664,150.97000122070312,253.349838256836,130.4949951171875,123.33999633789062,156.58999633789062,152.8319854736328,171.67587280273438,2.7300000190734863,90.51317596435548,818.3921508789062,369.199951171875,594.0492553710938,118.49168395996094,252.5857849121093,22.836864471435547,279.771240234375,38.15999984741211,55.86000061035156,551.2999877929688,189.15646362304688,115.40841674804688,344.2300109863281,817.0633544921875,147.01766967773438,63.810279846191406,732.095947265625,1065.233642578125,85.19300079345703,26.25,82.6487045288086,517.283935546875,206.5080108642578,106.16000366210938,217.1600036621093,42.4900016784668,187.83399963378903,162.3848419189453,181.927963256836,51.34686279296875,127.75164794921876,8.430000305175781,217.8749237060547,124.6999969482422,51.77999877929688,277.3943786621094,215.0200042724609,23.05322456359864,180.47999572753903,167.4678955078125,573.4218139648438,47.91999816894531,37.560001373291016,252.9900054931641,456.0899963378906,666.2402954101562,225.26370239257807,144.81520080566406,383.8200073242188,570.3441162109375,448.9800109863281,288.45703125,168.70272827148438,13.31999969482422,21.26000022888184,183.0500030517578,422.6300048828125,190.57632446289065,125.5261688232422
2025-10-24,262.0785522460937,222.7240753173828,353.5199890136719,235.7861785888672,164.97000122070312,463.4299926757813,227.7349853515625,252.9199981689453,285.5439758300781,224.2100067138672,153.82000732421875,33.43000030517578,170.67999267578125,1026.331787109375,352.1564636230469,164.86126708984375,149.88999938964844,42.39739608764648,105.66000366210938,202.44032287597656,87.95873260498047,345.1000061035156,387.6214294433594,179.0500030517578,129.33999633789062,155.5500030517578,253.13131713867188,131.8300018310547,132.5500030517578,156.47000122070312,157.20201110839844,175.48350524902344,2.809999942779541,91.28116607666016,825.8291015625,373.0565185546875,583.30908203125,118.6879653930664,259.4124450683594,23.14214324951172,301.8191833496094,38.27999877929688,62.900001525878906,546.510009765625,187.12208557128903,117.78030395507812,383.0,821.4520263671875,151.14300537109375,61.92803192138672,736.4446411132812,1069.322265625,85.49594116210938,26.739999771118164,84.0067138671875,520.314697265625,218.8059844970703,117.26000213623048,217.8500061035156,44.34000015258789,186.03399658203125,168.8778533935547,186.0227203369141,51.0864143371582,126.50946044921876,8.739999771118164,216.3252410888672,136.0500030517578,50.709999084472656,280.62322998046875,217.1100006103516,23.137327194213867,184.6300048828125,166.39431762695312,575.6729125976562,48.290000915527344,37.72999954223633,257.94000244140625,464.1799926757813,671.6851806640625,232.9346618652344,144.05638122558594,407.80999755859375,570.9324951171875,433.7200012207031,292.6539611816406,165.70468139648438,13.65999984741211,21.3700008392334,185.9076690673828,421.3900146484375,200.63442993164065,129.23043823242188
2025-10-27,268.0516662597656,222.7631378173828,357.79998779296875,240.73947143554688,170.27999877929688,478.5799865722656,230.3035583496093,259.6700134277344,284.956787109375,226.97000122070312,156.80999755859375,34.349998474121094,178.6199951171875,1053.03564453125,360.0323181152344,166.3853759765625,150.42999267578125,41.971771240234375,106.0500030517578,203.18722534179688,86.45167541503906,351.3999938964844,389.5735168457031,182.5399932861328,134.99000549316406,154.9600067138672,253.7670288085937,132.4250030517578,136.05999755859375,157.6199951171875,160.71983337402344,174.36764526367188,2.7799999713897705,94.07386016845705,829.0557861328125,376.4768371582031,583.30908203125,118.22671508789062,268.7441711425781,23.81178855895996,307.3459167480469,39.540000915527344,64.98999786376953,551.25,187.02381896972656,120.9976043701172,359.7300109863281,822.4073486328125,156.3445281982422,63.28091049194336,748.8722534179688,1099.3055419921875,85.99430847167969,26.65999984741211,88.58000946044922,528.1749877929688,219.88491821289065,125.43000030517578,225.1100006103516,43.540000915527344,189.25799560546875,171.0884552001953,191.2460784912109,51.018890380859375,125.32549285888672,8.5,218.69419860839844,137.42999267578125,52.68000030517578,278.7116394042969,220.2899932861328,23.146671295166016,189.17999267578125,184.85191345214844,583.00390625,51.56999969482422,38.709999084472656,265.9700012207031,465.4100036621094,679.6094970703125,229.15391540527344,147.27139282226562,407.1199951171875,562.2363891601562,452.4200134277344,295.9182434082031,165.97901916503906,13.31999969482422,19.100000381469727,192.7420654296875,420.1700134277344,198.47344970703125,126.4747085571289
2025-10-28,268.2411193847656,222.28445434570312,359.9100036621094,237.11366271972656,168.25,475.9100036621094,226.62991333007807,258.010009765625,285.8669738769531,229.25,156.77000427246094,34.33000183105469,173.08999633789062,1045.584716796875,370.8914489746094,163.5153045654297,149.1300048828125,41.42040252685547,105.02999877929688,206.7623748779297,106.7022476196289,341.29998779296875,383.3985595703125,183.0399932861328,134.24000549316406,162.17999267578125,252.56509399414065,136.73500061035156,134.8000030517578,157.27000427246094,163.38546752929688,170.37403869628906,3.069999933242798,91.47067260742188,802.8492431640625,372.7789306640625,569.9238891601562,115.6849365234375,266.9476623535156,23.88072204589844,306.8354797363281,41.52999877929688,62.41999816894531,545.3900146484375,183.7118377685547,120.09246063232422,363.7000122070313,816.1279907226562,155.06906127929688,62.388790130615234,749.49072265625,1080.7127685546875,85.04641723632812,25.350000381469727,88.33037567138672,538.6585693359375,221.69314575195312,121.83000183105467,223.9900054931641,44.13999938964844,187.58200073242188,171.2569580078125,200.77394104003903,50.2086067199707,119.7841567993164,9.520000457763672,210.20545959472656,132.27999877929688,51.79999923706055,278.1470947265625,221.3800048828125,22.894365310668945,189.6000061035156,178.30213928222656,651.9013671875,52.36000061035156,42.119998931884766,267.04998779296875,456.8299865722656,681.41455078125,221.8709716796875,144.15623474121094,394.0,556.103271484375,460.5499877929688,299.1725769042969,163.5296630859375,15.229999542236328,20.030000686645508,190.4139862060547,422.3900146484375,189.799560546875,124.72740173339844
2025-10-29,268.93914794921875,219.9398956298828,337.8599853515625,232.8439178466797,173.6199951171875,481.5899963378906,234.7039337158203,264.3299865722656,285.55377197265625,230.3000030517578,162.02999877929688,34.41999816894531,170.38999938964844,1065.7119140625,383.8289794921875,162.76315307617188,147.86000061035156,41.20759582519531,103.3499984741211,212.80731201171875,106.46270751953124,341.42999267578125,399.8121032714844,189.2700042724609,138.05999755859375,171.52000427246094,249.78375244140625,136.375,139.92999267578125,156.0,162.11705017089844,163.60057067871094,3.1700000762939453,94.39620971679688,784.7486572265625,384.41802978515625,576.9009399414062,116.29338836669922,274.0338134765625,23.90041923522949,302.5554504394531,41.34000015258789,60.41999816894531,537.5900268554688,183.3875274658203,123.00406646728516,390.8200073242188,809.5897827148438,160.1011962890625,61.31041717529297,749.7200927734375,1088.392578125,84.60667419433594,24.700000762939453,90.01790618896484,538.141845703125,226.4085388183593,125.0999984741211,227.3800048828125,47.83000183105469,182.33999633789065,176.94703674316406,206.7762756347656,49.55266189575195,118.20230865478516,9.670000076293944,202.06216430664065,143.4199981689453,51.400001525878906,272.6699523925781,217.1600036621093,22.698129653930664,198.8099975585937,175.97769165039062,650.3375244140625,52.68999862670898,43.16999816894531,269.70001220703125,455.3399963378906,681.7418823242188,264.27520751953125,173.67041015625,398.5499877929688,556.7814331054688,461.510009765625,302.7047119140625,157.0143280029297,15.579999923706056,20.39999961853028,199.1068572998047,417.2099914550781,198.5431365966797,141.1620330810547
2025-10-30,270.63433837890625,222.92921447753903,339.239990234375,230.7239227294922,169.5500030517578,449.55999755859375,231.5181427001953,254.83999633789065,285.7789001464844,222.8600006103516,158.44000244140625,33.95000076293945,165.4499969482422,1070.2998046875,374.3719787597656,162.98086547851562,149.61000061035156,44.12888717651367,104.66999816894533,212.91685485839844,104.5165023803711,336.0899963378906,380.9384765625,188.9600067138672,132.7100067138672,166.6199951171875,254.93914794921875,134.6699981689453,131.05999755859375,157.07000732421875,159.55052185058594,167.13412475585938,3.220000028610229,87.3669204711914,819.6021118164062,379.798095703125,573.0081787109375,116.23451232910156,280.93035888671875,24.038286209106445,304.3714904785156,40.15999984741211,58.220001220703125,530.02001953125,185.7953338623047,120.92591857910156,383.30999755859375,840.4098510742188,160.43997192382812,60.84965896606445,664.7411499023438,1081.9066162109375,84.31351470947266,28.13999938964844,88.44021606445312,522.451171875,223.7910919189453,124.18000030517578,222.5,47.0099983215332,186.93600463867188,171.6336669921875,202.63156127929688,48.269718170166016,118.9883804321289,9.779999732971191,203.71055603027344,137.38999938964844,50.84999847412109,254.4358367919922,218.2700042724609,22.698129653930664,194.5500030517578,174.5889434814453,651.463134765625,50.369998931884766,42.25,271.17999267578125,442.9299926757813,674.2440185546875,266.9813842773437,176.6058807373047,391.8200073242188,554.697021484375,440.1000061035156,300.849365234375,157.25927734375,15.529999732971191,21.81999969482422,193.6013641357422,419.8900146484375,188.9232177734375,137.9170379638672
2025-10-31,269.6072692871094,213.00387573242188,340.3099975585937,231.94244384765625,186.67999267578125,456.0400085449219,232.0656890869141,256.1199951171875,292.0718994140625,244.22000122070312,157.69000244140625,34.65999984741211,169.82000732421875,1054.1575927734375,367.570068359375,163.09963989257812,154.27000427246094,44.56417465209961,103.91000366210938,212.7276306152344,102.0113754272461,338.69000244140625,375.4805603027344,189.9199981689453,131.9600067138672,187.6199951171875,258.6741027832031,135.75250244140625,133.7100067138672,162.80999755859375,160.5414581298828,166.80133056640625,3.1700000762939453,91.43072509765624,832.2430419921875,378.28125,584.0577392578125,117.55937957763672,280.6408996582031,24.048133850097656,301.7701110839844,39.9900016784668,60.75,534.280029296875,185.61843872070312,120.36132049560548,367.4599914550781,858.680908203125,156.90255737304688,61.19277572631836,646.6680908203125,999.7756958007812,84.0203628540039,27.15999984741211,93.60264587402344,514.5512084960938,223.55133056640625,130.82000732421875,253.3000030517578,47.540000915527344,183.8560028076172,170.3647918701172,202.2320709228516,47.710235595703125,120.1335220336914,9.760000228881836,206.41510009765625,132.77000427246094,50.08000183105469,260.1011657714844,220.2400054931641,23.034536361694336,200.47000122070312,178.17408752441406,649.2319946289062,51.959999084472656,44.869998931884766,274.8800048828125,453.8200073242188,676.45556640625,254.5845184326172,181.4782867431641,399.7799987792969,565.8365478515625,456.55999755859375,298.0811462402344,159.6020050048828,15.130000114440918,20.51000022888184,192.7021026611328,425.5700073242188,187.51905822753903,149.97840881347656
2025-11-03,268.2909545898437,207.06431579589844,337.4700012207031,231.42727661132807,191.5599975585937,434.0700073242188,236.65524291992188,259.6499938964844,289.9872436523437,254.0,157.58999633789062,32.869998931884766,168.67999267578125,1061.711181640625,360.5295104980469,161.75367736816406,151.44000244140625,44.51581573486328,103.95500183105467,214.9683532714844,100.65401458740234,335.4100036621094,376.1876831054688,189.5599975585937,132.0,180.63999938964844,259.597900390625,137.97999572753906,126.31999969482422,162.0800018310547,158.65869140625,168.31851196289062,2.9200000762939453,91.24102020263672,819.287353515625,383.2481689453125,580.1848754882812,119.77729034423828,283.1659545898437,24.126916885375977,299.1393127441406,39.5,67.75,544.2100219726562,183.05337524414065,121.39690399169922,342.989990234375,892.1878662109375,160.66917419433594,61.18297576904297,636.0557861328125,998.7112426757812,80.60990142822266,24.90999984741211,90.23757934570312,513.776123046875,234.4706573486328,120.47000122070312,248.1100006103516,45.2400016784668,182.7680053710937,173.4059600830078,206.6164703369141,47.37261581420898,120.20145416259766,9.140000343322754,207.668685913086,126.66999816894533,50.459999084472656,255.3866424560547,219.22999572753903,23.04388236999512,207.17999267578125,177.996826171875,639.7196044921875,50.75,40.83000183105469,277.1400146484375,445.7200012207031,677.7251586914062,264.2055358886719,182.7862701416016,413.5400085449219,563.3333740234375,468.3699951171875,302.4765319824219,159.6020050048828,14.0,17.799999237060547,191.24327087402344,426.0,192.2393951416016,157.77638244628906
2025-11-04,269.2781982421875,210.903549194336,335.3500061035156,227.23681640625,179.30999755859375,423.4700012207031,229.16860961914065,250.0500030517578,290.3787536621094,249.32000732421875,153.5500030517578,31.059999465942383,160.72999572753906,1025.2069091796875,349.9786682128906,162.3672637939453,149.3300018310547,44.09986877441406,104.83000183105467,199.562255859375,96.7615966796875,333.2200012207031,361.3577270507813,182.8699951171875,128.6999969482422,164.22999572753906,252.743896484375,133.47999572753906,115.75,157.50999450683594,153.23828125,164.70664978027344,2.740000009536743,86.32849884033203,816.405029296875,374.4742431640625,546.9464721679688,120.70960235595705,276.9980163574219,23.201229095458984,295.3304443359375,37.02999877929688,66.62999725341797,538.8200073242188,183.6430511474609,118.84278106689452,327.20001220703125,902.4677734375,155.22848510742188,58.33018493652344,625.6926879882812,952.8906860351562,81.94867706298828,23.75,87.4616470336914,511.0931701660156,217.8169403076172,110.54000091552734,232.9100036621093,41.58000183105469,177.51400756835938,166.95591735839844,198.43690490722656,46.54304122924805,121.31748962402344,8.649999618530273,201.77590942382807,112.2300033569336,48.27999877929688,245.7991180419922,214.5200042724609,22.70747184753418,190.7400054931641,170.2355499267578,625.5257568359375,47.400001525878906,35.630001068115234,265.4200134277344,416.3500061035156,669.6917114257812,249.1123504638672,175.37774658203125,395.25,563.6923217773438,444.260009765625,291.75103759765625,157.5261688232422,13.0,17.010000228881836,180.6719512939453,421.6700134277344,184.9696807861328,151.94537353515625
2025-11-05,269.3779296875,211.76321411132807,335.5299987792969,233.7949676513672,181.94000244140625,434.55999755859375,239.8211212158203,256.3299865722656,313.0453186035156,250.1999969482422,140.4199981689453,33.09000015258789,160.19000244140625,1038.751708984375,356.9794616699219,160.62542724609375,153.42999267578125,44.95110321044922,103.43000030517578,197.3016357421875,95.05491638183594,327.6300048828125,361.7859802246094,195.8099975585937,134.6300048828125,173.16000366210938,250.99563598632807,133.53500366210938,114.41999816894533,154.97999572753906,151.02850341796875,162.99371337890625,2.6700000762939453,88.36540222167969,808.7418212890625,383.1829223632813,558.6647338867188,120.29742431640624,283.7547912597656,23.34894561767578,301.141845703125,38.380001068115234,76.41000366210938,548.5499877929688,182.7978515625,122.18952941894533,325.7300109863281,921.3259887695312,164.46568298339844,59.60462951660156,634.30029296875,994.950927734375,82.46659088134766,23.559999465942383,92.76387786865234,503.9682312011719,237.2679138183593,117.0,228.509994506836,43.470001220703125,175.92599487304688,172.1239013671875,194.9613494873047,46.74560928344727,121.7930145263672,8.75,207.7180328369141,121.2300033569336,50.08000183105469,247.918685913086,213.17999267578125,22.997159957885746,187.8999938964844,177.0118865966797,641.6519165039062,42.02999877929688,37.90999984741211,264.7900085449219,409.1099853515625,672.012451171875,274.373779296875,187.2992553710937,403.489990234375,566.0858764648438,462.0700073242188,291.3442687988281,161.68771362304688,13.06999969482422,16.209999084472656,190.55386352539065,417.0,188.60452270507807,159.85317993164062
2025-11-06,269.0089416503906,213.98077392578125,327.3500061035156,230.70413208007807,162.8300018310547,440.489990234375,232.4937744140625,237.6999969482422,308.8663024902344,243.0399932861328,134.02000427246094,31.07999992370605,158.25,1024.2713623046875,353.6083068847656,165.8113555908203,156.74000549316406,45.10587692260742,103.3499984741211,193.12893676757807,90.06463623046875,324.45001220703125,349.8841247558594,201.4600067138672,159.3000030517578,162.74000549316406,237.675033569336,133.1300048828125,106.93000030517578,190.82000732421875,147.8277587890625,164.7849578857422,2.559999942779541,85.56965637207031,805.9971313476562,375.1900024414063,549.15234375,121.1021499633789,284.1939392089844,23.043664932250977,306.6882019042969,37.2400016784668,66.95999908447266,547.780029296875,183.7511444091797,120.12831115722656,277.7799987792969,932.8997192382812,161.61581420898438,58.183135986328125,617.3344116210938,953.0896606445312,83.82490539550781,24.32999992370605,93.19325256347656,493.9715576171875,238.0971069335937,109.44000244140624,225.8999938964844,38.43000030517578,171.75399780273438,169.0529327392578,187.8404235839844,44.86459732055664,122.83140563964844,8.130000114440918,203.7796325683593,106.75,48.79999923706055,241.47088623046875,211.3699951171875,23.22142791748047,175.0500030517578,170.59011840820312,644.3214111328125,40.34000015258789,32.459999084472656,264.7200012207031,396.1400146484375,664.8021850585938,277.06011962890625,184.73326110839844,385.9299926757813,564.4303588867188,445.9100036621094,286.9786376953125,159.52291870117188,12.220000267028809,15.119999885559082,182.87014770507807,416.25,183.85430908203125,163.3477783203125
2025-11-07,267.7126159667969,214.0980224609375,326.95001220703125,226.34523010253903,165.49000549316406,442.7000122070313,229.0491485595703,233.5399932861328,313.37811279296875,244.4100036621093,134.64999389648438,30.979999542236328,152.3800048828125,1012.0900268554688,347.4826354980469,167.41465759277344,155.50999450683594,45.163909912109375,103.13999938964844,192.75050354003903,92.0807113647461,325.04998779296875,356.9455871582031,199.259994506836,154.50999450683594,163.61000061035156,238.2809600830078,134.95249938964844,104.01000213623048,191.2400054931641,145.3702392578125,166.29234313964844,2.549999952316284,86.53817749023438,811.3289794921875,371.5812683105469,574.0662231445312,116.62705993652344,278.2854919433594,23.092906951904297,300.759033203125,38.130001068115234,62.380001068115234,560.0,183.3580474853516,118.8308334350586,294.1600036621094,919.8929443359376,158.78587341308594,55.17349243164063,620.0972290039062,953.2786865234376,84.31351470947266,24.540000915527344,90.78677368164062,493.6933288574219,237.6874847412109,111.27999877929688,232.8099975585937,39.18000030517578,172.37399291992188,171.4381561279297,187.91033935546875,44.063961029052734,122.61790466308594,8.449999809265137,201.91409301757807,112.6500015258789,47.83000183105469,236.97422790527344,212.2899932861328,23.230937957763672,177.92999267578125,168.31492614746094,654.939453125,39.7599983215332,30.34000015258789,262.8599853515625,393.4299926757813,665.4567260742188,277.9356689453125,181.9974822998047,386.5700073242188,570.8427124023438,429.5199890136719,284.2601013183594,158.7024688720703,12.199999809265137,15.649999618530272,179.6527862548828,409.4700012207031,190.2078552246093,162.70877075195312
2025-11-10,268.93035888671875,213.658432006836,328.8500061035156,229.8323516845703,173.74000549316406,441.7000122070313,234.0369110107422,243.97999572753903,316.7643737792969,248.3999938964844,137.25999450683594,31.440000534057617,154.83999633789062,1033.8154296875,356.39276123046875,173.15481567382812,156.25999450683594,45.71527862548828,105.06999969482422,197.96885681152344,94.0568618774414,328.94000244140625,359.475341796875,208.7400054931641,166.72000122070312,170.16000366210938,240.0987701416016,139.38250732421875,105.61000061035156,199.72000122070312,141.39659118652344,165.6267547607422,2.640000104904175,85.82926940917969,814.6539916992188,377.3473205566406,578.7275390625,115.94991302490234,289.5334777832031,23.516355514526367,305.1317138671875,38.45000076293945,60.16999816894531,576.2000122070312,185.1663818359375,121.27840423583984,290.20001220703125,961.958251953125,165.781005859375,54.32059860229492,630.1212158203125,971.2348022460938,84.7728042602539,24.76000022888184,93.09339141845705,502.8155212402344,253.05245971679688,109.9499969482422,240.52999877929688,37.900001525878906,173.25999450683594,165.6937255859375,198.7964630126953,44.31476211547852,123.44279479980467,8.84000015258789,202.4767303466797,111.5199966430664,48.540000915527344,238.52926635742188,216.5399932861328,23.192901611328125,193.6100006103516,168.9846954345703,652.160400390625,40.18999862670898,28.43000030517578,268.510009765625,400.7699890136719,675.8406982421875,292.5015563964844,183.79470825195312,393.6300048828125,574.77197265625,445.2300109863281,292.96148681640625,158.73211669921875,12.9399995803833,16.489999771118164,187.6862030029297,421.2000122070313,187.49913024902344,173.95140075683594
2025-11-11,274.73956298828125,219.9691925048828,333.2200012207031,231.22915649414065,167.5500030517578,451.9500122070313,227.6553497314453,237.5200042724609,331.2392578125,249.1000061035156,134.92999267578125,28.56999969482422,149.74000549316406,1017.5238037109376,349.9985656738281,176.34158325195312,159.55999755859375,47.1275634765625,108.6500015258789,194.84181213378903,92.34020233154295,318.510009765625,350.2526550292969,207.42999267578125,158.00999450683594,158.5,242.8701629638672,139.1824951171875,88.38999938964844,197.8600006103516,137.50222778320312,165.00030517578125,2.5899999141693115,83.552734375,807.6793823242188,365.7555847167969,575.0144653320312,120.27779388427734,290.7411193847656,22.54143142700196,309.662353515625,37.880001068115234,57.380001068115234,572.1699829101562,190.49305725097656,118.58487701416016,275.5400085449219,983.831787109375,158.616455078125,53.63436126708984,625.453369140625,949.7471313476562,88.87708282470703,26.40999984741211,89.19910430908203,505.4786682128906,240.87437438964844,102.22000122070312,234.9499969482422,36.130001068115234,172.13400268554688,161.8376007080078,192.91395568847656,47.41120147705078,126.64532470703124,8.6899995803833,200.236083984375,104.22000122070312,48.43000030517578,233.8939514160156,218.2700042724609,24.257930755615234,190.9600067138672,171.35836791992188,671.892333984375,38.81999969482422,26.739999771118164,271.260009765625,395.6000061035156,677.3878784179688,286.5418701171875,176.95530700683594,374.5499877929688,584.8842163085938,439.6199951171875,288.8935852050781,157.8918914794922,12.399999618530272,15.68000030517578,178.90341186523438,429.2200012207031,178.41696166992188,169.72793579101562
2025-11-12,272.9628601074219,227.8430328369141,337.04998779296875,239.18414306640625,157.7899932861328,452.739990234375,229.70620727539065,258.8900146484375,329.115478515625,244.1999969482422,134.97999572753906,26.40999984741211,148.75,1032.362548828125,353.24041748046875,173.55067443847656,161.47999572753906,47.47579574584961,111.6999969482422,195.9571990966797,92.39010620117188,315.5400085449219,352.5931701660156,209.5200042724609,156.6699981689453,160.33999633789062,244.38003540039065,136.46499633789062,85.43000030517578,190.88999938964844,139.43455505371094,160.42918395996094,2.5899999141693115,83.91217803955078,800.0062866210938,367.2368469238281,574.3357543945312,121.1021499633789,286.1501159667969,23.122447967529297,310.90606689453125,37.88999938964844,55.70000076293945,572.4500122070312,191.0433959960937,119.38846588134766,275.6000061035156,1012.8505249023438,160.84852600097656,54.536277770996094,607.43017578125,953.3681640625,89.36567687988281,26.709999084472656,89.19910430908203,507.9232177734375,244.66067504882807,94.36000061035156,225.67999267578125,36.56999969482422,172.80799865722656,167.80068969726562,193.5531463623047,48.481929779052734,128.3824462890625,8.470000267028809,201.44029235839844,111.16999816894533,49.27000045776367,224.8214569091797,210.0399932861328,24.600261688232425,184.1699981689453,174.0078582763672,679.0339965820312,37.90999984741211,25.959999084472656,269.82000732421875,398.80999755859375,677.7648315429688,281.8258972167969,178.99215698242188,367.5400085449219,586.4100952148438,430.6000061035156,288.3478698730469,161.21322631835938,12.31999969482422,15.81999969482422,173.22805786132812,434.1900024414063,177.53067016601562,165.85389709472656
2025-11-13,272.44384765625,226.9247436523437,333.6000061035156,235.3106689453125,144.47000122070312,453.9700012207031,222.239486694336,247.9600067138672,328.8414306640625,237.5800018310547,130.3000030517578,23.059999465942383,140.30999755859375,1014.97607421875,338.0853271484375,175.39149475097656,164.72999572753906,47.04050827026367,103.87999725341795,177.14523315429688,85.81291961669922,315.989990234375,334.3868408203125,194.2100067138672,139.97000122070312,142.9499969482422,238.8272705078125,132.44500732421875,78.33999633789062,185.97000122070312,132.7259063720703,154.7617950439453,2.490000009536743,80.93671417236328,773.7407836914062,351.99664306640625,557.1375122070312,122.8686294555664,278.0260314941406,22.58082389831543,300.9169311523437,35.90999984741211,48.650001525878906,565.510009765625,191.8886108398437,115.67925262451172,253.8500061035156,1017.9158935546876,152.7772216796875,53.732398986816406,608.3079223632812,919.4852294921876,90.81195068359376,24.959999084472656,87.39175415039062,500.1225891113281,236.71844482421875,88.62999725341797,213.5399932861328,33.70000076293945,169.93800354003906,165.12722778320312,186.62196350097656,47.42084884643555,128.01368713378906,8.09000015258789,198.61729431152344,101.63999938964844,48.130001068115234,215.49148559570312,204.7700042724609,24.524188995361328,172.13999938964844,171.8705291748047,692.2517700195312,35.09000015258789,23.14999961853028,256.9200134277344,393.9299926757813,666.5180053710938,261.2306823730469,169.3271484375,355.0400085449219,578.5416259765625,401.989990234375,279.9937438964844,160.36312866210938,11.59000015258789,15.479999542236328,163.50601196289062,434.5199890136719,170.84848022460938,156.91770935058594
2025-11-14,271.9048156738281,226.9931488037109,331.1099853515625,232.69532775878903,144.33999633789062,449.1600036621094,225.00714111328125,246.8099975585937,329.565673828125,234.69000244140625,131.3699951171875,23.64999961853028,139.77000427246094,1002.1577758789062,340.5514831542969,176.3613739013672,167.5500030517578,45.125221252441406,103.08999633789062,177.57347106933594,84.59529113769531,314.92999267578125,337.1556396484375,191.7100067138672,139.3300018310547,145.52000427246094,242.03575134277344,134.3874969482422,77.36000061035156,185.009994506836,132.5475311279297,154.83030700683594,2.4800000190734863,78.16094207763672,772.78662109375,350.32647705078125,577.2403564453125,122.69197845458984,275.8702087402344,22.48234748840332,301.7362365722656,35.52000045776367,46.369998931884766,549.510009765625,192.5569000244141,112.9508819580078,250.0,1021.8126831054688,147.735107421875,52.42854309082031,607.8790283203125,915.4066162109376,90.80217742919922,24.770000457763672,86.32331848144531,506.96923828125,246.5887908935547,83.54000091552734,210.6000061035156,32.7599983215332,170.08599853515625,164.17315673828125,189.92774963378903,46.55268478393555,127.38287353515624,8.170000076293945,194.55059814453125,97.56999969482422,46.91999816894531,220.7210388183593,205.25,23.83001708984375,174.00999450683594,171.35836791992188,690.7677001953125,36.41999816894531,22.450000762939453,257.0199890136719,389.8299865722656,666.4088745117188,256.9026794433594,169.70657348632812,360.9200134277344,577.1255493164062,404.3500061035156,282.5932312011719,157.4965057373047,11.59000015258789,15.550000190734863,170.8300323486328,437.1499938964844,173.96551513671875,157.586669921875
2025-11-17,266.9639892578125,228.5952606201172,325.07000732421875,227.7915802001953,141.38999938964844,460.5400085449219,227.69517517089844,240.5200042724609,334.4298095703125,232.8699951171875,127.26000213623048,22.934999465942383,140.25999450683594,1015.1154174804688,340.7404479980469,176.95518493652344,164.67999267578125,45.27999496459961,102.66999816894533,175.45225524902344,82.86864471435547,311.2900085449219,337.6921081542969,191.77999877929688,139.07000732421875,145.5800018310547,235.449951171875,132.44500732421875,75.33000183105469,180.259994506836,121.36978912353516,154.3604736328125,2.390000104904175,74.67625427246094,764.2379760742188,340.742919921875,575.9527587890625,121.779296875,284.4634094238281,20.90671157836914,293.326416015625,34.709999084472656,47.40999984741211,546.7100219726562,196.14405822753903,113.07855224609376,245.63999938964844,1018.2448120117188,146.93795776367188,50.68354034423828,600.4483032226562,892.3470458984375,90.74354553222656,24.76000022888184,83.32771301269531,504.296142578125,241.71356201171875,85.9800033569336,202.25,30.979999542236328,167.1580047607422,162.20535278320312,186.3623046875,46.74560928344727,127.66431427001952,7.920000076293945,188.0458221435547,95.36000061035156,46.02000045776367,217.75958251953125,202.8999938964844,23.849035263061523,171.25,164.23731994628906,701.5350952148438,34.099998474121094,21.059999465942383,252.7899932861328,390.239990234375,660.2003173828125,260.056640625,167.1804962158203,368.6499938964844,565.6071166992188,408.9200134277344,279.80517578125,153.20645141601562,11.220000267028809,14.960000038146973,166.51353454589844,434.0199890136719,174.2742156982422,162.19955444335938
2025-11-18,266.9440612792969,228.46826171875,324.4700012207031,227.9798126220703,139.52000427246094,462.2999877929688,224.12109375,230.2899932861328,336.6612243652344,222.5500030517578,123.4499969482422,22.84000015258789,136.0399932861328,999.2517700195312,338.6024169921875,177.25210571289062,168.8300018310547,45.521820068359375,102.52999877929688,175.18338012695312,83.13813018798828,303.2099914550781,338.3701171875,187.0,138.14999389648438,139.55999755859375,231.94346618652344,128.41749572753906,74.9000015258789,176.4600067138672,121.57788848876952,156.23983764648438,2.380000114440918,72.64933776855469,766.4906616210938,336.3090515136719,553.9035034179688,124.81175994873048,283.724853515625,20.58173561096192,286.1997985839844,34.33000183105469,48.84999847412109,546.77001953125,196.55682373046875,112.02027893066406,246.0800018310547,1026.5665283203125,142.73291015625,49.8698616027832,596.1395874023438,852.5052490234375,94.232177734375,24.920000076293945,78.56470489501953,490.6824035644531,228.2767028808593,90.54000091552734,196.52999877929688,31.809999465942383,163.593994140625,165.42538452148438,181.1289825439453,45.86780548095703,124.22886657714844,8.020000457763672,186.1506500244141,96.62999725341795,45.560001373291016,218.38357543945312,201.0,24.20087623596192,167.3300018310547,162.57278442382812,722.4822998046875,34.900001525878906,21.540000915527344,254.509994506836,383.8200073242188,654.65625,252.57473754882807,163.4662628173828,374.7999877929688,574.452880859375,401.25,275.7372436523437,155.50965881347656,11.449999809265137,15.050000190734863,164.7250213623047,435.5199890136719,173.69662475585938,152.62432861328125
2025-11-19,268.0619506835937,227.5304412841797,318.1099853515625,230.0304718017578,142.00999450683594,460.760009765625,234.0866851806641,223.5500030517578,335.1050720214844,222.69000244140625,124.80999755859376,23.09000015258789,136.99000549316406,1034.352783203125,352.4448547363281,176.14364624023438,167.92999267578125,44.29333114624024,101.43000030517578,179.3220977783203,86.0724105834961,306.760009765625,356.4477844238281,188.77999877929688,142.94000244140625,141.8800048828125,226.36094665527344,130.1475067138672,74.91999816894531,176.30999755859375,118.29788970947266,155.9265899658203,2.430000066757202,73.65780639648438,757.187744140625,343.6259155273437,594.2687377929688,125.68519592285156,292.2381896972656,20.286306381225582,284.79815673828125,35.11000061035156,45.83000183105469,564.6400146484375,199.02362060546875,116.44587707519533,264.2699890136719,1046.0504150390625,148.27320861816406,49.80123519897461,588.7886352539062,880.0513916015625,92.88363647460938,24.18000030517578,81.20083618164062,484.0543518066406,225.69921875,95.06999969482422,196.1999969482422,32.459999084472656,163.2899932861328,167.7609405517578,186.28240966796875,47.266510009765625,123.54954528808594,8.25,187.6016387939453,102.86000061035156,46.119998931884766,223.3754119873047,199.8999938964844,23.65885162353516,165.4199981689453,163.60696411132812,699.9812622070312,33.72999954223633,21.1299991607666,252.97999572753903,386.2999877929688,657.185302734375,257.8280334472656,167.9692840576172,390.510009765625,572.2189331054688,403.989990234375,280.1623840332031,155.2822723388672,11.979999542236328,15.489999771118164,170.51026916503906,421.0299987792969,178.39703369140625,153.7326202392578
2025-11-20,265.7562561035156,224.1503448486328,312.3999938964844,223.0958709716797,139.2899932861328,445.7900085449219,219.6825714111328,206.0200042724609,328.90997314453125,217.13999938964844,119.58999633789062,21.3700008392334,132.52999877929688,976.3419799804688,344.8872375488281,175.53004455566406,168.17999267578125,44.43842697143555,96.97000122070312,174.8043975830078,81.82069396972656,302.1400146484375,344.78155517578125,176.4499969482422,135.61000061035156,134.72999572753906,223.86767578125,125.32749938964844,69.20999908447266,159.57000732421875,116.3358383178711,154.2528076171875,2.319999933242798,68.69536590576172,745.0442504882812,326.2681884765625,556.9978637695312,122.66254425048828,288.884765625,19.715137481689453,286.6439514160156,33.619998931884766,43.470001220703125,552.22998046875,199.573974609375,109.96158599853516,241.3099975585937,1039.7618408203125,139.09580993652344,48.05623245239258,587.6217041015625,852.7340087890625,92.80545806884766,22.36000061035156,76.56763458251953,476.3088684082031,201.17320251464844,84.63999938964844,191.38999938964844,29.32999992370605,160.0919952392578,159.47227478027344,180.409896850586,45.91603469848633,120.68669128417967,7.670000076293945,181.8075714111328,88.0,44.900001525878906,208.6772003173828,185.07000732421875,23.20240974426269,155.7449951171875,157.18521118164062,735.0167236328125,31.559999465942383,18.700000762939453,244.6600036621093,385.6000061035156,647.1683349609375,239.2823638916016,155.6583709716797,369.1000061035156,571.1718139648438,395.2300109863281,275.3304443359375,151.5655517578125,11.050000190734863,13.210000038146973,159.47930908203125,422.3200073242188,173.06922912597656,140.01380920410156
2025-11-21,270.98651123046875,230.8225860595703,324.19000244140625,230.1493682861328,141.8000030517578,436.3800048828125,223.4531707763672,203.77999877929688,332.704833984375,220.69000244140625,117.43000030517578,21.09000015258789,131.57000732421875,961.9413452148438,338.3041076660156,180.12217712402344,175.3000030517578,44.73829650878906,95.58999633789062,169.34922790527344,79.28562927246094,300.5799865722656,337.1336975097656,178.25999450683594,139.50999450683594,133.49000549316406,225.59608459472656,122.6675033569336,71.6500015258789,157.5500030517578,121.3995132446289,153.8514862060547,2.2699999809265137,73.54798126220703,746.8949584960938,329.7675476074219,554.8119506835938,124.28182220458984,299.0748291015625,20.207523345947266,293.5929260253906,34.5,42.2599983215332,561.6099853515625,200.38967895507807,109.4299545288086,241.72999572753903,1056.1162109375,142.1449737548828,49.89927291870117,592.70849609375,867.815185546875,95.53186798095705,23.71999931335449,77.33650970458984,470.0268249511719,207.16734313964844,83.26000213623047,186.3800048828125,29.790000915527344,162.68600463867188,158.2200164794922,178.6521453857422,45.94497680664063,123.54954528808594,7.559999942779541,188.87496948242188,88.16999816894531,46.70000076293945,196.86114501953125,182.8999938964844,23.810998916625977,154.85000610351562,160.8393096923828,753.8659057617188,32.189998626708984,18.600000381469727,234.02999877929688,388.3599853515625,653.6149291992188,236.28761291503903,158.66372680664062,365.9599914550781,585.8715209960938,391.0899963378906,272.9095153808594,157.56570434570312,10.899999618530272,12.779999732971191,159.6991424560547,426.760009765625,167.89080810546875,138.97540283203125
2025-11-24,275.4083251953125,224.2089385986328,318.7300109863281,237.16319274902344,147.75,434.2300109863281,230.3360290527344,215.0500030517578,329.51123046875,226.27999877929688,122.16999816894533,23.790000915527344,134.7100067138672,983.0895385742188,375.8536682128906,181.15142822265625,176.82000732421875,46.19893646240234,96.54000091552734,174.14617919921875,83.17803955078125,304.4700012207031,353.08251953125,194.6999969482422,151.80999755859375,150.85000610351562,225.3080291748047,126.70500183105467,73.5999984741211,158.44000244140625,126.06682586669922,155.64273071289062,2.319999933242798,73.87747192382812,752.773681640625,328.4950561523437,579.4163208007812,122.93732452392578,317.9578552246094,20.768844604492188,300.1865234375,35.790000915527344,48.4900016784668,568.47998046875,202.502670288086,113.38076782226562,249.83999633789065,1066.541015625,149.84762573242188,50.695560455322266,611.459716796875,888.3280639648438,98.1116943359375,24.14999961853028,83.66722106933594,471.8985290527344,223.711166381836,91.9000015258789,193.9900054931641,30.290000915527344,163.16799926757812,165.82293701171875,182.3174743652344,43.37908172607422,122.8022918701172,8.029999732971191,189.0822296142578,89.55000305175781,47.38999938964844,198.3666381835937,183.88999938964844,23.98216438293457,162.25,162.57278442382812,759.4009399414062,33.31999969482422,19.940000534057617,241.9900054931641,404.6300048828125,663.235107421875,252.0971527099609,165.83799743652344,380.489990234375,584.4653930664062,417.7799987792969,282.4146423339844,159.404296875,12.09000015258789,13.970000267028809,168.77171325683594,424.0,174.41363525390625,150.69729614257812
2025-11-25,276.4563903808594,226.4460601806641,319.54998779296875,249.665283203125,144.77999877929688,429.7999877929688,241.85731506347656,206.1300048828125,336.2236633300781,229.6699981689453,125.04000091552734,23.739999771118164,131.44000244140625,998.415771484375,382.88427734375,184.55593872070312,181.9600067138672,47.44677734375,99.70999908447266,174.78445434570312,87.18025207519531,303.6600036621094,350.57977294921875,196.2400054931641,148.85000610351562,154.17999267578125,232.5593414306641,128.0850067138672,71.29000091552734,158.99000549316406,124.7786102294922,154.03746032714844,2.470000028610229,73.60787963867188,740.4323120117188,334.6786193847656,571.5009765625,124.7528839111328,322.8083801269531,21.03473281860352,300.5418701171875,35.83000183105469,47.470001220703125,578.8699951171875,204.401611328125,114.29441833496094,248.97999572753903,1106.186279296875,151.39212036132812,51.269287109375,634.5695190429688,903.88671875,103.25181579589844,24.75,83.30774688720703,474.8752136230469,224.31057739257807,88.87999725341797,197.4900054931641,30.26000022888184,165.06199645996094,162.8016357421875,177.59349060058594,45.3951416015625,126.41240692138672,8.3100004196167,188.5492401123047,85.7699966430664,48.310001373291016,195.14767456054688,186.2700042724609,24.45762252807617,163.5500030517578,160.8393096923828,785.2012939453125,32.47999954223633,18.729999542236328,250.32000732421875,401.6099853515625,669.4735107421875,260.5640563964844,167.53663635253906,378.989990234375,596.1433715820312,419.3999938964844,282.4543151855469,159.90843200683594,12.100000381469728,14.5,169.49440002441406,429.8200073242188,170.1314697265625,155.17041015625
2025-11-26,277.0352783203125,222.4016876220703,317.5199890136719,255.5101776123047,154.22000122070312,445.1199951171875,249.34864807128903,214.2400054931641,339.63409423828125,229.1600036621093,127.6500015258789,24.940000534057617,132.61000061035156,1035.9849853515625,395.3543701171875,184.7142944335937,181.94000244140625,47.64023971557617,102.6999969482422,177.69651794433594,88.63741302490234,306.3500061035156,358.0531311035156,200.2899932861328,154.0,164.00999450683594,226.629135131836,125.38500213623048,74.29000091552734,158.39999389648438,132.05206298828125,155.5448760986328,2.559999942779541,74.96581268310547,742.6689453125,339.68914794921875,588.629150390625,125.13561248779295,319.3252258300781,21.2021427154541,299.28826904296875,36.810001373291016,48.45000076293945,574.22998046875,205.2818298339844,115.6090316772461,254.22000122070312,1100.6053466796875,154.5907745361328,52.001277923583984,631.9663696289062,920.1417846679688,102.24527740478516,25.01000022888184,87.59146118164062,483.3475036621094,230.03497314453125,94.69000244140624,196.9900054931641,30.84000015258789,160.54400634765625,167.5025177001953,180.03038024902344,46.98676681518555,126.58709716796876,8.619999885559082,191.25379943847656,88.72000122070312,49.63999938964844,203.0019378662109,185.3500061035156,24.4481143951416,165.77000427246094,162.6515655517578,782.49853515625,32.83000183105469,19.040000915527344,248.6600036621093,409.6799926757813,674.09521484375,270.9014892578125,179.2373504638672,392.4200134277344,591.6256713867188,426.5799865722656,287.6929931640625,163.44723510742188,12.079999923706056,14.359999656677246,171.94329833984375,432.1700134277344,176.06675720214844,157.496826171875
2025-11-28,278.3328857421875,222.4407653808593,320.1300048828125,262.8608093261719,157.57000732421875,451.2300109863281,251.6229858398437,217.52999877929688,340.5113525390625,233.22000122070312,130.67999267578125,27.100000381469727,135.55999755859375,1054.923828125,400.7143249511719,183.5266876220703,182.08999633789065,47.59187698364258,103.1500015258789,178.39463806152344,88.33800506591797,311.8399963378906,363.3079223632813,204.2100067138672,164.25999450683594,177.60000610351562,229.00320434570312,127.29000091552734,73.12000274658203,160.00999450683594,132.14126586914062,156.72923278808594,2.559999942779541,77.02267456054688,745.5391235351562,343.86456298828125,598.66064453125,123.49671173095705,319.55474853515625,21.53696632385254,304.5888366699219,40.560001373291016,47.810001373291016,573.47998046875,204.6488647460937,117.24481201171876,259.29998779296875,1071.8328857421875,155.4477081298828,53.0003547668457,646.2691650390625,923.3450317382812,102.44072723388672,25.979999542236328,89.26900482177734,489.8286743164063,236.24891662597656,94.87000274658205,200.2100067138672,32.70000076293945,162.48199462890625,168.44668579101562,176.7745361328125,47.6041259765625,126.54827117919922,8.960000038146973,192.4185333251953,91.37999725341795,50.2400016784668,200.02069091796875,190.1300048828125,24.476640701293945,168.4499969482422,165.55712890625,778.0904541015625,33.849998474121094,20.0,251.2400054931641,418.010009765625,677.7747192382812,275.28912353515625,181.745346069336,394.2699890136719,589.2123413085938,430.1700134277344,289.2308959960937,166.33363342285156,12.270000457763672,14.399999618530272,179.64984130859375,433.6099853515625,178.1182098388672,163.07818603515625
2025-12-01,282.57501220703125,219.9105834960937,322.8500061035156,264.0198974609375,165.19000244140625,454.55999755859375,254.1167755126953,219.759994506836,332.655517578125,233.8800048828125,128.11000061035156,28.209999084472656,135.00999450683594,1082.77978515625,383.9284057617188,179.1720733642578,177.77999877929688,47.57252883911133,97.38999938964844,174.45533752441406,87.52999877929688,309.6199951171875,358.0132141113281,200.9199981689453,163.5,171.1300048828125,231.27793884277344,126.03250122070312,77.05999755859375,157.89999389648438,130.89268493652344,153.07821655273438,2.5199999809265137,76.17396545410156,725.7157592773438,337.720703125,575.8330078125,122.01483154296876,314.2751159667969,21.605899810791016,301.7164611816406,40.0099983215332,48.4900016784668,567.3699951171875,203.0861968994141,115.42051696777344,251.3600006103516,1054.3123779296875,154.24200439453125,52.85197448730469,639.20751953125,923.5241088867188,99.50910949707033,24.15999984741211,90.96651458740234,484.5820007324219,240.2250213623047,100.1500015258789,197.1999969482422,31.530000686645508,164.41400146484375,164.6402587890625,179.69082641601562,46.7166748046875,125.1605224609375,8.869999885559082,196.90966796875,87.36000061035156,50.43000030517578,199.0203399658203,187.72999572753903,24.02971076965332,167.49000549316406,165.50787353515625,748.0913696289062,33.40999984741211,18.07999992370605,252.0,438.2900085449219,674.6802978515625,268.7325134277344,179.4871368408203,379.989990234375,583.5479125976562,430.1400146484375,285.4308776855469,166.2248992919922,11.760000228881836,14.06999969482422,179.14007568359375,425.6000061035156,172.9198455810547,163.28785705566406
2025-12-02,285.6592712402344,219.18768310546875,322.8099975585937,270.4195556640625,142.94000244140625,464.9299926757813,264.6704406738281,215.2400054931641,333.5130615234375,234.4199981689453,127.22000122070312,28.049999237060547,136.47999572753906,1103.4703369140625,379.4435729980469,178.4792938232422,180.17999267578125,46.67292022705078,96.11000061035156,175.72189331054688,88.2300033569336,317.94000244140625,362.6199340820313,202.5,164.88999938964844,188.44000244140625,233.1454315185547,129.1374969482422,76.02999877929688,156.47999572753906,134.71768188476562,153.18589782714844,2.5899999141693115,79.69860076904297,719.8765869140625,331.15936279296875,600.46728515625,121.60265350341795,315.1932983398437,21.5862045288086,297.8768005371094,43.470001220703125,41.119998931884766,567.719970703125,203.1653289794922,118.68011474609376,265.5799865722656,1042.5821533203125,157.62997436523438,56.09648895263672,645.4213256835938,947.230224609375,98.72733306884766,24.059999465942383,92.7538833618164,487.82757568359375,239.25596618652344,96.4499969482422,201.259994506836,32.900001525878906,164.87600708007812,163.06997680664062,181.2288513183593,45.752052307128906,128.37274169921875,9.050000190734863,212.5645294189453,91.83999633789062,51.47999954223633,199.17881774902344,189.8800048828125,23.915599822998047,170.69000244140625,168.12779235839844,740.0032958984375,32.91999816894531,18.90999984741211,259.67999267578125,449.3500061035156,675.9300537109375,265.51885986328125,189.78892517089844,367.9599914550781,578.781005859375,429.239990234375,289.8063659667969,173.24317932128906,12.029999732971191,15.050000190734863,180.829330444336,433.1499938964844,171.8343963623047,159.74334716796875
2025-12-03,283.623046875,224.922103881836,326.7799987792969,275.6402893066406,152.5,473.2900085449219,267.9622497558594,217.6000061035156,340.4719543457031,232.3800048828125,127.8000030517578,29.36000061035156,139.19000244140625,1135.4564208984375,378.4888610839844,179.82525634765625,180.75,49.29434585571289,96.7300033569336,174.23594665527344,89.44999694824219,336.1099853515625,360.21685791015625,193.3500061035156,170.9600067138672,189.19000244140625,237.1286773681641,131.04249572753906,79.36000061035156,155.8300018310547,132.41871643066406,156.30833435058594,2.700000047683716,86.13878631591797,725.1614990234375,333.60498046875,600.8565063476562,122.67235565185548,319.0058288574219,21.9210262298584,298.7059326171875,43.7599983215332,43.959999084472656,569.7100219726562,203.0763092041016,120.86349487304688,268.1000061035156,1030.064697265625,159.44650268554688,62.92184448242188,637.9407958984375,953.0399169921876,99.9390640258789,25.18000030517578,100.05316925048828,475.6119689941406,233.93118286132807,98.91999816894533,204.3500061035156,33.88999938964844,166.5800018310547,165.74343872070312,179.36123657226562,45.8870964050293,129.7702178955078,9.3100004196167,224.61659240722656,96.58999633789062,57.150001525878906,205.7454528808593,193.6300048828125,24.314985275268555,176.0800018310547,172.43194580078125,721.7225341796875,33.68000030517578,20.13999938964844,265.0,466.4400024414063,678.2706298828125,257.3603820800781,194.9248504638672,365.4599914550781,578.8607788085938,446.739990234375,293.14013671875,180.4987335205078,12.949999809265137,15.100000381469728,178.8002471923828,463.1300048828125,170.9381103515625,155.35012817382812
2025-12-04,280.179443359375,223.4274444580078,328.7300109863281,274.6694641113281,152.50999450683594,465.3399963378906,268.7702331542969,215.97999572753903,335.2872619628906,229.1100006103516,128.5500030517578,31.13999938964844,140.49000549316406,1104.7640380859375,378.9065551757813,178.20217895507812,181.97999572753903,50.251991271972656,96.0,177.84613037109375,94.08999633789062,337.29998779296875,367.55560302734375,195.72999572753903,177.35000610351562,180.9199981689453,245.8104248046875,128.27999877929688,85.75,153.0,137.73013305664062,157.6101837158203,2.8399999141693115,88.00594329833984,718.5999145507812,336.9452819824219,627.9463500976562,120.33667755126952,316.9997253417969,22.5512809753418,304.0064392089844,40.5,46.45000076293945,568.6300048828125,200.25759887695312,120.49742889404295,278.6300048828125,1011.0591430664062,156.79156494140625,64.01983642578125,659.8140258789062,947.787353515625,98.5905303955078,25.489999771118164,98.04612731933594,478.7081604003906,226.4285125732422,102.8000030517578,204.1499938964844,36.56999969482422,167.7740020751953,168.31747436523438,183.1566162109375,46.292240142822266,128.518310546875,9.899999618530272,223.2346954345703,111.6500015258789,54.790000915527344,212.2824249267578,195.67999267578125,24.4386043548584,177.9199981689453,172.60025024414062,720.8549194335938,34.22999954223633,22.850000381469727,234.7700042724609,463.739990234375,678.7664794921875,264.2851257324219,198.47203063964844,367.9299926757813,573.6650390625,454.5299987792969,290.63983154296875,178.04727172851562,14.18000030517578,16.31999969482422,182.45860290527344,457.3599853515625,175.3397979736328,160.8810272216797
2025-12-05,278.26300048828125,220.8581695556641,346.260009765625,278.66180419921875,161.22999572753906,458.1199951171875,267.3338317871094,217.97000122070312,325.1644287109375,229.52999877929688,128.58999633789062,31.21999931335449,141.30999755859375,1094.2047119140625,388.0652160644531,178.4990997314453,181.3000030517578,50.44545364379883,96.25,177.38735961914062,91.2699966430664,337.5299987792969,358.7810363769531,201.7100067138672,181.7899932861328,176.0399932861328,258.8330383300781,128.00750732421875,88.30000305175781,151.41000366210938,137.65084838867188,161.2416229248047,2.740000009536743,89.01441955566406,733.9301147460938,335.6827392578125,630.15234375,118.9627456665039,320.6426086425781,22.9747314453125,303.9571228027344,41.40999984741211,44.709999084472656,575.3400268554688,199.713623046875,121.1337890625,266.2300109863281,1006.8932495117188,158.3985137939453,65.0980453491211,671.673095703125,958.2725830078124,97.44719696044922,27.700000762939453,98.76506805419922,481.0178833007813,236.98817443847656,98.04000091552734,200.9499969482422,35.7599983215332,170.8719940185547,161.9966278076172,182.1877899169922,46.166839599609375,128.2563018798828,9.40999984741211,225.0015563964844,104.66999816894533,54.7400016784668,215.50135803222656,198.83999633789065,24.75240898132324,181.759994506836,173.0556182861328,716.4268188476562,34.689998626708984,21.38999938964844,228.7899932861328,466.760009765625,680.0557861328125,277.3785095214844,200.6103363037109,354.239990234375,571.2018432617188,455.0,292.41583251953125,180.4394073486328,13.760000228881836,15.609999656677246,188.9357147216797,455.4800109863281,166.4766845703125,168.76519775390625
2025-12-08,277.3746643066406,217.966537475586,339.1199951171875,277.4986267089844,175.74000549316406,430.0199890136719,267.4934387207031,221.1100006103516,316.62847900390625,226.88999938964844,129.11000061035156,32.11000061035156,139.77999877929688,1114.3280029296875,398.8647155761719,180.6763916015625,180.44000244140625,49.98113632202149,97.27999877929688,178.26498413085938,90.9000015258789,337.2900085449219,356.6372375488281,212.92999267578125,185.8600006103516,178.94000244140625,257.79998779296875,128.79750061035156,86.23999786376953,154.27999877929688,139.13726806640625,160.31173706054688,2.7300000190734863,88.96448516845703,732.297119140625,341.37921142578125,620.7496948242188,118.9333038330078,313.3121643066406,23.49666404724121,305.1810607910156,40.29999923706055,46.34000015258789,566.8900146484375,199.4070281982422,122.14418029785156,268.5,994.2163696289062,162.4308319091797,66.62138366699219,665.0702514648438,978.4669799804688,96.67520141601562,27.96999931335449,91.86519622802734,488.8430480957031,246.6787109375,100.33000183105467,205.8600006103516,35.77000045776367,170.70399475097656,163.09979248046875,185.323974609375,45.11539840698242,126.3250732421875,9.350000381469728,226.0478363037109,104.61000061035156,56.380001068115234,218.4330902099609,195.3500061035156,24.50516891479492,181.4900054931641,173.5506134033203,701.3674926757812,35.369998931884766,21.559999465942383,225.3099975585937,465.75,678.0127563476562,283.96502685546875,202.8285675048828,353.3800048828125,566.6542358398438,439.5799865722656,299.5099182128906,178.8578338623047,13.649999618530272,15.489999771118164,185.52723693847656,442.0400085449219,165.43104553222656,169.654541015625
2025-12-09,276.6659545898437,217.8395538330078,344.32000732421875,274.6255187988281,167.0800018310547,415.2099914550781,266.4759826660156,221.6199951171875,309.35418701171875,227.9199981689453,130.0399932861328,32.77000045776367,141.92999267578125,1106.117431640625,404.0257873535156,177.78651428222656,175.83999633789062,48.99448013305664,95.8499984741211,176.67929077148438,93.36000061035156,335.07000732421875,358.1129455566406,214.3500061035156,192.72999572753903,170.2899932861328,259.2799987792969,129.4949951171875,90.66000366210938,152.57000732421875,136.9671173095703,159.31332397460938,2.740000009536743,92.4491729736328,733.0294799804688,339.7587280273437,624.1433715820312,117.13738250732422,316.66778564453125,24.392805099487305,306.4642639160156,40.5,46.84000015258789,558.1300048828125,197.7652587890625,122.24591827392578,264.69000244140625,978.8982543945312,165.4949951171875,66.12679290771484,655.255859375,957.9442749023438,94.68169403076172,28.239999771118164,88.76973724365234,489.8385925292969,252.1733245849609,96.41000366210938,208.92999267578125,36.18999862670898,170.98199462890625,165.7235565185547,184.7446746826172,44.71990585327149,127.1402587890625,9.40999984741211,225.10025024414065,103.93000030517578,55.22999954223633,219.41363525390625,195.0,24.08676528930664,181.83999633789065,174.2336883544922,690.7162475585938,35.02000045776367,21.31999969482422,222.6000061035156,465.8500061035156,677.4275512695312,281.4278869628906,199.8109588623047,348.3800048828125,561.5283813476562,445.1700134277344,301.03790283203125,177.4541778564453,13.960000038146973,15.399999618530272,178.3004608154297,437.010009765625,164.12648010253906,169.4147186279297
2025-12-10,278.26300048828125,219.9789581298828,343.1300048828125,279.92437744140625,164.31500244140625,404.4599914550781,274.4660339355469,221.4199981689453,310.8622436523437,231.77999877929688,132.36000061035156,30.989999771118164,141.52000427246094,1113.9598388671875,410.6685485839844,181.13165283203125,177.5500030517578,49.536170959472656,95.73500061035156,179.16253662109375,93.76000213623048,338.0599975585937,361.0245361328125,221.8500061035156,197.4499969482422,157.97999572753906,262.4388122558594,129.88499450683594,88.16000366210938,151.1999969482422,139.35525512695312,156.13214111328125,2.690000057220459,94.58592987060548,726.8241577148438,351.3802795410156,721.6626586914062,119.08050537109376,319.7937316894531,24.87534141540528,308.6259460449219,40.77999877929688,43.91999816894531,555.9199829101562,204.2730255126953,123.57250213623048,264.5799865722656,990.2796630859376,167.94033813476562,67.16543579101562,648.4434814453125,973.9307250976562,95.3950653076172,29.030000686645508,92.33451080322266,476.4382629394531,263.4522705078125,93.58999633789062,213.4600067138672,36.459999084472656,170.71200561523438,167.12486267089844,183.55612182617188,47.31473922729492,127.31494903564452,9.31999969482422,228.8123321533203,100.5999984741211,55.09999847412109,220.8794860839844,192.9600067138672,24.514678955078125,187.9100036621093,180.38136291503903,724.2557373046875,34.900001525878906,20.31999969482422,216.5500030517578,475.8299865722656,681.92041015625,297.4065856933594,203.8477325439453,358.5,572.2389526367188,451.4500122070313,307.7152709960937,179.5794219970703,12.920000076293944,14.859999656677246,181.7389373779297,444.6400146484375,164.4849853515625,181.8155517578125
2025-12-11,277.514404296875,218.8066864013672,350.42999267578125,281.7337646484375,173.6999969482422,412.6300048828125,269.4385681152344,221.42999267578125,312.8336181640625,230.27999877929688,134.38999938964844,30.76000022888184,136.13999938964844,1117.4630126953125,404.1053466796875,178.71682739257812,172.5,49.5265007019043,96.0,182.8824157714844,95.73999786376952,335.42999267578125,377.5068054199219,242.3699951171875,198.5,154.47000122070312,260.6011657714844,129.41250610351562,87.37999725341797,149.89999389648438,137.3436737060547,155.45677185058594,2.759999990463257,95.84400939941406,746.3506469726562,348.308349609375,702.8974609375,120.91568756103516,312.0238647460937,24.166309356689453,306.72088623046875,39.5099983215332,43.93999862670898,547.3599853515625,207.70494079589844,124.2976303100586,273.1099853515625,1005.9664306640624,168.38949584960938,68.3425521850586,651.0167846679688,976.3779296875,96.75337982177734,29.6299991607666,89.29895782470703,481.3265075683594,258.2074279785156,94.27999877929688,207.9499969482422,38.86000061035156,173.4980010986328,169.589599609375,180.70957946777344,48.51087188720703,128.45037841796875,9.43000030517578,229.85337829589844,103.0,55.970001220703125,196.9503173828125,190.3600006103516,24.5336971282959,187.5399932861328,179.45079040527344,744.790283203125,34.02000045776367,21.21999931335449,220.509994506836,477.260009765625,683.5072021484375,306.2913818359375,203.80776977539065,368.8200073242188,577.3150024414062,446.8900146484375,303.2831726074219,179.5794219970703,14.149999618530272,15.81999969482422,178.58033752441406,445.9299926757813,173.87588500976562,187.06167602539065
2025-12-12,277.7639465332031,218.16192626953125,356.42999267578125,277.6875305175781,148.85000610351562,397.5499877929688,258.565673828125,210.77999877929688,313.1884460449219,226.19000244140625,124.76000213623048,27.86000061035156,130.88999938964844,1075.674072265625,357.92413330078125,177.8063201904297,174.10000610351562,50.69695281982422,94.80999755859376,174.55506896972656,91.48999786376952,323.2200012207031,350.9636535644531,218.44000244140625,178.33999633789062,143.91000366210938,260.48199462890625,126.19499969482422,78.58999633789062,146.0,128.8018035888672,150.37667846679688,2.609999895095825,92.40924835205078,742.5798950195312,330.0360107421875,670.4675903320312,118.15801239013672,308.887939453125,23.50650978088379,305.24029541015625,37.810001373291016,40.130001068115234,542.3200073242188,209.2577209472656,119.08506774902344,249.009994506836,1024.03515625,160.21505737304688,66.4532241821289,642.558837890625,941.5897216796876,98.01397705078124,29.459999084472656,84.30628967285156,476.4084167480469,240.90435791015625,87.69000244140625,202.44000244140625,35.40999984741211,173.01199340820312,160.4462432861328,174.80679321289062,48.404762268066406,128.65419006347656,8.90999984741211,226.2146759033203,87.41999816894531,54.959999084472656,188.1551208496093,191.69000244140625,24.58124351501465,183.57000732421875,176.50070190429688,739.295166015625,32.33000183105469,18.34000015258789,217.92999267578125,452.9500122070313,676.1581420898438,286.1837463378906,193.21620178222656,356.3599853515625,570.7131958007812,458.9599914550781,290.5390319824219,177.35531616210938,12.920000076293944,14.56999969482422,161.19808959960938,452.0400085449219,169.39454650878906,176.20968627929688
2025-12-15,273.6016540527344,222.1965484619141,351.1499938964844,278.8009948730469,143.66000366210938,391.5,260.6205444335937,207.5800018310547,320.6500244140625,222.5399932861328,125.88999938964844,22.979999542236328,124.37000274658205,1082.610595703125,337.916259765625,181.2306060791016,175.74000549316406,52.5155029296875,93.80999755859376,173.89686584472656,89.77999877929688,318.42999267578125,356.1087646484375,216.17999267578125,178.4499969482422,142.02000427246094,252.88296508789065,121.86750030517578,72.3499984741211,142.0500030517578,129.32701110839844,150.8502655029297,2.539999961853028,89.78324127197266,753.5357666015625,331.2587585449219,680.0897216796875,118.3259506225586,307.8193359375,23.683767318725582,304.6678161621094,37.5099983215332,35.47999954223633,559.52001953125,211.8192749023437,122.19606018066406,228.7400054931641,1058.5977783203125,163.9878692626953,66.4532241821289,646.3570556640625,944.4647216796876,98.8122787475586,29.920000076293945,84.13653564453125,472.7148742675781,237.2679138183593,81.13999938964844,196.6999969482422,31.350000381469727,153.0399932861328,159.0051727294922,176.0752410888672,48.58803939819336,131.19679260253906,8.600000381469727,229.85337829589844,82.33000183105469,55.09000015258789,183.15338134765625,185.8800048828125,25.132776260375977,183.25,177.46096801757812,750.5946655273438,31.3700008392334,17.40999984741211,215.27999877929688,454.6700134277344,675.1365356445312,284.1341247558594,194.545150756836,357.94000244140625,574.7650146484375,475.30999755859375,286.2611083984375,175.9219970703125,12.40999984741211,14.020000457763672,161.6678924560547,455.7099914550781,167.55221557617188,171.91287231445312
2025-12-16,274.1007385253906,218.5038299560547,347.8900146484375,276.7728881835937,144.94000244140625,391.1700134277344,258.19659423828125,209.1699981689453,322.0595092773437,222.5599975585937,126.12999725341795,24.239999771118164,121.0999984741211,1070.8970947265625,339.39794921875,180.81494140625,171.5,52.457462310791016,92.2300033569336,172.7300262451172,87.05000305175781,319.5299987792969,364.5692443847656,209.83999633789065,175.1999969482422,140.33999633789062,253.21075439453125,122.13249969482422,69.5,140.0500030517578,132.53762817382812,148.2751007080078,2.5999999046325684,87.82621765136719,750.3291625976562,327.9979858398437,684.95068359375,117.33808135986328,306.1714782714844,23.929962158203125,299.2586669921875,37.310001373291016,36.59000015258789,554.5800170898438,207.0027313232422,122.02249908447266,235.82000732421875,1050.724609375,162.9498291015625,65.18707275390625,655.9799194335938,946.41455078125,96.85100555419922,29.88999938964844,83.94680786132812,474.2779235839844,232.2827911376953,80.94999694824219,197.52999877929688,32.310001373291016,156.2239990234375,159.16416931152344,177.50350952148438,47.22792053222656,131.04151916503906,8.4399995803833,227.79112243652344,83.51000213623047,54.560001373291016,186.8477325439453,187.08999633789065,24.276948928833008,187.75,174.35247802734375,744.3515014648438,31.65999984741211,17.1200008392334,220.6000061035156,463.3399963378906,673.2918701171875,286.6712341308594,192.1370544433593,376.7699890136719,569.0264282226562,489.8800048828125,285.39556884765625,175.5167236328125,12.140000343322754,14.079999923706056,160.58836364746094,454.9599914550781,172.7306365966797,174.4510040283203
2025-12-17,271.3358764648437,219.1290435791016,354.6600036621094,269.4559020996094,140.24000549316406,392.1000061035156,247.6528778076172,198.1100006103516,321.3399963378906,221.2700042724609,122.36000061035156,22.0,114.58000183105467,1010.5673217773438,324.2030944824219,177.86569213867188,172.10000610351562,51.79969024658203,91.5999984741211,167.663818359375,84.8499984741211,313.0199890136719,339.9854431152344,203.8999938964844,170.44000244140625,134.1300048828125,256.41925048828125,117.50499725341795,64.55000305175781,136.7100067138672,126.73075103759766,146.41030883789062,2.4800000190734863,84.90068054199219,740.1651000976562,313.9706420898437,613.053955078125,119.8867645263672,296.3342590332031,23.654226303100582,299.3968811035156,36.04999923706055,33.779998779296875,556.8599853515625,208.0214233398437,116.90071105957033,221.08999633789065,1038.266845703125,154.68556213378906,63.297733306884766,648.343505859375,907.5078125,97.74787902832033,30.51000022888184,81.58027648925781,474.0090942382813,225.29962158203125,75.44999694824219,191.42999267578125,29.989999771118164,156.47799682617188,148.55984497070312,170.7317657470703,46.08002471923828,131.04151916503906,8.199999809265137,221.32669067382807,75.94000244140625,53.33000183105469,176.75511169433594,183.44000244140625,23.810998916625977,177.2899932861328,170.61041259765625,747.7722778320312,29.84000015258789,15.729999542236328,216.2899932861328,453.0700073242188,665.8832397460938,276.2442626953125,185.0626983642578,351.9599914550781,561.4415893554688,467.260009765625,275.5364990234375,172.4820556640625,11.520000457763672,13.470000267028809,149.76319885253906,449.5199890136719,159.30654907226562,166.1371307373047
2025-12-18,271.68524169921875,217.67349243164065,355.8099975585937,273.3132629394531,145.8800048828125,396.0400085449219,252.869873046875,201.0599975585937,319.77276611328125,226.759994506836,124.62000274658205,23.89999961853028,113.51000213623048,1031.347412109375,328.0416259765625,179.3502197265625,169.91000366210938,51.58688354492188,91.45999908447266,170.28668212890625,87.58000183105469,315.1000061035156,360.0074768066406,210.7100067138672,175.7100067138672,138.57000732421875,256.54461669921875,119.31500244140624,67.68000030517578,138.2899932861328,121.82562255859376,145.95643615722656,2.569999933242798,84.4214096069336,736.4043579101562,314.0998840332031,638.247314453125,119.99542999267578,302.0668029785156,23.555747985839844,296.5639953613281,36.27999877929688,35.79999923706055,561.8900146484375,206.02359008789065,121.92475128173828,229.67999267578125,1053.3057861328125,164.38710021972656,63.366973876953125,663.266845703125,924.6482543945312,99.23607635498048,30.950000762939453,84.34622192382812,481.8342590332031,248.3071136474609,78.08999633789062,193.8300018310547,30.229999542236328,153.3800048828125,153.68809509277344,173.9278564453125,45.92568206787109,131.27442932128906,8.5,220.1865081787109,77.72000122070312,54.34000015258789,178.3101043701172,185.8800048828125,23.810998916625977,185.69000244140625,172.44186401367188,746.6952514648438,29.3700008392334,15.789999961853027,221.3099975585937,458.1300048828125,670.9114990234375,290.5216369628906,190.29852294921875,371.7200012207031,561.27197265625,483.3699951171875,283.2168273925781,174.16249084472656,11.93000030517578,13.979999542236328,154.32115173339844,447.3800048828125,165.4808349609375,174.88067626953125
2025-12-19,273.1625061035156,221.58108520507807,355.8599853515625,272.8360595703125,164.39999389648438,400.2300109863281,255.77264404296875,213.42999267578125,322.6903686523437,227.3500061035156,131.1199951171875,27.850000381469727,114.02999877929688,1050.962890625,338.46319580078125,180.83474731445312,174.8000030517578,52.41876983642578,92.5,175.95126342773438,89.98999786376953,314.9100036621094,354.3737487792969,230.33999633789065,185.8300018310547,150.1300048828125,258.5941772460937,120.31999969482422,83.0,140.38999938964844,125.2740707397461,147.9889678955078,2.740000009536743,83.9321517944336,750.6854858398438,315.9389953613281,657.0624389648438,122.7812042236328,306.7607116699219,24.202672958374023,297.0871276855469,36.81999969482422,39.91999816894531,572.469970703125,204.1049041748047,124.24677276611328,261.7699890136719,1067.8165283203125,171.94273376464844,64.2077865600586,657.5969848632812,932.2385864257812,99.63028717041016,33.79999923706055,83.96678161621094,483.7656555175781,265.66015625,89.45999908447266,195.67999267578125,33.029998779296875,155.30999755859375,155.23849487304688,180.7695159912109,46.388702392578125,132.0410919189453,9.130000114440918,224.34078979492188,83.2300033569336,55.209999084472656,190.1360321044922,186.8800048828125,23.953638076782227,193.3800048828125,173.4912109375,765.8934326171875,31.11000061035156,16.06999969482422,222.4600067138672,463.7300109863281,676.9923095703125,294.85955810546875,195.02476501464844,372.25,566.701171875,481.2000122070313,287.46490478515625,174.26132202148438,12.390000343322754,15.06999969482422,159.74874877929688,456.2000122070313,162.35386657714844,180.9461975097656
2025-12-22,270.4674987792969,222.6459045410156,357.5299987792969,274.2079772949219,172.6199951171875,407.7300109863281,258.3661804199219,214.9499969482422,326.6429138183594,228.42999267578125,130.72999572753906,27.780000686645508,113.29000091552734,1051.9183349609375,340.19683837890625,181.21083068847656,174.6999969482422,52.87340927124024,92.16999816894533,177.9259033203125,91.70999908447266,317.57000732421875,356.7768249511719,236.75,190.97999572753903,149.94000244140625,263.290283203125,120.78500366210938,84.83000183105469,141.83999633789062,125.46234893798828,151.46200561523438,2.7699999809265137,84.99054718017578,750.1015014648438,318.51385498046875,660.5858764648438,122.65277862548828,309.3773193359375,24.47016143798828,298.87371826171875,36.369998931884766,42.040000915527344,579.8300170898438,205.04446411132807,126.24063110351562,261.1600036621094,1072.8394775390625,174.9270477294922,65.52339172363281,660.3221435546875,940.2467041015624,103.20787811279295,34.900001525878906,84.67574310302734,482.7701110839844,276.3197021484375,93.2300033569336,202.0599975585937,32.97999954223633,156.67999267578125,155.9938201904297,183.4662322998047,46.398345947265625,132.82716369628906,9.149999618530272,226.988021850586,83.44000244140625,56.369998931884766,196.4848022460937,189.4900054931641,23.97265243530273,193.97999572753903,172.47154235839844,777.2627563476562,31.06999969482422,16.43000030517578,226.83999633789065,481.239990234375,681.2098999023438,281.4179382324219,197.06314086914065,378.8500061035156,574.5554809570312,488.7300109863281,291.7726135253906,176.76223754882812,12.479999542236328,15.09000015258789,166.17587280273438,460.30999755859375,161.124267578125,176.62937927246094
2025-12-23,271.8549194335937,223.50558471679688,352.4200134277344,275.1126708984375,168.8300018310547,398.7000122070313,259.5831604003906,214.8999938964844,326.7414855957031,232.13999938964844,131.32000732421875,26.07999992370605,112.0199966430664,1056.755126953125,348.0379333496094,182.378646850586,174.82000732421875,52.50582885742188,94.13999938964844,177.13804626464844,93.41000366210938,316.92999267578125,360.28662109375,240.2899932861328,191.8699951171875,147.80999755859375,262.0963439941406,119.70999908447266,80.26000213623047,141.22999572753906,126.46320343017578,151.8270721435547,2.7799999713897705,84.81082153320312,752.2887573242188,320.919677734375,660.2265625,123.67028045654295,313.9413452148437,24.35127639770508,299.8509216308594,36.34999847412109,42.06999969482422,577.3400268554688,203.52137756347656,126.548828125,258.04998779296875,1068.015869140625,174.82723999023438,64.64302062988281,663.7559814453125,938.6451416015624,103.52326202392578,32.290000915527344,87.55152130126953,484.6915588378906,276.0,90.02999877929688,202.0800018310547,31.75,154.36000061035156,157.13673400878906,188.97950744628903,49.78417205810547,135.02041625976562,9.420000076293944,224.05325317382807,81.87999725341797,55.68999862670898,193.4738311767578,188.1199951171875,23.65885162353516,194.1300048828125,172.99623107910156,783.0570678710938,30.76000022888184,15.970000267028809,225.1000061035156,475.4700012207031,684.3233032226562,281.36822509765625,198.3421325683593,380.75,578.7870483398438,485.55999755859375,295.4237976074219,175.04225158691406,12.489999771118164,15.18000030517578,166.18585205078125,459.2099914550781,161.22398376464844,178.11830139160156
2025-12-24,273.3022155761719,224.58018493652344,352.9800109863281,275.93780517578125,169.97000122070312,400.6900024414063,260.1317749023437,215.0399932861328,329.17608642578125,232.3800048828125,130.77000427246094,25.71999931335449,111.5500030517578,1060.41748046875,348.93463134765625,182.99224853515625,176.3300018310547,52.92177581787109,95.02999877929688,176.69923400878906,93.33999633789062,317.760009765625,362.8991088867188,240.27999877929688,191.3699951171875,150.19000244140625,263.9170837402344,119.27749633789062,78.87000274658203,138.0399932861328,127.21631622314452,153.1195831298828,2.7699999809265137,85.35997772216797,750.8932495117188,321.774658203125,666.0857543945312,124.14444732666016,313.6816711425781,24.212581634521484,300.6208190917969,36.15999984741211,41.97999954223633,577.1500244140625,205.4994201660156,127.37071228027344,260.17999267578125,1073.337890625,176.9931182861328,64.65291595458984,666.361328125,948.2947387695312,104.91289520263672,32.75,86.36326599121094,485.8563232421875,286.3998718261719,91.12999725341795,202.6600036621093,30.299999237060547,152.58999633789062,159.57164001464844,188.38023376464844,50.700565338134766,134.77780151367188,9.449999809265137,223.3394012451172,81.30999755859375,55.08000183105469,195.60330200195312,187.22000122070312,23.801490783691406,194.1699981689453,173.0160369873047,781.6010131835938,30.549999237060547,16.079999923706055,221.92999267578125,475.75,686.7305297851562,284.5703430175781,198.37210083007807,383.5799865722656,577.9686889648438,485.3999938964844,297.2642517089844,175.0916748046875,12.390000343322754,15.100000381469728,166.79559326171875,462.989990234375,161.51319885253906,179.4273223876953
2025-12-26,272.8929748535156,224.6680908203125,353.79998779296875,275.2220153808594,167.25999450683594,400.5899963378906,261.2489929199219,214.9900054931641,328.1608581542969,232.5200042724609,131.83999633789062,24.049999237060547,110.2699966430664,1067.61279296875,350.8376159667969,183.88296508789065,177.0800018310547,52.85406494140625,94.5199966430664,175.4027862548828,92.83999633789062,318.8900146484375,359.419189453125,241.67999267578125,191.72000122070312,144.8300018310547,264.73291015625,120.29750061035156,76.41999816894531,138.31500244140625,128.0685272216797,152.94198608398438,2.690000057220459,86.13878631591797,755.426025390625,320.283447265625,662.2328491210938,123.18621826171876,313.1024780273437,24.262113571166992,301.1439514160156,36.20000076293945,40.29999923706055,577.8099975585938,205.35107421875,127.63104248046876,254.3000030517578,1074.105224609375,177.73171997070312,64.23745727539062,662.1089477539062,941.4006958007812,105.23812866210938,31.200000762939453,86.2134780883789,485.5477294921875,284.5117492675781,87.58999633789062,202.38999938964844,28.489999771118164,153.88999938964844,159.88967895507812,190.2978973388672,50.54622650146485,135.0689239501953,9.25,220.9697723388672,76.91999816894531,54.93000030517578,196.0985107421875,188.4499969482422,23.858543395996094,188.7100067138672,173.0556182861328,782.8576049804688,30.63999938964844,14.850000381469728,223.8800048828125,477.1400146484375,686.660888671875,285.5180053710937,198.74180603027344,384.5199890136719,579.58544921875,475.1900024414063,301.2834777832031,174.8445587158203,12.210000038146973,14.640000343322754,167.50527954101562,462.8999938964844,161.22398376464844,181.4058380126953
2025-12-29,273.2523498535156,225.5082397460937,353.1600036621094,274.0190734863281,170.10499572753906,398.8200073242188,262.3961181640625,215.6100006103516,324.9081420898437,232.07000732421875,134.14999389648438,24.809999465942383,110.51000213623048,1060.895263671875,348.1076965332031,183.1307983398437,176.8300018310547,52.34138488769531,95.1999969482422,175.0138397216797,92.83999633789062,317.7099914550781,357.2953186035156,239.0,189.0200042724609,144.6999969482422,264.8821716308594,118.97750091552734,74.91999816894531,137.94000244140625,126.3046417236328,153.5734405517578,2.700000047683716,85.80929565429688,757.1085205078125,319.5676574707031,662.2328491210938,123.3936767578125,313.15240478515625,24.10360336303711,301.7855529785156,36.68000030517578,39.40999984741211,575.4000244140625,205.2818298339844,125.7149887084961,249.2400054931641,1075.0819091796875,175.535888671875,63.95059585571289,657.5171508789062,925.2053833007812,105.0804443359375,31.14999961853028,85.63433837890625,484.9404296875,294.2011413574219,86.04000091552734,200.6999969482422,26.420000076293945,154.5800018310547,159.9691925048828,187.9907073974609,49.64912796020508,135.08834838867188,9.260000228881836,218.580322265625,74.08999633789062,54.02000045776367,193.51345825195312,186.8500061035156,23.77296257019043,184.17999267578125,171.68946838378906,778.399658203125,30.07999992370605,14.479999542236328,222.8999938964844,478.9700012207031,684.2138671875,280.61004638671875,197.2030334472656,380.2699890136719,583.9068603515625,459.6400146484375,299.3733825683594,173.66824340820312,12.199999809265137,15.06999969482422,165.546142578125,459.7799987792969,161.3935089111328,179.54722595214844
2025-12-30,272.5735778808594,224.4336395263672,352.510009765625,273.2138366699219,170.83999633789062,397.25,259.32379150390625,215.33999633789065,323.9815673828125,232.52999877929688,132.44000244140625,24.07999992370605,110.86000061035156,1067.0057373046875,348.56597900390625,183.11102294921875,176.39999389648438,52.43811798095703,95.27999877929688,173.88690185546875,91.37000274658205,315.6000061035156,356.0888061523437,238.3600006103516,186.8099975585937,144.9199981689453,264.5737609863281,118.90750122070312,73.9000015258789,137.47999572753906,126.7604751586914,154.3035888671875,2.630000114440918,86.55815124511719,761.7698974609375,318.9810791015625,658.419921875,121.68467712402344,313.4420166015625,23.84602165222168,298.1432800292969,37.29999923706055,38.29999923706055,572.6300048828125,204.6389617919922,124.04528045654295,247.02999877929688,1076.0985107421875,173.44985961914062,63.98027038574219,664.7642211914062,919.107177734375,104.52852630615234,30.40999984741211,86.63287353515625,485.3187561035156,292.4621276855469,85.16999816894531,199.6199951171875,24.88999938964844,154.22999572753906,159.44244384765625,187.31153869628903,49.4079704284668,134.62252807617188,9.119999885559082,218.1044006347656,71.62000274658203,54.2400016784668,195.3259735107422,186.8500061035156,23.763452529907227,180.83999633789065,171.9072723388672,771.8572998046875,29.64999961853028,14.3100004196167,222.0500030517578,474.489990234375,683.3783569335938,279.39306640625,196.5135803222656,378.9700012207031,582.2901000976562,454.4299926757813,298.04022216796875,173.40135192871094,11.770000457763672,14.210000038146973,164.26670837402344,453.739990234375,162.17135620117188,175.92990112304688
2025-12-31,271.3558349609375,223.2125244140625,349.989990234375,269.614990234375,166.36000061035156,397.6499938964844,256.3511962890625,214.1600036621093,322.621337890625,230.82000732421875,131.02999877929688,24.520000457763672,109.30999755859376,1064.7366943359375,344.82977294921875,181.9629821777344,175.99000549316406,52.17694091796875,95.1999969482422,172.3710174560547,91.48999786376952,312.5799865722656,352.2499389648437,233.8699951171875,184.57000732421875,143.88999938964844,263.56884765625,117.19000244140624,71.61000061035156,135.99000549316406,124.73896026611328,152.64599609375,2.6600000858306885,84.12186431884766,758.2565307617188,316.6448669433594,652.361083984375,121.25000762939452,312.5931091308594,23.79648780822754,292.3788146972656,36.900001525878906,37.77000045776367,566.3599853515625,204.67852783203125,121.19563293457033,242.759994506836,1071.045654296875,170.85479736328125,63.03065872192383,658.9146118164062,903.1734619140624,103.74008178710938,29.489999771118164,84.85548400878906,481.4758605957031,285.24627685546875,83.70500183105469,197.1499938964844,24.01000022888184,153.19000244140625,158.25978088378906,186.27281188964844,49.07999801635742,133.79762268066406,9.199999809265137,215.2093048095703,71.76000213623047,54.150001525878906,193.0479431152344,184.1999969482422,23.67786979675293,177.75,169.3333740234375,769.7929077148438,29.270000457763672,14.170000076293944,219.3600006103516,469.7200012207031,678.3152465820312,274.7145690917969,193.4060516357422,374.8399963378906,578.2980346679688,449.7200012207031,302.328125,171.49356079101562,11.68000030517578,14.539999961853027,161.93775939941406,453.3599853515625,160.88491821289062,172.14271545410156
2026-01-02,270.5074157714844,224.0135803222656,333.29998779296875,272.14013671875,179.55999755859375,400.1700134277344,268.2016906738281,223.47000122070312,322.9466247558594,226.5,133.60000610351562,28.11000061035156,114.7300033569336,1158.2069091796875,346.3441467285156,181.2504119873047,177.82000732421875,52.3237533569336,96.69000244140624,181.3565673828125,98.55999755859376,310.3999938964844,365.1924743652344,246.0599975585937,194.3300018310547,143.22000122070312,252.3360137939453,113.3949966430664,79.31999969482422,133.77000427246094,126.64156341552734,152.9617156982422,3.0299999713897705,89.42378997802734,756.2276611328125,325.393310546875,678.2930297851562,120.12385559082033,314.74029541015625,23.9450912475586,287.729736328125,39.380001068115234,42.70000076293945,561.97998046875,205.0741424560547,127.1193618774414,272.5,1076.7064208984375,184.7084350585937,64.32647705078125,649.2518310546875,933.0181274414062,104.91289520263672,30.86000061035156,89.25901794433594,470.84320068359375,315.2391052246094,89.94999694824219,196.0200042724609,27.61000061035156,147.4499969482422,165.13717651367188,188.6199493408203,50.53657913208008,134.4478302001953,10.25,219.3933258056641,77.80000305175781,56.70000076293945,193.84030151367188,179.3699951171875,23.944128036499023,167.86000061035156,171.24398803710938,774.2208862304688,30.959999084472656,16.309999465942383,216.7100067138672,480.4200134277344,679.55859375,286.83477783203125,207.3949279785156,396.7300109863281,591.33203125,438.0700073242188,317.96728515625,175.47718811035156,13.109999656677246,16.68000030517578,175.53170776367188,452.1300048828125,164.774169921875,187.5612945556641
2026-01-05,266.7643737792969,215.09445190429688,331.5599975585937,275.6694030761719,167.11000061035156,397.8299865722656,283.61328125,221.0800018310547,316.1257629394531,233.0599975585937,137.19000244140625,30.200000762939453,116.11000061035156,1222.308349609375,342.1596069335937,180.55763244628903,174.6300048828125,51.93225860595703,96.8499984741211,188.50711059570312,100.16999816894533,301.2200012207031,353.9151306152344,230.8999938964844,186.3600006103516,140.24000549316406,254.962646484375,114.1374969482422,76.86000061035156,133.63999938964844,122.88592529296876,153.6918487548828,3.220000028610229,93.13813018798828,764.0560913085938,320.3729248046875,680.1010131835938,116.8639144897461,316.1285095214844,23.90546417236328,291.15484619140625,39.369998931884766,48.2400016784668,566.3800048828125,202.0675048828125,134.89730834960938,300.4100036621094,1037.98779296875,194.38999938964844,66.33451843261719,657.616943359375,951.67236328125,105.88860321044922,32.16999816894531,90.09779357910156,470.7536010742188,311.970947265625,92.83000183105467,197.6600036621093,30.950000762939453,147.60000610351562,160.59530639648438,187.89083862304688,53.16035461425781,133.83645629882812,10.720000267028809,221.97116088867188,89.33999633789062,58.68999862670898,190.75010681152344,182.1199951171875,23.934616088867188,174.0399932861328,174.5405731201172,761.1761474609375,30.06999969482422,18.780000686645508,224.3600006103516,494.1900024414063,684.0845336914062,289.119140625,219.325424194336,395.2000122070313,609.9849243164062,451.6700134277344,320.5937194824219,175.13121032714844,13.989999771118164,18.46999931335449,173.87242126464844,448.7999877929688,162.48049926757812,187.74118041992188
2026-01-06,261.8734436035156,218.75782775878903,335.989990234375,291.2279357910156,161.00999450683594,406.3999938964844,295.27423095703125,214.3500061035156,325.4403991699219,240.92999267578125,132.5800018310547,30.26000022888184,115.52999877929688,1236.2413330078125,342.50830078125,187.96044921875,182.6100006103516,53.26334762573242,98.08999633789062,194.77008056640625,102.08999633789062,314.6400146484375,353.5561218261719,254.19000244140625,194.1100006103516,132.9499969482422,261.56903076171875,114.58000183105467,77.94000244140625,137.10000610351562,122.806640625,154.68836975097656,3.2799999713897705,99.40857696533205,779.9306640625,331.02020263671875,685.56494140625,119.8867645263672,313.9313659667969,23.568628311157227,298.557861328125,40.040000915527344,45.90999984741211,592.8499755859375,202.542236328125,139.14137268066406,311.8900146484375,1060.441650390625,206.5668182373047,74.0600357055664,659.4436645507812,1001.8453369140624,107.29795837402344,35.65999984741211,88.10072326660156,476.3885192871094,343.23297119140625,100.23999786376952,198.0,31.920000076293945,148.80999755859375,158.6473846435547,187.0119171142578,54.26966857910156,138.0676727294922,10.920000076293944,243.85299682617188,95.5999984741211,61.7599983215332,191.89903259277344,185.8600006103516,24.18185806274414,179.7100067138672,180.61895751953125,774.4503173828125,30.540000915527344,19.56999969482422,234.52999877929688,508.7699890136719,688.1529541015625,329.6095886230469,228.65798950195312,393.1799926757813,619.4859619140625,432.9599914550781,325.7471008300781,189.889404296875,14.539999961853027,18.34000015258789,174.8719940185547,468.3800048828125,169.0623016357422,219.2178955078125
2026-01-07,259.8471984863281,228.0286560058593,338.1000061035156,291.17822265625,165.77000427246094,422.5,291.4736633300781,210.0200042724609,336.74609375,241.5599975585937,130.0800018310547,29.559999465942383,115.68000030517578,1222.5870361328125,342.2392883300781,188.35633850097656,186.9100036621093,55.51446914672852,100.08000183105467,191.7183837890625,103.94000244140624,320.5400085449219,337.6522216796875,259.2699890136719,191.6199951171875,141.0,264.772705078125,119.72750091552734,77.18000030517578,141.44500732421875,118.98163604736328,152.80384826660156,3.3299999237060547,97.70117950439452,768.5393676757812,320.780517578125,661.5816650390625,122.8404769897461,321.5614624023437,22.22128295898437,292.8921203613281,42.630001068115234,43.625,592.27001953125,205.2126007080078,135.61944580078125,322.9700012207031,1104.3426513671875,202.69419860839844,73.14009094238281,647.534912109375,955.7080688476562,107.03185272216795,35.88999938964844,84.51597595214844,481.3265075683594,339.355224609375,96.20999908447266,202.8099975585937,31.36000061035156,150.89999389648438,147.9933624267578,188.879623413086,54.56870269775391,137.78622436523438,10.93000030517578,237.29934692382807,97.5999984741211,61.88999938964844,190.99771118164065,193.8999938964844,24.03921890258789,181.67999267578125,178.3816375732422,810.084228515625,30.01000022888184,19.46999931335449,233.5,519.7000122070312,685.9347534179688,307.50396728515625,222.3030548095703,374.7099914550781,615.923095703125,431.4100036621094,317.0420837402344,183.5729522705078,14.420000076293944,18.950000762939453,171.4635009765625,484.1499938964844,154.17349243164062,199.7322998046875
2026-01-08,258.55963134765625,218.9532165527344,339.0400085449219,297.4115600585937,156.72999572753906,399.3999938964844,280.93994140625,204.67999267578125,325.3812561035156,246.2899932861328,123.72000122070312,31.940000534057617,113.08000183105467,1188.6005859375,331.2597351074219,186.0800628662109,186.0,54.71189880371094,98.8499984741211,192.6757659912109,105.76000213623048,318.79998779296875,321.6086730957031,225.2100067138672,173.14999389648438,141.58999633789062,259.2110290527344,115.96749877929688,77.08999633789062,130.67999267578125,117.42586517333984,150.8897247314453,3.3299999237060547,99.6981430053711,773.8143920898438,318.7027282714844,627.6995239257812,119.20514678955078,325.0169372558594,21.815099716186523,298.8046264648437,41.11000061035156,45.68000030517578,585.0800170898438,203.49169921875,132.11949157714844,286.25,1081.52001953125,200.57823181152344,72.73452758789062,644.9096069335938,955.7180786132812,109.38734436035156,33.86000061035156,83.32771301269531,475.9902648925781,326.8323974609375,97.3000030517578,186.9600067138672,33.04999923706055,146.19000244140625,142.646484375,184.8145904541016,55.31146240234375,137.28160095214844,10.789999961853027,235.86170959472656,97.5999984741211,60.88999938964844,187.8381805419922,190.8000030517578,24.048730850219727,176.86000061035156,180.04476928710938,798.8544921875,29.89999961853028,19.670000076293945,223.7899932861328,514.489990234375,685.8651123046875,283.7723083496094,216.1379547119141,356.0,605.2942504882812,435.7999877929688,316.3755187988281,186.28140258789065,14.56999969482422,18.59000015258789,160.70831298828125,469.6799926757813,150.18453979492188,187.54132080078125
2026-01-09,258.8890075683594,214.99676513671875,333.95001220703125,299.1712341308594,162.61000061035156,398.2900085449219,300.4313659667969,203.1699981689453,321.4287109375,247.3800048828125,122.88999938964844,37.68000030517578,111.79000091552734,1267.7796630859375,343.7038879394531,187.3468475341797,187.6199951171875,54.67274856567383,99.8499984741211,200.91336059570312,107.55999755859376,327.3099975585937,341.53094482421875,230.5599975585937,178.05999755859375,150.4199981689453,258.6240234375,117.65249633789062,80.13999938964844,125.48999786376952,119.52664947509766,156.4347686767578,3.309999942779541,102.83335876464844,792.0938110351562,322.6097412109375,621.8060913085938,119.62992095947266,328.14288330078125,21.963701248168945,300.2852478027344,45.54999923706055,46.02999877929688,586.239990234375,202.14663696289065,139.6400909423828,306.19000244140625,1059.9632568359375,217.9451599121093,74.40624237060547,651.8971557617188,955.5984497070312,108.9339828491211,34.29999923706055,83.15785217285156,477.1550903320313,344.8920288085937,97.93000030517578,182.77999877929688,32.0099983215332,141.8000030517578,148.3511505126953,184.63479614257807,56.72945785522461,137.35922241210938,10.739999771118164,239.09390258789065,105.30999755859376,62.15999984741211,197.14321899414065,189.0200042724609,24.22940444946289,177.49000549316406,175.99581909179688,794.406494140625,30.15999984741211,20.51000022888184,219.08999633789065,525.1799926757812,690.4010009765625,303.2643737792969,217.0872039794922,370.8299865722656,617.629638671875,445.010009765625,321.9666442871094,188.12001037597656,14.760000228881836,18.15999984741211,163.50704956054688,463.8599853515625,165.9110107421875,200.31187438964844
2026-01-12,259.76739501953125,214.95767211914065,327.6499938964844,292.1425476074219,172.57000732421875,370.9100036621094,306.4762878417969,207.69000244140625,320.876708984375,246.47000122070312,123.41999816894533,38.209999084472656,111.13999938964844,1275.0943603515625,350.9173278808594,185.3278961181641,185.6300048828125,54.584659576416016,102.18000030517578,206.05935668945312,109.79000091552734,325.510009765625,334.8901672363281,234.259994506836,185.17999267578125,156.07000732421875,258.08673095703125,116.74749755859376,89.93000030517578,126.56999969482422,119.37800598144533,155.76382446289062,3.380000114440918,101.6851043701172,775.77392578125,327.1728515625,639.056884765625,121.11170959472656,331.4285888671875,21.89435386657715,308.14227294921875,44.060001373291016,50.33000183105469,572.75,207.4181365966797,142.44985961914062,309.260009765625,1077.34423828125,219.9812774658203,72.59603881835938,640.8268432617188,963.7596435546876,107.61333465576172,33.84000015258789,82.82809448242188,475.06439208984375,345.6716003417969,107.33000183105467,186.38999938964844,33.459999084472656,142.63999938964844,147.97348022460938,184.71470642089844,57.7423095703125,137.63096618652344,11.109999656677246,236.29795837402344,102.5,58.75,203.260482788086,188.8800048828125,24.02971076965332,179.41000366210938,167.57122802734375,765.9332885742188,30.1200008392334,19.71999931335449,220.27999877929688,533.4199829101562,691.4852294921875,320.6915283203125,224.1815643310547,369.0299987792969,614.2264404296875,448.9599914550781,330.0648193359375,186.894287109375,15.949999809265137,19.26000022888184,169.95419311523438,460.5899963378906,172.10389709472656,211.9832458496093
2026-01-13,260.5658874511719,215.6512908935547,309.92999267578125,294.4787902832031,180.5599975585937,369.9599914550781,304.1121826171875,220.97000122070312,319.65447998046875,242.6000061035156,129.92999267578125,36.709999084472656,107.83999633789062,1264.07763671875,353.3085021972656,187.0697479248047,178.3000030517578,54.7314682006836,107.19000244140624,209.9687042236328,108.91999816894533,323.0599975585937,332.56695556640625,246.4199981689453,190.02999877929688,161.3800048828125,239.839599609375,117.00499725341795,87.4800033569336,125.5,118.57535552978516,158.56594848632812,3.3499999046325684,101.91475677490234,793.0439453125,330.43365478515625,651.3631591796875,120.28191375732422,335.5332336425781,22.08258628845215,299.2389221191406,47.290000915527344,52.9900016784668,561.8200073242188,211.30499267578125,143.8113555908203,298.2699890136719,1073.547119140625,213.9727325439453,73.26868438720703,629.96630859375,979.822998046875,106.69676208496094,39.59999847412109,82.98797607421875,468.5832824707031,337.93603515625,105.43000030517578,188.7100067138672,32.41999816894531,138.19000244140625,149.66302490234375,185.58364868164065,57.53009414672852,137.42715454101562,11.199999809265137,237.0514678955078,97.08999633789062,59.40999984741211,200.8870544433593,190.8500061035156,23.915599822998047,178.9600067138672,163.63116455078125,756.86767578125,28.600000381469727,19.229999542236328,209.38999938964844,511.7999877929688,690.1026000976562,317.65899658203125,229.0876617431641,376.8599853515625,605.873046875,447.2000122070313,329.5076599121094,186.3604736328125,15.550000190734863,19.420000076293945,172.6429901123047,454.6700134277344,170.94708251953125,213.8418731689453
2026-01-14,259.4779052734375,216.76495361328125,304.44000244140625,296.2483825683594,172.13999938964844,366.8599853515625,301.1396179199219,223.6000061035156,324.2575988769531,236.6499938964844,125.08999633789062,36.09999847412109,104.98999786376952,1257.6683349609375,338.642578125,190.6919708251953,169.30999755859375,55.80809020996094,109.12000274658205,203.5262451171875,110.79000091552734,313.1700134277344,329.4260559082031,238.3800048828125,184.1100006103516,156.83999633789062,238.35714721679688,115.1750030517578,89.80000305175781,122.41000366210938,117.61414337158205,157.13528442382812,3.490000009536743,103.9316864013672,790.777587890625,329.2008972167969,643.4619140625,122.5638656616211,335.4034118652344,21.88444709777832,305.03302001953125,48.720001220703125,52.880001068115234,546.760009765625,216.1511993408203,143.0812225341797,307.57000732421875,1069.660400390625,208.39334106445312,73.87208557128906,614.4240112304688,980.141845703125,109.40705871582033,40.58000183105469,81.14935302734375,457.3433532714844,333.1587829589844,101.9800033569336,188.38999938964844,34.369998931884766,134.61000061035156,148.90769958496094,182.91688537597656,56.82592010498047,141.8427734375,11.529999732971191,238.75680541992188,95.97000122070312,60.58000183105469,192.2672576904297,190.92999267578125,24.324493408203125,178.39999389648438,162.88868713378906,752.110595703125,28.270000457763672,19.82999992370605,206.1600036621093,505.3399963378906,686.7106323242188,311.5140991210937,230.0069274902344,374.8299865722656,620.5938110351562,439.2000122070313,325.4287414550781,191.223876953125,17.190000534057617,20.90999984741211,170.7838134765625,449.5299987792969,168.50384521484375,214.84112548828125
2026-01-15,257.73114013671875,211.74368286132807,304.0899963378906,300.3343811035156,174.4499969482422,359.260009765625,318.2868347167969,227.9199981689453,325.3023986816406,238.17999267578125,130.58999633789062,35.220001220703125,105.11000061035156,1325.2232666015625,341.76104736328125,186.0404663085937,168.57000732421875,55.41659164428711,106.06999969482422,212.6713714599609,112.83999633789062,320.6000061035156,340.2147827148437,243.7899932861328,195.9600067138672,149.1199951171875,232.34771728515625,113.75,95.01000213623048,120.86000061035156,118.57535552978516,158.4278106689453,3.549999952316284,113.36732482910156,793.5487060546875,331.50732421875,641.5140380859375,119.7879867553711,332.347412109375,21.745750427246094,294.0963439941406,48.31999969482422,51.88999938964844,541.3400268554688,217.16001892089844,154.0988311767578,306.1000061035156,1029.4765625,217.05685424804688,73.64457702636719,619.694580078125,1005.9906616210938,109.3676300048828,39.36000061035156,80.31996154785156,454.6354064941406,336.4369201660156,103.88500213623048,184.13999938964844,33.380001068115234,131.1699981689453,157.52432250976562,186.8221435546875,55.0992431640625,138.92166137695312,11.720000267028809,236.565658569336,91.4499969482422,60.27999877929688,188.53335571289065,187.72999572753903,24.61927795410156,177.07000732421875,159.7703094482422,739.9234619140625,29.420000076293945,18.89999961853028,207.7400054931641,508.1900024414063,688.5806884765625,319.53436279296875,227.51890563964844,419.0700073242188,623.4081420898438,438.5700073242188,339.88409423828125,186.9436950683593,17.469999313354492,20.920000076293945,172.46304321289062,438.9200134277344,179.6829071044922,221.93589782714844
2026-01-16,255.0561370849609,211.0838928222656,296.1199951171875,298.4952087402344,182.0,359.2699890136719,326.1971740722656,231.8300018310547,325.6769714355469,239.1199951171875,129.8300018310547,37.400001525878906,105.77999877929688,1352.0640869140625,350.4191589355469,186.83221435546875,164.4199981689453,54.08549499511719,109.0,217.2987670898437,116.44000244140624,317.45001220703125,306.82147216796875,243.4199981689453,191.0399932861328,150.97000122070312,225.9602203369141,113.47000122070312,101.2300033569336,119.0199966430664,119.43746185302734,161.41738891601562,3.690000057220459,117.17152404785156,793.5090942382812,341.737060546875,680.7902221679688,123.3936767578125,329.5710144042969,21.24049568176269,301.7164611816406,46.959999084472656,57.81999969482422,535.0,216.259994506836,156.3789520263672,331.0299987792969,1034.8883056640625,222.5364227294922,73.8918685913086,619.1455688476562,1029.53759765625,107.25853729248048,41.83000183105469,80.39990997314453,457.8211975097656,362.5419006347656,108.7300033569336,184.1699981689453,35.66999816894531,127.30999755859376,151.11404418945312,186.0031280517578,60.12493133544922,140.07652282714844,11.890000343322754,235.0883636474609,94.9499969482422,60.33000183105469,189.7647399902344,187.6600036621093,24.39105796813965,170.9600067138672,157.82008361816406,731.0673217773438,32.63999938964844,20.190000534057617,210.3800048828125,516.3099975585938,688.0037231445312,325.42987060546875,227.96853637695312,371.6600036621094,617.4899291992188,437.5,340.6401672363281,189.3753967285156,17.8700008392334,21.940000534057617,176.85110473632812,441.3599853515625,166.140380859375,221.3463134765625
2026-01-20,246.2425079345703,210.77859497070312,290.3699951171875,293.9419860839844,183.75,355.5299987792969,317.4389953613281,231.9199981689453,326.25848388671875,231.0,127.5199966430664,35.459999084472656,107.16999816894533,1319.7197265625,331.3793029785156,178.0240478515625,165.3800048828125,53.06760025024414,105.55999755859376,205.5108642578125,115.8000030517578,307.0,294.5470275878906,241.2100067138672,193.4600067138672,153.22000122070312,218.95587158203125,110.68250274658205,95.22000122070312,117.0,110.5447235107422,157.490478515625,3.690000057220459,114.8250961303711,776.1104125976562,335.6131286621094,684.0965576171875,122.63301849365234,321.5814208984375,20.20026588439941,287.5816955566406,48.560001373291016,54.2599983215332,527.4400024414062,215.81494140625,148.23594665527344,315.9200134277344,1037.7685546875,221.98748779296875,72.37841796875,603.0443115234375,1030.85302734375,107.86957550048828,43.0,79.74040222167969,452.5048522949219,364.7906188964844,99.29000091552734,177.4199981689453,33.86000061035156,125.4000015258789,147.9933624267578,177.8530731201172,58.533302307128906,139.33897399902344,12.0,228.7330017089844,89.93000030517578,60.060001373291016,178.67221069335938,184.0599975585937,24.26744079589844,168.52999877929688,152.52378845214844,731.8053588867188,31.40999984741211,19.0,206.2100067138672,510.9700012207031,673.9981689453125,325.1904602050781,223.80186462402344,356.6600036621094,617.7793579101562,419.25,325.4784851074219,187.4082946777344,18.06999969482422,23.520000457763672,175.10186767578125,442.0799865722656,156.37738037109375,222.8052520751953
2026-01-21,247.1907501220703,212.85646057128903,294.2300109863281,303.1875915527344,176.0050048828125,365.4599914550781,324.4315490722656,249.8000030517578,338.67803955078125,231.3099975585937,127.29000091552734,35.060001373291016,113.91999816894533,1353.5767822265625,327.5932312011719,179.211669921875,172.6199951171875,53.34165191650391,118.0,208.9514923095703,122.33000183105467,313.8399963378906,293.52001953125,231.88999938964844,201.4600067138672,139.16000366210938,220.45822143554688,111.47000122070312,94.0500030517578,123.45999908447266,112.724365234375,156.87875366210938,3.75,119.5578842163086,787.2741088867188,335.98095703125,667.1455078125,127.54268646240234,327.953125,20.824403762817383,293.691650390625,54.25,53.47999954223633,523.6900024414062,215.6171417236328,151.6092529296875,303.94000244140625,1074.8726806640625,227.95611572265625,75.37564086914062,611.8685913085938,1071.15087890625,109.50560760498048,49.810001373291016,82.48834991455078,442.1409912109375,388.88677978515625,98.87000274658205,169.97000122070312,34.7599983215332,125.3000030517578,149.75245666503906,183.09669494628903,57.221412658691406,140.8237762451172,12.350000381469728,231.72726440429688,90.77999877929688,63.130001068115234,172.67410278320312,181.47000122070312,24.61927795410156,165.3300018310547,154.80067443847656,747.3135375976562,32.2400016784668,19.75,206.5,521.9500122070312,681.77685546875,343.3757629394531,231.70556640625,374.30999755859375,635.0349731445312,431.4400024414063,324.44384765625,192.1728363037109,18.81999969482422,22.520000457763672,181.3890838623047,461.1400146484375,159.5785369873047,241.72125244140625
2026-01-22,247.8894500732422,214.78659057617188,299.7300109863281,306.7168273925781,176.35000610351562,370.0,317.9975891113281,253.72999572753903,342.0982971191406,234.33999633789065,138.41000366210938,34.7400016784668,119.1999969482422,1388.319580078125,324.2953796386719,181.4879302978516,173.8000030517578,53.77230072021485,118.47000122070312,205.7701416015625,121.87000274658205,317.0899963378906,286.5202941894531,230.02999877929688,202.72000122070312,135.10000610351562,226.9352569580078,113.44249725341795,91.79000091552734,131.25,116.61587524414062,156.59263610839844,3.920000076293945,118.3397445678711,784.5821533203125,332.0839233398437,660.9324340820312,129.54803466796875,330.1102905273437,21.16123962402344,290.8587646484375,54.31999969482422,52.2599983215332,525.8099975585938,216.0918731689453,149.6143798828125,302.3699951171875,1083.70263671875,220.2807159423828,74.6535415649414,646.476806640625,1072.8846435546875,107.60347747802734,51.869998931884766,83.0379409790039,449.1398620605469,397.3519287109375,96.8499984741211,173.3000030517578,36.09000015258789,128.55999755859375,150.15994262695312,184.6148223876953,60.028465270996094,140.71702575683594,12.550000190734863,234.7314300537109,90.93000030517578,63.06999969482422,176.9442596435547,182.2700042724609,24.818971633911133,165.89999389648438,156.21633911132812,753.4768676757812,32.45000076293945,20.63999938964844,211.1300048828125,509.4700012207031,685.3379516601562,345.6800842285156,228.957763671875,379.8599853515625,638.1787719726562,449.3599853515625,325.6874084472656,192.74615478515625,19.86000061035156,24.420000076293945,181.0392303466797,467.3500061035156,159.91758728027344,243.11021423339844
2026-01-23,247.5800170898437,215.9190673828125,301.07000732421875,303.8139343261719,169.66000366210938,357.9800109863281,321.57867431640625,259.67999267578125,339.8115234375,239.1600036621093,136.33999633789062,37.68999862670898,116.06999969482422,1382.3883056640625,318.8753662109375,183.9819183349609,171.58999633789062,53.48846435546875,115.9800033569336,207.1862945556641,124.04000091552734,318.32000732421875,288.225341796875,229.13999938964844,196.94000244140625,133.16000366210938,226.8954620361328,113.12249755859376,92.9800033569336,130.1300048828125,114.88410186767578,157.03662109375,3.900000095367432,114.53553771972656,783.1075439453125,329.2804260253906,657.0467529296875,134.27989196777344,327.5036926269531,20.854122161865234,288.6575927734375,45.06999969482422,56.68000030517578,523.989990234375,217.7237548828125,150.88909912109375,296.19000244140625,1060.6907958984375,217.5259704589844,73.9017562866211,657.5870361328125,1060.0001220703125,106.61791229248048,48.709999084472656,80.17008209228516,463.8841857910156,399.4207458496094,94.5,173.44000244140625,34.72999954223633,133.11000061035156,148.38096618652344,187.44137573242188,60.057403564453125,142.7938232421875,12.579999923706056,230.49783325195312,87.62999725341797,61.97999954223633,175.9313507080078,180.17999267578125,24.799633026123047,169.60000610351562,154.2562255859375,751.5221557617188,31.700000762939453,19.770000457763672,209.69000244140625,501.3900146484375,685.5865478515625,345.2511291503906,228.9977264404297,366.4299926757813,624.7355346679688,449.05999755859375,333.1488647460937,191.08547973632807,18.6200008392334,25.5,182.4086303710937,468.4100036621094,159.67825317382812,236.21533203125
2026-01-26,254.9363555908203,217.40606689453125,304.7200012207031,302.23321533203125,163.25,361.3500061035156,318.6659240722656,251.3099975585937,344.6807861328125,238.4199981689453,143.72000122070312,36.18000030517578,114.7300033569336,1406.581787109375,323.6577453613281,186.51551818847656,173.1199951171875,53.43952560424805,118.0,205.48092651367188,121.26000213623048,322.0199890136719,284.4462890625,232.22999572753903,197.759994506836,128.02000427246094,228.23863220214844,117.0824966430664,98.30999755859376,136.63999938964844,115.3817367553711,159.4144744873047,3.700000047683716,115.45413208007812,798.0319213867188,330.334228515625,665.2476196289062,136.10743713378906,332.8267822265625,21.1711483001709,292.4972839355469,42.4900016784668,52.36000061035156,528.8099975585938,219.05894470214844,153.90631103515625,281.70001220703125,1059.1558837890625,222.44659423828125,73.98089599609375,671.1627197265625,1064.384765625,105.84918212890624,47.9900016784668,81.70893096923828,468.1949768066406,388.8667907714844,91.45999908447266,189.3500061035156,32.790000915527344,136.33999633789062,149.00706481933594,186.2428436279297,61.716552734375,144.71533203125,12.18000030517578,229.0800323486328,82.30999755859375,61.130001068115234,181.1747283935547,184.22000122070312,25.022008895874023,167.47000122070312,152.96925354003906,760.5977172851562,30.799999237060547,18.39999961853028,211.2700042724609,503.010009765625,689.0680541992188,357.4112548828125,231.565673828125,350.4100036621094,625.3742065429688,435.2000122070313,330.9999694824219,194.3277282714844,18.350000381469727,23.32999992370605,181.1491851806641,476.8399963378906,158.3718719482422,240.6720428466797
2026-01-27,257.791015625,220.5178985595703,297.4200134277344,302.05426025390625,170.92999267578125,354.75,331.8829650878906,252.02999877929688,346.2874450683594,244.67999267578125,146.69000244140625,41.34999847412109,114.87999725341795,1447.624267578125,331.568603515625,189.2272491455078,174.1199951171875,54.37911987304688,119.33999633789062,211.8236694335937,125.97000122070312,318.3699951171875,287.9262084960937,247.5200042724609,214.0,129.57000732421875,227.37301635742188,119.16500091552734,108.86000061035156,138.2100067138672,114.11775207519533,160.98326110839844,3.940000057220459,120.22686767578124,801.1989135742188,339.19207763671875,691.9278564453125,139.2587127685547,334.1150817871094,21.39900588989257,290.0592041015625,43.93000030517578,59.9900016784668,525.0399780273438,221.9765625,161.2174835205078,309.3900146484375,1035.9945068359375,238.00698852539065,74.34689331054688,671.7716674804688,1091.638427734375,106.3616714477539,45.45000076293945,82.8680648803711,478.4493408203125,410.0046691894531,97.87000274658205,205.9499969482422,35.08000183105469,131.8000030517578,155.0794677734375,188.29034423828125,60.66511535644531,147.72377014160156,12.779999732971191,227.46392822265625,85.2699966430664,62.630001068115234,173.68701171875,183.5,25.621456146240234,165.6999969482422,151.5041046142578,769.174560546875,31.200000762939453,19.200000762939453,212.75,502.7000122070313,691.8134765625,370.8482055664063,238.74996948242188,359.510009765625,622.6695556640625,430.8999938964844,336.6010437011719,194.3672790527344,19.200000762939453,24.15999984741211,189.12564086914065,474.1700134277344,163.80682373046875,252.4733123779297
2026-01-28,255.96446228027344,215.3380584716797,299.5799865722656,315.77362060546875,167.89999389648438,349.5799865722656,335.9129333496094,252.7400054931641,337.3177795410156,243.009994506836,150.14999389648438,40.220001220703125,109.95999908447266,1416.10595703125,332.0169372558594,184.516357421875,174.8300018310547,53.45909881591797,116.16000366210938,215.71310424804688,134.08999633789062,320.489990234375,287.1185607910156,257.29998779296875,221.13999938964844,129.66000366210938,226.8059234619141,117.29750061035156,106.0199966430664,140.55999755859375,116.7651596069336,161.0325927734375,4.309999942779541,120.56663513183594,807.7308959960938,345.2861633300781,710.7968139648438,138.02389526367188,335.5731811523437,21.50798225402832,290.3553466796875,48.77999877929688,62.93999862670898,522.0399780273438,225.22056579589844,162.3016815185547,337.760009765625,1020.337646484375,239.12486267089844,79.41150665283203,667.5391845703125,1157.6954345703125,105.3563995361328,45.29999923706055,83.55755615234375,479.4946594238281,435.03033447265625,100.43000030517578,184.8800048828125,34.54999923706055,129.6199951171875,154.1551971435547,191.2866973876953,58.195682525634766,143.5022430419922,13.920000076293944,237.98345947265625,94.38999938964844,64.93000030517578,171.60159301757812,183.7400054931641,25.00267219543457,157.35000610351562,151.16751098632812,749.108642578125,31.209999084472656,20.479999542236328,216.0,511.3500061035156,691.7438354492188,441.8436584472656,250.28077697753903,365.1700134277344,606.8112182617188,431.4599914550781,340.5406799316406,213.6824188232422,20.13999938964844,27.71999931335449,193.6735992431641,477.9100036621094,165.1830291748047,279.4933166503906
2026-01-29,257.801025390625,217.0712280273437,291.6499938964844,316.8373718261719,160.4600067138672,346.7900085449219,340.4915466308594,252.17999267578125,338.0274658203125,241.72999572753903,148.14999389648438,38.06999969482422,108.43000030517578,1448.191650390625,329.51617431640625,183.26934814453125,176.17999267578125,53.12632751464844,116.7699966430664,209.6096954345703,133.6699981689453,302.6700134277344,286.6199951171875,253.52999877929688,215.8600006103516,129.47000122070312,212.9961853027344,111.15499877929688,99.52999877929688,128.17999267578125,117.92962646484376,165.20616149902344,4.239999771118164,122.62520599365234,817.5287475585938,352.2948608398437,716.5902709960938,137.85595703125,337.810302734375,21.805191040039062,305.24029541015625,48.65999984741211,59.84000015258789,507.5499877929688,224.79527282714844,168.0378875732422,301.5,1020.676513671875,247.6985321044922,78.50145721435547,736.995361328125,1178.9903564453125,106.77560424804688,46.86000061035156,81.27924346923828,431.57806396484375,435.5400390625,94.91000366210938,180.38999938964844,32.11000061035156,116.7300033569336,152.7737579345703,192.2754821777344,57.23106002807617,144.51153564453125,13.3100004196167,231.50914001464844,86.04000091552734,62.20000076293945,167.83787536621094,176.1999969482422,25.23471641540528,151.86000061035156,150.6923370361328,747.4232788085938,30.1200008392334,18.920000076293945,199.3699951171875,480.0,690.3711547851562,445.4747619628906,251.669677734375,362.2000122070313,590.9827270507812,416.55999755859375,337.8048095703125,216.45021057128903,18.600000381469727,24.8799991607666,195.0130157470703,475.6799926757813,162.1314697265625,278.20428466796875
2026-01-30,258.9988098144531,219.61192321777344,293.25,309.0630798339844,150.6199951171875,338.0599975585937,321.5188293457031,236.72999572753903,336.982666015625,239.3000030517578,141.74000549316406,33.880001068115234,105.36000061035156,1416.185546875,330.08404541015625,183.62564086914065,179.88999938964844,53.87996292114258,113.75,204.87257385253903,123.38999938964844,296.3599853515625,279.8695373535156,251.8099975585937,212.17999267578125,125.27999877929688,211.2152404785156,110.35124969482422,93.19000244140624,129.32000732421875,113.89878845214844,163.7360382080078,3.9600000381469727,117.98841094970705,812.4615478515625,349.3621826171875,725.560302734375,140.22682189941406,337.56060791015625,21.31975173950196,302.733154296875,46.470001220703125,53.7400016784668,504.2200012207031,224.7557067871093,142.4269256591797,278.2799987792969,1033.6424560546875,233.01649475097656,75.09867095947266,715.2241821289062,1120.19775390625,108.677734375,44.06999969482422,78.8610610961914,428.3822937011719,414.6419982910156,85.19000244140625,177.35000610351562,29.395000457763672,117.01000213623048,151.6904754638672,190.8971710205078,57.32752227783203,144.28831481933594,12.56999969482422,224.2118988037109,79.62000274658203,59.88999938964844,163.43858337402344,176.97000122070312,25.56344413757324,146.58999633789062,150.06866455078125,739.4547729492188,29.11000061035156,17.479999542236328,192.6999969482422,465.1199951171875,688.3120727539062,406.6900939941406,240.8582763671875,348.3599853515625,577.4596557617188,430.4100036621094,328.86102294921875,214.46031188964844,17.239999771118164,22.440000534057617,186.0969696044922,469.8999938964844,157.91314697265625,250.04510498046875
2026-02-02,269.5093078613281,222.2018585205078,293.3800048828125,315.00811767578125,152.44000244140625,339.1099853515625,327.5837097167969,246.2700042724609,339.7425231933594,242.9600067138672,138.3699951171875,34.79999923706055,106.93000030517578,1434.4874267578125,329.8947448730469,186.46603393554688,179.08999633789062,54.70210647583008,108.87999725341795,205.48092651367188,120.20999908447266,289.19000244140625,270.09783935546875,268.489990234375,222.44000244140625,119.95999908447266,209.74273681640625,109.7125015258789,88.94000244140625,129.0500030517578,118.59647369384766,162.90724182128906,3.7799999713897705,119.39744567871094,802.0203857421875,357.335205078125,754.12841796875,141.15541076660156,343.2431945800781,21.805191040039062,310.6593017578125,48.810001373291016,53.08000183105469,496.7300109863281,228.21731567382807,140.6824188232422,267.2099914550781,1040.598876953125,237.04879760742188,77.23530578613281,705.152099609375,1169.09521484375,111.73297882080078,42.54999923706055,78.60125732421875,421.4929809570313,437.5488586425781,88.16000366210938,182.4199981689453,27.709999084472656,118.0,148.65475463867188,185.38389587402344,56.845211029052734,146.57861328125,12.140000343322754,229.1097717285156,73.62000274658203,61.52999877929688,158.94993591308594,175.4199981689453,25.77614974975586,147.75999450683594,151.0883331298828,752.9882202148438,29.709999084472656,16.479999542236328,190.67999267578125,457.8900146484375,691.7339477539062,431.8881530761719,249.33154296875,340.79998779296875,580.6134033203125,421.80999755859375,339.6054992675781,223.8724822998047,16.31999969482422,21.01000022888184,189.92526245117188,472.010009765625,153.8344268798828,270.03033447265625
2026-02-03,268.98028564453125,222.2215576171875,271.92999267578125,309.470703125,158.52000427246094,351.79998779296875,317.8778991699219,242.1100006103516,333.7397766113281,238.6199951171875,139.38999938964844,36.70000076293945,104.5500030517578,1389.1954345703125,319.154296875,182.41824340820312,176.75999450683594,54.79998397827149,108.25,210.3078155517578,126.1500015258789,268.5,267.67486572265625,276.5199890136719,229.17999267578125,111.30999755859376,195.38580322265625,105.43250274658205,90.05999755859375,119.66000366210938,116.5959701538086,162.25604248046875,4.099999904632568,113.62142944335938,793.55859375,360.4071044921875,779.3802490234375,141.54067993164062,339.26837158203125,21.57733154296875,290.5033874511719,49.25,54.38999938964844,478.8800048828125,230.54151916503903,135.20553588867188,280.4700012207031,1000.0664672851562,229.66287231445312,75.8306655883789,690.4683227539062,1160.734619140625,114.16730499267578,42.20000076293945,75.48358154296875,409.3868713378906,419.1993713378906,89.94999694824219,170.30999755859375,29.88999938964844,109.7699966430664,151.7153778076172,180.12030029296875,48.52051544189453,145.4334716796875,12.539999961853027,218.77862548828125,78.0,59.43000030517578,153.59732055664062,166.24000549316406,24.91565704345703,157.8800048828125,145.70291137695312,757.1370239257812,29.670000076293945,17.8799991607666,173.24000549316406,419.1400146484375,685.885009765625,443.3599548339844,282.7549743652344,341.4200134277344,568.9566650390625,421.9599914550781,334.0243530273437,224.0714874267578,17.809999465942383,24.530000686645508,190.0652008056641,465.6099853515625,152.57791137695312,290.0255126953125
2026-02-04,275.97723388671875,213.8018341064453,279.7099914550781,318.56719970703125,144.6699981689453,351.9599914550781,296.8602600097656,200.19000244140625,360.9542846679688,232.9900054931641,130.27999877929688,31.540000915527344,104.9000015258789,1332.7171630859375,306.9194030761719,185.51593017578125,185.4499969482422,56.39533996582031,108.7699966430664,189.5841827392578,114.81999969482422,271.4200134277344,249.7368011474609,253.5,211.0,96.9499969482422,198.4302978515625,103.83999633789062,82.45999908447266,115.70999908447266,121.4628448486328,164.5648193359375,3.690000057220459,112.33232879638672,793.85546875,362.8626098632813,745.3881225585938,144.45484924316406,332.6070861816406,23.02374649047852,285.3114013671875,48.59999847412109,44.93999862670898,478.489990234375,231.8964691162109,130.38595581054688,251.42999267578125,1103.3758544921875,209.38145446777344,77.3836898803711,667.798828125,1132.8331298828125,116.6213607788086,42.77000045776367,73.67493438720703,412.3536987304688,379.1823425292969,82.38999938964844,166.8800048828125,27.809999465942383,111.06999969482422,143.55039978027344,173.97779846191406,45.520538330078125,148.3933868408203,11.619999885559082,224.92575073242188,68.2300033569336,62.060001373291016,145.65280151367188,166.72000122070312,25.892173767089844,139.5399932861328,147.395751953125,772.9743041992188,33.7599983215332,16.200000762939453,165.2899932861328,418.9800109863281,682.5626831054688,417.603271484375,268.85601806640625,317.04998779296875,564.0962524414062,406.010009765625,324.0657958984375,221.7930603027344,16.100000381469727,21.420000076293945,182.4785919189453,470.5199890136719,142.12681579589844,269.2109375
2026-02-05,275.3983459472656,215.68272399902344,269.3900146484375,320.23736572265625,142.82000732421875,331.239990234375,303.2343444824219,192.5,362.5313415527344,222.69000244140625,128.6699981689453,27.84499931335449,110.87999725341795,1343.6943359375,309.3703918457031,185.2289276123047,185.3600006103516,58.25495529174805,105.54000091552734,186.9114532470703,109.27999877929688,270.1400146484375,246.3466033935547,252.97999572753903,209.2400054931641,98.05999755859376,189.0082550048828,94.29000091552734,74.6500015258789,106.7300033569336,114.84429168701172,162.453369140625,3.4600000381469727,110.2537612915039,799.2294921875,352.5931396484375,736.7078857421875,147.55674743652344,330.81939697265625,22.498676300048828,286.1405639648437,48.2400016784668,39.790000915527344,476.3200073242188,235.1800231933593,132.7608184814453,242.08999633789065,1017.3876953125,212.90475463867188,77.19573211669922,669.0166625976562,1151.92578125,118.0208511352539,40.869998931884766,74.15457916259766,391.9246520996094,382.6703796386719,73.87000274658203,163.0500030517578,26.125,102.62999725341795,143.9990234375,171.6706085205078,41.80674362182617,149.4026641845703,11.079999923706056,220.236083984375,62.13999938964844,63.09999847412109,135.53347778320312,154.77000427246094,25.611787796020508,130.00999450683594,134.93211364746094,764.5670166015625,30.850000381469727,14.84000015258789,156.7100067138672,410.4400024414063,674.0379638671875,404.4555969238281,270.91436767578125,324.6300048828125,541.28173828125,397.2099914550781,329.0301513671875,222.8477020263672,15.039999961853027,19.59000015258789,177.6707305908203,458.80999755859375,142.67530822753906,259.99774169921875
2026-02-06,277.6042175292969,220.0255279541016,268.3800048828125,318.5771789550781,169.85000610351562,328.1600036621094,321.7083435058594,208.44000244140625,378.814697265625,210.32000732421875,137.49000549316406,34.95000076293945,123.6999969482422,1406.2432861328125,331.6981506347656,191.03836059570312,201.17999267578125,60.672462463378906,106.62000274658205,196.6549530029297,113.62999725341795,283.5199890136719,260.6651611328125,271.32000732421875,227.67999267578125,111.4000015258789,190.3812713623047,98.875,89.94999694824219,111.69000244140624,120.47753143310548,169.33038330078125,3.690000057220459,122.2854461669922,839.37109375,371.6309814453125,778.481201171875,150.64874267578125,322.4402770996094,23.39030265808105,295.0636291503906,50.59000015258789,41.83000183105469,488.1499938964844,237.3558807373047,143.92404174804688,263.4700012207031,1054.6014404296875,230.5711364746093,75.18769836425781,660.2822265625,1225.4962158203125,120.16937255859376,41.0099983215332,80.22004699707031,399.3615417480469,394.4635925292969,86.0999984741211,173.2100067138672,29.200000762939453,100.73999786376952,152.85191345214844,185.1841278076172,45.954620361328125,151.79969787597656,11.039999961853027,222.4074249267578,71.0999984741211,65.19999694824219,141.8295135498047,159.32000732421875,26.31758499145508,135.89999389648438,135.961669921875,783.3961791992188,34.380001068115234,17.530000686645508,168.42999267578125,426.8800048828125,686.96923828125,428.26702880859375,299.8713073730469,345.0,541.7507934570312,411.1099853515625,347.0570373535156,220.320541381836,16.1200008392334,21.21999931335449,195.49278259277344,477.9200134277344,149.2371368408203,282.3711853027344
2026-02-09,274.3672180175781,219.85812377929688,266.8999938964844,321.0823974609375,187.6699981689453,320.0,329.748291015625,216.0,370.4364929199219,208.72000122070312,141.74000549316406,38.2599983215332,124.61000061035156,1422.64453125,342.6776733398437,186.0701599121093,193.8099975585937,59.47838592529297,110.33999633789062,202.4491729736328,120.68000030517578,291.0,271.3641662597656,289.67999267578125,242.4600067138672,123.41000366210938,193.0476989746093,102.01000213623048,96.79000091552734,114.01000213623048,120.33818817138672,169.83358764648438,3.950000047683716,122.30542755126952,848.8917846679688,374.8520202636719,800.646484375,149.83868408203125,323.8984069824219,23.6875114440918,292.50714111328125,50.2400016784668,46.150001525878906,492.8399963378906,236.02069091796875,143.64578247070312,276.239990234375,1041.13720703125,228.84442138671875,73.60501861572266,676.0140991210938,1201.9393310546875,115.95117950439452,41.95000076293945,82.28849792480469,411.7662963867188,383.280029296875,92.87999725341795,173.75,28.520000457763672,103.87000274658205,155.2445831298828,189.80848693847656,47.623416900634766,152.41110229492188,11.68000030517578,226.95828247070312,75.05000305175781,65.0999984741211,155.50401306152344,166.0,26.153221130371094,142.91000366210938,137.53570556640625,778.1802368164062,33.529998779296875,17.68000030517578,175.9499969482422,438.8999938964844,690.2816772460938,423.9576416015625,309.763427734375,353.6600036621094,545.6730346679688,417.3200073242188,353.58331298828125,217.6640472412109,17.100000381469727,23.100000381469727,201.9099273681641,470.8699951171875,152.54798889160156,285.7786865234375
2026-02-10,273.4280700683594,219.0506134033203,264.6700134277344,323.2596130371094,182.8600006103516,322.9800109863281,328.2520446777344,213.57000732421875,359.4264831542969,206.9600067138672,143.4499969482422,37.470001220703125,125.9499969482422,1408.7060546875,339.1905212402344,191.404541015625,188.9900054931641,59.56647491455078,108.93000030517578,199.28778076171875,118.08999633789062,299.0,270.35711669921875,298.70001220703125,228.3699951171875,134.72000122070312,192.4706268310547,103.34750366210938,95.11000061035156,129.6699981689453,125.41407012939452,170.22825622558594,3.880000114440918,133.34779357910156,847.9021606445312,375.2596130371094,789.908447265625,145.44273376464844,318.16583251953125,23.74695205688477,289.6283569335937,47.130001068115234,42.93000030517578,495.1499938964844,235.73390197753903,142.71615600585938,264.989990234375,1021.5336303710938,226.1794891357422,76.02850341796875,669.525634765625,1138.0048828125,115.4583969116211,41.994998931884766,81.9487533569336,411.437744140625,373.035888671875,91.79000091552734,179.97999572753906,26.479999542236328,106.4800033569336,155.95240783691406,188.3103179931641,47.38226318359375,153.52713012695312,11.710000038146973,234.6025390625,69.47000122070312,67.37999725341797,158.7811279296875,165.50999450683594,26.694656372070312,139.50999450683594,138.68406677246094,752.8784790039062,33.33000183105469,16.739999771118164,182.5800018310547,437.4500122070313,688.4613037109375,395.2582092285156,304.64752197265625,357.92999267578125,538.726806640625,425.2099914550781,360.0498962402344,219.8031616210937,16.34000015258789,21.76000022888184,199.53097534179688,463.4800109863281,159.15969848632812,262.3659973144531
2026-02-11,275.24639892578125,217.52423095703125,257.1600036621094,335.0303955078125,143.7100067138672,322.2799987792969,339.03515625,213.5800018310547,361.3288269042969,204.0800018310547,140.66000366210938,36.59999847412109,125.27999877929688,1430.6395263671875,341.50201416015625,202.6473388671875,191.1999969482422,58.6562385559082,109.37999725341795,197.9613800048828,119.18000030517578,299.6499938964844,276.05059814453125,297.25,223.69000244140625,128.39999389648438,184.0634002685547,103.95249938964844,95.1500015258789,127.33000183105467,123.57281494140624,172.24102783203125,3.9600000381469727,137.6947784423828,858.5709838867188,393.77056884765625,822.7518310546875,153.90869140625,310.55572509765625,23.588441848754883,270.8168029785156,48.290000915527344,42.66999816894531,496.1199951171875,238.21633911132807,147.56964111328125,210.1600036621093,1011.7767333984376,234.6733245849609,79.87641906738281,667.4993286132812,1192.5225830078125,117.58719635009766,40.5099983215332,81.27924346923828,402.5771789550781,410.1046142578125,88.61000061035156,189.4100036621093,26.15999984741211,100.58000183105467,160.13958740234375,189.8184814453125,47.01570892333984,155.33218383789062,11.949999809265137,247.6205902099609,66.2300033569336,71.18000030517578,156.07005310058594,165.3000030517578,26.810678482055664,135.67999267578125,139.62452697753906,776.8737182617188,32.040000915527344,15.56999969482422,178.8300018310547,438.2099914550781,688.3021850585938,406.2511901855469,321.1943664550781,354.6199951171875,526.1219482421875,428.2699890136719,372.1672973632813,225.41465759277344,15.899999618530272,22.459999084472656,248.3991851806641,461.239990234375,159.70816040039062,273.5377197265625
2026-02-12,261.4891052246094,224.0335235595703,262.5,329.4233703613281,126.58000183105467,308.4800109863281,327.57373046875,205.94000244140625,360.9542846679688,199.6000061035156,135.1199951171875,36.16999816894531,122.19000244140624,1401.9796142578125,329.9545593261719,202.40982055664065,195.5,58.58773040771485,105.76000213623048,196.36573791503903,116.38999938964844,288.3299865722656,275.3226928710937,292.9599914550781,216.1000061035156,121.77999877929688,184.49122619628903,102.88500213623048,95.6999969482422,126.12999725341795,112.28644561767578,177.90444946289062,3.829999923706055,130.80953979492188,947.9888916015624,388.0442810058594,815.6497802734375,149.96713256835938,308.59832763671875,21.993423461914062,257.6238708496094,46.47999954223633,40.02999877929688,478.6000061035156,241.86582946777344,144.71202087402344,185.1999969482422,1034.7587890625,230.85060119628903,78.06621551513672,648.6529541015625,1151.8660888671875,117.5182113647461,40.11000061035156,78.17157745361328,400.0584106445313,413.7325439453125,89.7300033569336,185.1699981689453,24.780000686645508,103.29000091552734,161.30601501464844,186.7122802734375,47.1989860534668,156.41909790039062,11.539999961853027,240.12506103515625,63.91999816894531,70.62999725341797,155.394775390625,162.80999755859375,26.559295654296875,129.1300048828125,137.08033752441406,781.5411987304688,30.43000030517578,13.989999771118164,172.91000366210938,423.3500061035156,677.668701171875,430.1125183105469,310.7826232910156,367.80999755859375,508.8064575195313,417.0700073242188,366.20806884765625,221.8726501464844,15.210000038146973,21.299999237060547,236.404525756836,465.0199890136719,162.65005493164062,283.8901062011719
2026-02-13,255.5445556640625,227.9725646972656,263.9700012207031,335.1298217773437,129.32000732421875,314.3999938964844,354.0278015136719,207.32000732421875,366.4229736328125,198.7899932861328,141.58999633789062,35.279998779296875,125.27999877929688,1401.720458984375,323.9765625,203.4291839599609,196.5200042724609,59.44902801513672,105.87000274658205,199.85623168945312,112.9000015258789,299.4599914550781,287.5971374511719,303.9200134277344,217.22999572753903,121.44000244140624,188.759506225586,107.41000366210938,96.04000091552734,125.1999969482422,116.93436431884766,178.55564880371094,3.7799999713897705,131.33917236328125,946.3262329101562,386.9706115722656,801.23583984375,153.0986328125,305.32257080078125,22.478864669799805,260.4630126953125,46.790000915527344,42.220001220703125,485.8399963378906,240.7779083251953,146.03660583496094,199.19000244140625,1038.2127685546875,235.08253479003903,77.7101058959961,638.6307983398438,1167.351318359375,119.6568832397461,42.22999954223633,78.5512924194336,399.5407409667969,411.42388916015625,98.01000213623048,195.8500061035156,24.790000915527344,107.08000183105467,171.8238067626953,182.5873107910156,47.81634140014648,158.2823944091797,11.619999885559082,242.345932006836,65.69000244140625,72.20999908447266,159.02938842773438,166.9499969482422,26.665651321411133,131.41000366210938,139.28794860839844,801.0086669921875,30.540000915527344,14.3100004196167,182.2899932861328,437.0899963378906,678.1461181640625,424.9451904296875,314.54119873046875,376.7000122070313,503.8163757324219,417.4400024414063,364.4770202636719,225.0166778564453,15.520000457763672,20.71999931335449,234.4254150390625,491.4700012207031,171.01690673828125,281.3719177246094
2026-02-17,263.6371154785156,229.3118438720703,260.45001220703125,335.5374450683594,123.69000244140624,332.6099853515625,358.2373352050781,203.0800018310547,370.5617065429688,201.1499938964844,142.5800018310547,33.560001373291016,126.88999938964844,1414.8447265625,331.31951904296875,207.31863403320312,195.6199951171875,59.06731033325195,106.98999786376952,200.5443572998047,112.94000244140624,283.4599914550781,302.13507080078125,302.3299865722656,219.9600067138672,124.8000030517578,183.35699462890625,103.57125091552734,91.0,122.55999755859376,115.54097747802734,177.49005126953125,3.809999942779541,129.47047424316406,942.1497192382812,389.197509765625,818.2368774414062,153.3851318359375,301.6273498535156,21.76556205749512,256.4227294921875,46.18000030517578,40.970001220703125,493.3500061035156,240.6592254638672,146.8315887451172,199.3500061035156,1034.2696533203125,235.1324462890625,78.08600616455078,638.1516723632812,1169.055419921875,119.81456756591795,43.93000030517578,78.95099639892578,395.1004943847656,399.5506591796875,97.5199966430664,193.67999267578125,25.229999542236328,105.91000366210938,172.92044067382812,184.7446746826172,47.623416900634766,161.26171875,11.619999885559082,243.0003204345703,67.63999938964844,71.95999908447266,152.9021759033203,163.5,26.46261405944824,133.02000427246094,141.19859313964844,791.3945922851562,30.11000061035156,14.270000457763672,177.10000610351562,421.9500122070313,679.2402954101562,414.91986083984375,305.4146423339844,388.2799987792969,500.5928039550781,410.6300048828125,362.3281555175781,224.549057006836,15.199999809265137,20.56999969482422,243.42140197753903,477.3200073242188,173.20083618164062,283.9000549316406
2026-02-18,264.106689453125,225.2349395751953,263.1700134277344,344.3456726074219,129.5800018310547,332.67999267578125,368.3820495605469,200.1199951171875,376.8839721679688,204.7899932861328,139.5399932861328,31.90999984741211,127.23999786376952,1463.614501953125,332.28594970703125,206.5169982910156,194.1300048828125,58.46049499511719,107.9499969482422,201.7012176513672,116.5,305.010009765625,293.200927734375,310.9599914550781,223.88999938964844,127.91000366210938,186.8392791748047,103.94000244140624,95.4499969482422,121.77999877929688,116.22771453857422,173.67169189453125,3.920000076293945,131.79885864257812,914.705810546875,378.152587890625,816.6386108398438,150.88584899902344,302.9356689453125,21.34947204589844,258.8846130371094,45.459999084472656,42.08000183105469,500.760009765625,242.301010131836,147.84130859375,206.6699981689453,1018.8062133789062,239.6338806152344,78.25415802001953,642.0746459960938,1184.14208984375,119.9032745361328,46.59999847412109,79.03092956542969,397.8283386230469,420.7085571289063,101.8000030517578,191.44000244140625,25.06999969482422,107.80999755859376,170.53773498535156,187.75099182128903,47.488372802734375,160.49505615234375,12.039999961853027,235.3064880371093,67.38999938964844,70.66000366210938,155.0869140625,152.35000610351562,26.46261405944824,135.3800048828125,141.80247497558594,790.0282592773438,29.709999084472656,14.199999809265137,176.0800018310547,442.30999755859375,682.662109375,423.0997619628906,314.7011413574219,380.2900085449219,512.5390014648438,411.3200073242188,360.3981018066406,222.1910400390625,16.0,21.34000015258789,243.1015472412109,470.30999755859375,170.0994415283203,296.3408508300781
2026-02-19,260.3401184082031,220.9315185546875,259.2099914550781,343.2818908691406,132.6199951171875,339.3699951171875,369.3707885742188,203.3699951171875,372.6856689453125,204.8600006103516,137.22999572753906,31.530000686645508,126.93000030517578,1453.858642578125,332.76416015625,208.6199951171875,192.0800018310547,59.01837921142578,110.41999816894533,208.50271606445312,119.02999877929688,296.5899963378906,290.8178405761719,318.4100036621094,232.47999572753903,130.66000366210938,184.35194396972656,105.53500366210938,97.13999938964844,120.5999984741211,118.49693298339844,174.53994750976562,4.090000152587891,132.5783233642578,908.5599365234376,375.1104736328125,833.6796264648438,149.28549194335938,302.456298828125,21.19095993041992,254.4075622558593,44.619998931884766,43.290000915527344,499.5299987792969,244.199935913086,146.80264282226562,208.8800048828125,1021.4616088867188,236.93902587890625,76.32526397705078,643.6318969726562,1171.088134765625,120.10037994384766,49.70000076293945,79.55054473876953,397.5988464355469,417.110595703125,107.61000061035156,192.63999938964844,25.65999984741211,107.37000274658205,174.47567749023438,187.6710968017578,46.735965728759766,159.0781707763672,12.34000015258789,230.1309967041016,67.63999938964844,68.08999633789062,155.454345703125,150.99000549316406,25.969520568847656,134.88999938964844,139.85223388671875,780.2745971679688,32.15999984741211,14.640000343322754,179.1999969482422,442.4400024414063,680.8616333007812,407.9669799804688,315.7807312011719,380.05999755859375,514.095947265625,411.7099914550781,358.5377197265625,216.9476776123047,16.110000610351562,21.96999931335449,242.9516143798828,469.2699890136719,172.02410888671875,284.4596862792969
2026-02-20,264.3364562988281,221.384506225586,258.6099853515625,352.9550170898437,129.67999267578125,336.19000244140625,374.9139099121094,200.1499938964844,371.9412841796875,210.1100006103516,132.7899932861328,29.040000915527344,125.58000183105467,1464.4815673828125,331.4291076660156,204.1999969482422,192.02999877929688,59.370723724365234,110.1449966430664,205.87985229492188,121.3499984741211,296.2799987792969,293.9886474609375,334.95001220703125,248.17999267578125,124.05999755859376,184.2225952148437,97.1500015258789,89.25,115.66000366210938,121.6917495727539,173.3362274169922,4.059999942779541,134.39707946777344,918.535888671875,371.1935729980469,829.4144287109375,149.5620880126953,314.570556640625,21.1711483001709,255.28114318847656,44.11000061035156,39.97999954223633,504.0499877929688,239.8284454345703,149.40931701660156,203.72999572753903,1007.7852172851562,244.45469665527344,76.88909149169922,654.4925537109375,1199.8665771484375,120.49461364746094,49.869998931884766,79.42064666748047,396.37152099609375,427.9243774414063,97.91999816894533,177.13999938964844,24.600000381469727,104.2699966430664,178.63294982910156,189.5887756347656,45.74240112304688,157.86509704589844,12.380000114440918,230.2896270751953,63.83000183105469,69.11000061035156,147.0530242919922,148.6999969482422,25.76648330688477,135.24000549316406,141.44607543945312,778.5072021484375,32.41999816894531,13.4399995803833,172.5,439.9400024414063,685.7855834960938,410.1017150878906,324.72735595703125,382.25,509.9142456054688,411.8200073242188,368.6355590820313,218.6191864013672,16.25,21.350000381469727,243.6413116455078,476.8999938964844,170.92713928222656,285.3090209960937
2026-02-23,265.9349670410156,225.9833526611328,246.67999267578125,353.0743408203125,128.24000549316406,329.3500061035156,373.086181640625,196.6000061035156,376.5763244628906,205.2700042724609,127.43000030517578,30.0,123.77999877929688,1480.824462890625,329.1275939941406,204.94000244140625,196.33999633789065,59.948184967041016,109.93000030517578,197.8417205810547,118.75,279.79998779296875,292.95166015625,344.8399963378906,248.88999938964844,124.0500030517578,177.25804138183594,87.5824966430664,90.83999633789062,102.61499786376952,118.5765609741211,173.74075317382812,4.190000057220459,136.3257293701172,935.8850708007812,359.9299011230469,830.7728881835938,148.01116943359375,311.0850524902344,19.813894271850582,221.71815490722656,43.630001068115234,42.36000061035156,492.1000061035156,243.1416778564453,148.5763702392578,200.9900054931641,1056.740966796875,241.8097381591797,76.21746063232422,636.1153564453125,1185.8760986328125,122.0320816040039,50.290000915527344,77.73190307617188,383.6390686035156,420.728515625,100.61000061035156,160.19000244140625,24.440000534057617,100.8000030517578,175.9810791015625,191.3166656494141,38.22799682617188,159.8351287841797,12.390000343322754,229.1890869140625,63.09000015258789,69.47000122070312,140.32997131347656,144.13999938964844,26.16288948059082,130.60000610351562,139.00086975097656,785.8662109375,30.709999084472656,12.600000381469728,157.60000610351562,420.8200073242188,678.7827758789062,406.4007873535156,318.3797607421875,367.8399963378906,515.4132690429688,399.8299865722656,368.13812255859375,218.7485198974609,15.970000267028809,21.020000457763672,245.31056213378903,481.010009765625,167.33706665039062,280.2127990722656
2026-02-24,271.8895263671875,224.95919799804688,255.1699981689453,354.0088195800781,128.39999389648438,332.8500061035156,377.4607543945313,213.83999633789065,380.00042724609375,208.5599975585937,128.77000427246094,30.65999984741211,128.13999938964844,1492.593505859375,324.2953796386719,206.6100006103516,195.1300048828125,60.29074478149414,110.88500213623048,203.67584228515625,121.08000183105467,290.6300048828125,311.7372741699219,342.70001220703125,254.8600006103516,120.83000183105467,184.4812927246093,87.5625,99.3000030517578,104.43000030517578,119.2135238647461,175.86207580566406,4.300000190734863,136.17584228515625,942.0805053710938,372.3666687011719,878.7493286132812,145.84774780273438,310.495849609375,20.061569213867188,227.64454650878903,46.119998931884766,45.45000076293945,494.0199890136719,244.87173461914065,150.4729461669922,207.1699981689453,1040.359130859375,243.7859802246093,75.5508041381836,638.1616821289062,1209.403076171875,122.14049530029295,50.52000045776367,78.33145904541016,388.1593017578125,417.7702331542969,102.58000183105467,163.80999755859375,25.420000076293945,102.48999786376952,183.4681396484375,192.6150817871093,37.22478866577149,162.1739501953125,12.850000381469728,232.6295166015625,65.05999755859375,70.02999877929688,145.12648010253906,141.6699981689453,26.240238189697266,128.83999633789062,143.32699584960938,771.0383911132812,31.1299991607666,13.43000030517578,161.05999755859375,440.7200012207031,683.7164916992188,395.0487060546875,328.9657592773437,375.239990234375,514.574951171875,409.3800048828125,383.7673645019531,212.2714385986328,16.170000076293945,22.770000457763672,253.037109375,487.4299926757813,171.1465301513672,270.3700866699219
2026-02-25,273.97760009765625,223.4623413085937,257.8099975585937,358.6913146972656,128.14999389648438,327.3599853515625,394.4596252441406,210.8600006103516,381.4494934082031,210.63999938964844,132.88999938964844,29.07999992370605,131.74000549316406,1521.2037353515625,331.0903625488281,205.7899932861328,190.72999572753903,59.99712371826172,109.83999633789062,207.7048797607422,119.72000122070312,301.8399963378906,324.8991394042969,353.3299865722656,267.8999938964844,123.45999908447266,190.7792358398437,90.82749938964844,98.01000213623048,110.33000183105467,122.89603424072266,177.1940460205078,4.230000019073486,137.24510192871094,955.792724609375,371.3426513671875,875.0335083007812,145.3340606689453,312.4932556152344,20.438032150268555,235.80447387695312,46.880001068115234,44.02999877929688,506.1700134277344,243.76808166503903,154.47084045410156,210.6300048828125,1027.06201171875,249.00604248046875,75.09310913085938,652.5260009765625,1227.61865234375,120.69171905517578,51.369998931884766,80.85956573486328,399.7342224121094,428.75390625,106.12000274658205,171.8000030517578,27.200000762939453,104.2300033569336,183.02947998046875,195.3217620849609,36.80999755859375,161.921630859375,12.81999969482422,233.0657653808593,66.31999969482422,69.68000030517578,146.8643341064453,144.83999633789062,26.19189643859864,134.19000244140625,144.3565673828125,783.1103515625,33.599998474121094,13.18000030517578,169.2100067138672,449.1700134277344,689.4859008789062,420.81536865234375,342.6905822753906,391.4299926757813,512.6587524414062,417.3999938964844,385.7371826171875,212.8186492919922,15.630000114440918,22.600000381469727,262.0730895996094,483.0499877929688,174.87620544433594,290.7350158691406
2026-02-26,272.6987609863281,221.26632690429688,259.0400085449219,352.2790222167969,124.66999816894533,331.239990234375,375.2535095214844,203.67999267578125,376.4869689941406,207.9199981689453,130.25,28.64999961853028,129.25999450683594,1458.711669921875,320.519287109375,203.97999572753903,188.0200042724609,59.80137252807617,108.8000030517578,206.6776885986328,118.18000030517578,297.6000061035156,322.625732421875,341.1600036621094,250.13999938964844,114.4800033569336,198.46014404296875,95.2750015258789,97.62999725341795,116.45999908447266,120.87562561035156,174.0170135498047,4.260000228881836,132.108642578125,943.354248046875,372.3964538574219,875.4829711914062,142.0247344970703,306.9804077148437,20.646080017089844,240.2418212890625,45.459999084472656,44.2400016784668,506.8800048828125,242.0778045654297,152.2366943359375,210.9600067138672,1020.2637329101562,238.61582946777344,74.5956039428711,655.8401489257812,1175.98095703125,117.57735443115234,51.709999084472656,79.23078918457031,400.851806640625,415.3216247558594,104.87999725341795,174.66000366210938,27.71999931335449,109.3000030517578,180.78634643554688,184.66476440429688,36.289100646972656,160.62120056152344,12.760000228881836,230.2499542236328,69.06999969482422,68.16000366210938,149.26756286621094,149.39999389648438,26.201562881469727,135.94000244140625,144.12887573242188,769.6404418945312,32.279998779296875,13.329999923706056,173.05999755859375,426.0,685.6561889648438,408.6652526855469,332.57440185546875,390.0499877929688,519.0859985351562,408.5799865722656,374.8733215332031,211.5550842285156,15.380000114440918,22.84000015258789,259.1144104003906,480.1300048828125,176.3321990966797,282.0414428710937
2026-02-27,263.93682861328125,228.54373168945312,262.4100036621094,353.7106018066406,118.83000183105467,332.9200134277344,371.8377380371094,200.2100067138672,385.2507934570313,210.0,133.5,27.270000457763672,127.4499969482422,1445.517822265625,318.377197265625,208.4499969482422,191.82000732421875,61.04438018798828,110.2300033569336,205.4210968017578,118.4000015258789,301.3999938964844,328.927490234375,348.70001220703125,258.92999267578125,112.2699966430664,193.8038482666016,92.99500274658205,79.55999755859375,111.95999908447266,147.37969970703125,174.83595275878906,4.179999828338623,132.3584747314453,969.465087890625,373.71868896484375,872.6261596679688,147.141845703125,311.354736328125,21.27021598815918,238.4549865722656,45.61000061035156,40.95000076293945,503.510009765625,247.00942993164065,152.2606658935547,202.58999633789065,1050.18212890625,233.44566345214844,74.26725006103516,647.0258178710938,1138.722412109375,122.0320816040039,53.56999969482422,81.62899017333984,391.8912048339844,412.1334533691406,91.19000244140624,172.19000244140625,26.59000015258789,108.01000213623048,178.41363525390625,176.97415161132812,36.125118255615234,163.63934326171875,12.779999732971191,225.0744781494141,62.95000076293945,66.4800033569336,144.3916015625,148.9199981689453,26.73332977294922,137.19000244140625,140.93128967285156,780.5042114257812,32.38999938964844,12.850000381469728,168.41000366210938,414.0,682.3637084960938,406.8397216796875,319.9091796875,370.9700012207031,520.073974609375,402.510009765625,372.6547546386719,211.03770446777344,15.329999923706056,21.31999969482422,254.77633666992188,496.8299865722656,173.4102783203125,279.4933166503906
2026-03-02,264.476318359375,230.6905059814453,260.8800048828125,350.3503723144531,120.5500030517578,325.07000732421875,371.7178955078125,198.6199951171875,382.8092346191406,208.38999938964844,129.3000030517578,27.93000030517578,124.37000274658205,1418.5916748046875,317.6498718261719,203.72999572753903,188.0500030517578,61.015018463134766,107.4800033569336,215.8826446533203,125.73999786376952,303.3599853515625,326.21533203125,353.7300109863281,298.9100036621094,114.22000122070312,191.97315979003903,96.21499633789062,78.05000305175781,111.11000061035156,152.82383728027344,176.3060760498047,4.369999885559082,135.4063720703125,961.34521484375,375.1900024414063,880.19775390625,148.20872497558594,306.1215209960937,21.92407417297364,237.62110900878903,45.5,41.38999938964844,496.25,247.13868713378903,153.29933166503906,207.9900054931641,1016.2206420898438,230.56114196777344,73.93889617919922,652.396240234375,1138.56298828125,119.6568832397461,52.845001220703125,80.79961395263672,397.6886291503906,412.4333190917969,91.01000213623048,181.0200042724609,27.56999969482422,109.41999816894533,175.0439453125,182.25770568847656,36.42414855957031,161.9410400390625,13.300000190734863,222.84364318847656,64.68000030517578,66.4800033569336,148.21490478515625,150.14999389648438,26.356258392333984,145.1699981689453,139.61463928222656,789.630615234375,31.82999992370605,13.050000190734863,170.3300018310547,424.6600036621094,682.751708984375,378.5891723632813,325.7069702148437,353.239990234375,507.5689086914063,403.3200073242188,367.2128601074219,208.75929260253903,15.65999984741211,23.3700008392334,257.6350402832031,486.0299987792969,165.53207397460938,269.8804016113281
2026-03-03,263.5072326660156,230.296615600586,270.989990234375,338.0639953613281,109.8000030517578,318.6499938964844,350.8837890625,190.9499969482422,374.1744384765625,208.72999572753903,124.5999984741211,26.14999961853028,121.72000122070312,1356.209228515625,312.68817138671875,201.759994506836,184.0200042724609,59.918827056884766,100.76000213623048,205.27149963378903,117.79000091552734,300.6300048828125,323.9319152832031,333.07000732421875,280.8099975585937,97.3000030517578,195.0574645996093,97.8550033569336,73.77999877929688,111.7699966430664,144.493408203125,175.7535400390625,4.0,126.702392578125,967.2261352539062,353.4779052734375,841.0614013671875,146.0354461669922,303.1853332519531,21.43863296508789,243.4879302978516,43.09999847412109,38.84999847412109,497.4200134277344,245.3390350341797,143.95126342773438,197.3500061035156,1005.9982299804688,216.85723876953125,71.03347778320312,653.91357421875,1070.5927734375,118.09970092773438,49.83000183105469,77.45211029052734,403.0570068359375,379.4621887207031,86.80000305175781,178.91000366210938,26.020000457763672,113.19000244140624,161.56521606445312,179.83065795898438,35.36306381225586,159.3304901123047,12.359999656677246,213.41473388671875,63.29999923706055,63.41999816894531,147.97657775878906,156.08999633789062,25.698802947998047,147.22000122070312,136.74374389648438,765.5166015625,30.68000030517578,12.529999732971191,165.7899932861328,424.3200073242188,676.7337036132812,356.7428894042969,304.1051330566406,341.3900146484375,507.08984375,392.4299926757813,351.3150329589844,201.6454315185547,14.5600004196167,20.88999938964844,244.3309936523437,474.2699890136719,161.25390625,250.42481994628903
2026-03-04,262.2783508300781,232.5911102294922,273.1199951171875,340.5771484375,113.7699966430664,327.29998779296875,357.3157958984375,202.07000732421875,376.4273986816406,216.82000732421875,134.8300018310547,28.64999961853028,124.11000061035156,1394.505615234375,316.3645935058594,201.52999877929688,189.94000244140625,61.00523376464844,103.8000030517578,205.01222229003903,120.23999786376952,305.42999267578125,321.91778564453125,343.54998779296875,274.8599853515625,102.54000091552734,192.1024932861328,101.91999816894533,79.5,118.33000183105467,146.40432739257812,180.18362426757807,4.119999885559082,128.91085815429688,964.270751953125,352.38433837890625,840.332275390625,146.42071533203125,302.7359619140625,21.34947204589844,248.2330017089844,45.58000183105469,43.84000015258789,501.1799926757813,243.8973388671875,147.40286254882812,203.0800018310547,1001.8453979492188,222.83303833007807,69.5509262084961,666.541015625,1095.1561279296875,118.54319763183594,57.79999923706055,78.03166961669922,404.32427978515625,400.5400695800781,97.77999877929688,185.88999938964844,26.36000061035156,113.86000061035156,163.0406951904297,182.8170166015625,37.137969970703125,160.27183532714844,12.770000457763672,214.5251922607422,65.6500015258789,62.52999877929688,151.31326293945312,158.55999755859375,25.737478256225582,153.19000244140625,138.10987854003906,786.3255615234375,32.650001525878906,12.539999961853027,168.25999450683594,430.9800109863281,681.5082397460938,374.0902404785156,305.08477783203125,336.57000732421875,511.6707458496094,405.9400024414063,355.6028747558594,201.3668365478516,15.039999961853027,21.809999465942383,251.1679534912109,477.8900146484375,162.90933227539062,261.1069030761719
2026-03-05,260.0504150390625,228.8096160888672,281.739990234375,328.8193359375,120.0,320.510009765625,346.0997314453125,199.4499969482422,364.8448791503906,218.94000244140625,139.39999389648438,28.09000015258789,120.62000274658205,1363.6033935546875,331.54864501953125,197.5200042724609,188.0800018310547,59.44902801513672,101.9499969482422,194.9695281982422,114.23999786376952,299.8399963378906,331.1111755371094,299.29998779296875,253.8699951171875,114.73999786376952,200.37042236328125,106.54000091552734,74.81999969482422,122.36000061035156,145.82708740234375,177.3519287109375,3.880000114440918,124.4939193725586,948.3096923828124,352.71240234375,814.1015014648438,143.3780975341797,300.4888916015625,21.27021598815918,254.6755828857422,45.95000076293945,40.125,496.7000122070313,238.259765625,142.75379943847656,194.27999877929688,981.5703125,214.52886962890625,67.47135925292969,659.393798828125,1074.6483154296875,114.39398956298828,53.83000183105469,75.62347412109375,409.79241943359375,396.8222351074219,95.6500015258789,192.3099975585937,25.56999969482422,120.37999725341795,159.97010803222656,183.1166534423828,37.68780517578125,156.25411987304688,12.399999618530272,208.78456115722656,62.02999877929688,60.84999847412109,153.71649169921875,163.16000366210938,25.727807998657227,152.6699981689453,136.49586486816406,763.7891845703125,32.2400016784668,12.18000030517578,177.4499969482422,442.2999877929688,677.70849609375,366.4390258789063,305.4646301269531,334.8599853515625,517.8085327148438,405.5499877929688,352.041259765625,196.9791412353516,13.699999809265137,20.31999969482422,249.6386260986328,460.8200073242188,166.93817138671875,258.9624938964844
2026-03-06,257.2229919433594,226.603744506836,283.6199951171875,314.94732666015625,119.1999969482422,320.6600036621094,324.3367919921875,192.42999267578125,366.7604064941406,213.2100067138672,132.88999938964844,25.13999938964844,114.37999725341795,1288.3060302734375,329.26708984375,194.22000122070312,184.8699951171875,59.00859069824219,101.5,194.70025634765625,109.68000030517578,296.94000244140625,318.1387023925781,294.1700134277344,235.72000122070312,109.83000183105467,201.0867919921875,107.24749755859376,72.98999786376953,125.75,145.78726196289062,173.83941650390625,3.670000076293945,112.3623046875,932.5874633789062,345.713623046875,788.3502197265625,142.1827850341797,298.1319274902344,20.93337821960449,256.95880126953125,43.41999816894531,36.70000076293945,490.1600036621094,239.0253448486328,134.2836151123047,188.88999938964844,988.628173828125,199.189682006836,64.446533203125,643.7117309570312,1019.562744140625,114.11803436279295,52.52000045776367,89.50310516357422,408.0761413574219,370.0875854492188,89.33000183105469,195.19000244140625,23.540000915527344,124.33999633789062,153.84886169433594,177.60337829589844,37.21514129638672,155.39041137695312,12.09000015258789,200.0199432373047,58.25,56.869998931884766,151.89918518066406,165.0500030517578,26.153221130371094,157.16000366210938,135.190673828125,758.7267456054688,31.309999465942383,11.670000076293944,180.47999572753903,437.4100036621094,668.82568359375,351.9346923828125,272.9468994140625,320.5599975585937,500.9720458984375,396.7300109863281,337.1482238769531,192.25314331054688,12.93000030517578,19.030000686645508,241.6721954345703,456.6900024414063,158.21231079101562,245.1860809326172
2026-03-09,259.6407775878906,223.9842834472656,282.44000244140625,318.836669921875,122.30999755859376,323.5899963378906,338.5191650390625,202.67999267578125,374.1446533203125,213.4900054931641,137.1699981689453,27.030000686645508,117.62999725341795,1352.7015380859375,344.4810485839844,194.9499969482422,188.2400054931641,59.34136581420898,102.16000366210938,199.8462677001953,116.13999938964844,298.04998779296875,322.48895263671875,318.5400085449219,252.32000732421875,115.9800033569336,197.78358459472656,108.53250122070312,74.41000366210938,128.55999755859375,145.81712341308594,177.2532501220703,3.809999942779541,117.2589111328125,940.2594604492188,351.7977905273437,829.1746215820312,144.85000610351562,306.1770935058594,21.607051849365234,251.47911071777344,45.58000183105469,38.84000015258789,493.55999755859375,241.20281982421875,142.7278289794922,195.8500061035156,1006.6571655273438,211.00135803222656,64.6753921508789,646.2372436523438,1058.2662353515625,115.4189682006836,55.7400016784668,92.580810546875,408.5251770019531,389.0966796875,94.94000244140624,201.47999572753903,23.68000030517578,121.93000030517578,154.94549560546875,182.427490234375,38.37268829345703,157.98155212402344,12.65999984741211,203.50001525878903,61.77999877929688,59.22999954223633,150.50889587402344,165.10000610351562,25.92117691040039,156.42999267578125,137.60177612304688,780.434326171875,31.979999542236328,12.15999984741211,182.83999633789065,437.2200012207031,674.6845703125,373.4118957519531,296.3280944824219,335.1099853515625,508.9561462402344,398.6799926757813,346.9078063964844,195.2081298828125,13.5600004196167,19.8700008392334,264.2321472167969,460.8699951171875,163.16859436035156,261.99169921875
2026-03-10,260.58990478515625,223.5509796142578,275.1300048828125,317.9391174316406,116.4800033569336,322.3800048828125,345.4505615234375,203.22999572753903,372.6161804199219,214.3300018310547,139.6199951171875,27.39999961853028,120.5500030517578,1378.5911865234375,341.3226623535156,194.9900054931641,188.4100036621093,58.85198974609375,83.88999938964844,195.37841796875,120.08000183105467,293.2900085449219,316.5981140136719,337.3599853515625,260.6400146484375,112.33000183105467,193.9232482910156,109.0824966430664,74.91999816894531,123.08000183105467,143.11993408203125,178.44711303710938,4.039999961853027,116.79923248291016,951.3646240234376,360.0649719238281,838.2645263671875,146.75657653808594,306.8567199707031,20.90365982055664,248.3719787597656,46.77999877929688,38.119998931884766,485.8500061035156,242.31643676757807,145.10879516601562,200.83999633789065,999.6292114257812,215.0784912109375,65.00374603271484,652.9053955078125,1052.10791015625,115.39925384521484,54.97999954223633,93.2303237915039,404.8830871582031,402.8787536621094,96.43000030517578,207.4900054931641,23.89999961853028,116.61000061035156,154.6763153076172,184.544921875,37.350189208984375,156.81698608398438,13.0,201.29893493652344,61.380001068115234,59.59000015258789,148.36386108398438,165.5800018310547,26.25957489013672,151.13999938964844,134.70248413085938,770.878662109375,31.790000915527344,12.029999732971191,175.32000732421875,432.6499938964844,673.6002807617188,383.3475036621094,300.65643310546875,331.5799865722656,499.0857849121094,399.239990234375,345.3060607910156,196.46177673339844,14.479999542236328,20.309999465942383,269.9395751953125,499.1700134277344,163.9464569091797,266.1506042480469
2026-03-11,260.5699157714844,224.21075439453125,273.7099914550781,318.3480224609375,124.70999908447266,320.42999267578125,350.6341247558594,204.8300018310547,374.8096618652344,212.6499938964844,138.22999572753906,28.520000457763672,120.0999984741211,1381.8597412109375,340.3163757324219,193.3099975585937,190.47999572753903,58.705177307128906,90.83999633789062,195.71795654296875,115.38999938964844,294.1600036621094,300.2235412597656,339.95001220703125,251.4100036621093,115.91000366210938,193.14718627929688,110.50749969482422,81.95999908447266,127.48999786376952,146.6730499267578,178.1807098388672,4.0,116.09972381591795,968.63916015625,354.8094787597656,846.7051391601562,144.2276611328125,308.5157470703125,21.230588912963867,247.0516967773437,47.97999954223633,41.97999954223633,492.8699951171875,241.6005401611328,146.31326293945312,200.3500061035156,998.121826171875,218.71592712402344,65.4614486694336,653.6939697265625,1067.32421875,114.53196716308594,55.970001220703125,90.3724594116211,404.0049743652344,418.4498291015625,111.99500274658205,213.0,24.729999542236328,115.62999725341795,148.1762237548828,185.8134307861328,37.456298828125,155.8000030517578,12.640000343322754,198.16587829589844,62.7599983215332,59.2400016784668,161.98870849609375,164.92999267578125,26.394933700561523,151.60000610351562,133.62644958496094,773.5046997070312,31.790000915527344,12.380000114440918,179.42999267578125,432.9800109863281,672.7548217773438,385.02337646484375,301.8759765625,316.2200012207031,494.7344665527344,407.8200073242188,352.7376708984375,197.6656494140625,14.149999618530272,20.06999969482422,268.140380859375,492.3800048828125,158.72091674804688,268.73992919921875
2026-03-12,255.52456665039065,221.9359588623047,269.7799987792969,306.4306335449219,119.9000015258789,317.2300109863281,336.8512268066406,197.7400054931641,365.0334777832031,209.52999877929688,134.02999877929688,27.479999542236328,115.12000274658205,1346.8817138671875,334.7369384765625,192.5,184.8999938964844,57.69707107543945,90.0999984741211,197.5555114746093,115.3000030517578,290.32000732421875,301.08221435546875,336.8299865722656,241.2700042724609,111.56999969482422,198.27110290527344,110.38500213623048,79.86000061035156,127.16000366210938,149.20103454589844,177.99325561523438,4.010000228881836,109.9040069580078,966.6887817382812,347.67919921875,831.1824340820312,143.44725036621094,303.3687744140625,21.37919235229492,245.87039184570312,45.25,41.369998931884766,479.2699890136719,240.6559600830078,140.77732849121094,214.8500061035156,975.5706176757812,209.3425445556641,62.41672897338867,637.043701171875,1030.2451171875,114.23629760742188,53.38999938964844,87.60452270507812,400.9914855957031,405.1174621582031,108.04000091552734,212.1100006103516,23.729999542236328,112.97000122070312,151.63563537597656,182.9268035888672,36.67495346069336,154.25,12.460000038146973,189.58963012695312,59.59000015258789,57.68999862670898,158.05618286132812,168.1199951171875,25.969520568847656,153.5,130.66737365722656,745.4965209960938,30.89999961853028,11.760000228881836,177.25,418.7200012207031,662.5390625,373.0627746582031,286.50177001953125,311.45001220703125,474.9439086914063,395.010009765625,334.9794006347656,189.0892333984375,14.09000015258789,19.81999969482422,265.2616577148437,478.1300048828125,159.13975524902344,261.1119079589844
2026-03-13,249.8897705078125,216.33267211914065,249.32000732421875,305.23394775390625,120.30999755859376,313.4100036621094,341.10595703125,193.38999938964844,363.4653015136719,207.6699981689453,133.57000732421875,27.049999237060547,115.75,1341.01220703125,320.9776306152344,189.8999938964844,181.5500030517578,57.824310302734375,91.19000244140624,193.8704376220703,107.91999816894533,287.0299987792969,301.3018493652344,337.3800048828125,242.759994506836,117.69000244140624,191.853759765625,110.44499969482422,81.11000061035156,124.5199966430664,150.90293884277344,178.42041015625,3.819999933242798,108.2051773071289,965.1265258789062,354.4205627441406,804.1226196289062,144.0433349609375,302.0995483398437,21.37919235229492,244.48062133789065,45.77000045776367,41.58000183105469,472.1600036621094,240.13894653320312,141.68316650390625,209.63999938964844,983.38720703125,212.0506286621093,61.630672454833984,612.6171875,1048.8892822265625,113.9406280517578,52.560001373291016,87.79438781738281,394.6951293945313,425.8855590820313,112.9499969482422,212.4499969482422,22.81999969482422,113.62000274658205,152.4032745361328,180.0401611328125,36.61707305908203,153.44000244140625,12.100000381469728,189.23269653320312,58.369998931884766,58.54999923706055,154.03427124023438,167.02000427246094,25.698802947998047,150.9499969482422,129.34228515625,744.6577758789062,30.75,11.800000190734863,178.66000366210938,412.6300048828125,658.7890014648438,382.7688903808594,286.3118896484375,316.1400146484375,463.9049682617188,391.2000122070313,336.5711669921875,189.81553649902344,13.40999984741211,18.670000076293945,258.7645874023437,469.3399963378906,158.511474609375,272.2190246582031
2026-03-16,252.58729553222656,218.07569885253903,251.8600006103516,310.0707092285156,127.4800033569336,318.9100036621094,345.7501525878906,196.5800018310547,363.5050048828125,211.7400054931641,135.35000610351562,27.709999084472656,121.6999969482422,1370.7784423828125,323.7275085449219,192.009994506836,183.259994506836,58.440914154052734,90.54000091552734,204.39634704589844,110.30999755859376,292.7200012207031,305.10595703125,363.8800048828125,247.3699951171875,116.87999725341795,197.3358764648437,105.95999908447266,85.86000061035156,126.56999969482422,155.79966735839844,180.04954528808594,3.660000085830689,111.56285858154295,979.6148681640624,360.0450134277344,826.4476928710938,144.26190185546875,305.3775939941406,21.64668083190918,247.42892456054688,45.7599983215332,44.93999862670898,483.4599914550781,241.7993927001953,143.6406707763672,212.83999633789065,987.4202270507812,219.2455444335937,63.51123809814453,626.8690185546875,1073.612060546875,114.60584259033205,53.310001373291016,91.51160430908205,399.0856323242188,441.5465698242188,129.85000610351562,207.3300018310547,21.959999084472656,114.87999725341795,152.01446533203125,183.0067138671875,37.21514129638672,154.8699951171875,11.729999542236328,190.25392150878903,59.68999862670898,59.880001068115234,154.88832092285156,167.4499969482422,25.727807998657227,152.72000122070312,128.9138641357422,755.7811279296875,31.86000061035156,11.970000267028809,174.39999389648438,425.8800048828125,665.493408203125,397.8019409179688,298.1573791503906,317.6000061035156,469.5293273925781,395.55999755859375,338.4813537597656,193.1486053466797,13.5,19.239999771118164,264.6219482421875,466.1000061035156,161.54310607910156,286.1353759765625
2026-03-17,253.99598693847656,216.4114532470703,254.1999969482422,312.8031921386719,127.56999969482422,320.4200134277344,352.0223693847656,196.3099975585937,358.4233703613281,215.1999969482422,133.07000732421875,27.51000022888184,127.30999755859376,1384.3311767578125,320.1307373046875,191.2899932861328,185.2899932861328,58.440914154052734,94.86000061035156,207.2025909423828,111.5199966430664,293.75,307.2126770019531,370.0499877929688,245.8000030517578,104.05999755859376,194.3212127685547,108.3000030517578,82.12000274658203,128.8699951171875,152.286376953125,179.1952362060547,3.7100000381469727,115.99979400634766,972.0722045898438,362.947021484375,843.6189575195312,143.45716857910156,310.7344055175781,21.468355178833008,254.23878479003903,44.060001373291016,42.959999084472656,482.760009765625,236.7484436035156,147.9461669921875,213.6000061035156,928.751220703125,226.31057739257807,64.2674331665039,622.0834350585938,1062.909912109375,115.04270935058594,53.93000030517578,90.72219848632812,398.5467834472656,461.4251708984375,116.33000183105467,211.5200042724609,21.68000030517578,116.72000122070312,154.2775421142578,181.7182006835937,37.0704460144043,154.85000610351562,11.9399995803833,192.36575317382807,60.52999877929688,60.97999954223633,153.6171875,169.19000244140625,26.53996086120605,155.0800018310547,131.1057586669922,757.91796875,31.51000022888184,12.4399995803833,174.60000610351562,429.2900085449219,667.2440185546875,420.0572204589844,299.2869567871094,327.1400146484375,472.2366027832031,399.2699890136719,345.1716613769531,193.46697998046875,13.989999771118164,19.31999969482422,268.3541564941406,462.489990234375,163.87664794921875,313.72821044921875
2026-03-18,249.7099456787109,205.1654510498047,246.0,307.7470397949219,126.33999633789062,314.79998779296875,349.0361022949219,199.4600067138672,348.845703125,209.8699951171875,136.07000732421875,26.64999961853028,128.36000061035156,1350.4593505859375,314.7704772949219,188.4199981689453,182.3099975585937,58.1081428527832,90.0,208.70057678222656,109.4000015258789,289.6400146484375,316.7279052734375,385.260009765625,257.2099914550781,101.72000122070312,193.3561248779297,108.95249938964844,82.81999969482422,131.25999450683594,148.50436401367188,177.75485229492188,3.650000095367432,115.50013732910156,968.7684936523438,359.5464172363281,858.0315551757812,140.3674774169922,307.5063171386719,21.32965850830078,249.7617645263672,45.02999877929688,42.209999084472656,477.7300109863281,235.9231872558593,148.0470428466797,208.4600067138672,916.4723510742188,224.55181884765625,64.3868408203125,615.1099243164062,1071.5096435546875,113.68248748779295,52.400001525878906,87.55455780029297,390.9432678222656,461.4651489257813,118.55999755859376,225.47999572753903,21.239999771118164,113.70999908447266,158.6242218017578,180.1899871826172,36.125118255615234,149.80999755859375,11.760000228881836,191.047103881836,56.70000076293945,60.459999084472656,151.83958435058594,168.91000366210938,26.414268493652344,152.77000427246094,129.98988342285156,743.01025390625,30.350000381469727,12.029999732971191,173.25,428.6700134277344,657.9335327148438,405.7723388671875,299.95672607421875,338.6000061035156,464.2246398925781,392.7799987792969,338.7766418457031,189.81553649902344,13.529999732971191,18.709999084472656,264.6549377441406,451.5899963378906,169.65066528320312,304.8205261230469
2026-03-19,248.73085021972656,203.0876007080078,245.9900054931641,309.5920104980469,126.16000366210938,311.1000061035156,356.7664794921875,205.2700042724609,347.29742431640625,208.759994506836,136.25999450683594,26.700000762939453,129.82000732421875,1361.6402587890625,318.6661376953125,188.92999267578125,183.4100036621093,56.87492370605469,89.30999755859375,209.83905029296875,106.5999984741211,287.3999938964844,315.97906494140625,412.5799865722656,275.57000732421875,107.08999633789062,194.0028381347656,107.04499816894533,80.66000366210938,129.94000244140625,156.01864624023438,178.65882873535156,3.5199999809265137,115.77994537353516,969.962646484375,359.2372741699219,876.9419555664062,140.18865966796875,306.9466552734375,21.91416931152344,248.54074096679688,46.18000030517578,41.65999984741211,479.9299926757813,236.24136352539065,150.95932006835938,205.08999633789065,915.92333984375,233.8252868652344,62.97393035888672,606.1382446289062,1088.8482666015625,113.38462829589844,52.369998931884766,89.463134765625,388.1792297363281,444.01513671875,121.5199966430664,221.3600006103516,21.01000022888184,113.2699966430664,160.9072265625,178.3521270751953,35.76820755004883,148.19000244140625,11.390000343322754,190.7100067138672,54.68999862670898,59.290000915527344,154.44143676757812,169.74000549316406,26.50128555297852,155.67999267578125,130.79690551757812,736.3502197265625,30.790000915527344,11.989999771118164,175.39999389648438,428.25,656.3121948242188,433.5340881347656,302.28582763671875,340.07000732421875,469.7391052246094,380.2999877929688,337.9984741210937,187.338119506836,13.279999732971191,17.920000076293945,269.114013671875,458.0499877929688,166.90826416015625,316.8473815917969
2026-03-20,247.76173400878903,201.9452972412109,248.1499938964844,308.5847473144531,116.04000091552734,312.1700134277344,356.6166687011719,201.3300018310547,345.1932678222656,205.3699951171875,131.22000122070312,25.93000030517578,132.35000610351562,1312.671142578125,309.3703918457031,183.6000061035156,181.4600067138672,56.2583122253418,89.2699966430664,199.48292541503903,101.5500030517578,283.8999938964844,281.55255126953125,383.8900146484375,253.6300048828125,103.4000015258789,194.390853881836,102.25,81.47000122070312,125.08000183105467,156.92433166503906,172.15220642089844,3.3299999237060547,114.58077239990234,954.4393310546876,355.8166809082031,850.6353759765625,136.3141326904297,300.8203125,21.488168716430664,240.0035858154297,43.869998931884766,41.290000915527344,477.9700012207031,234.02410888671875,149.67596435546875,186.759994506836,905.1419067382812,228.19924926757807,62.6555290222168,593.1102905273438,1065.0921630859375,113.3647689819336,51.380001068115234,87.84434509277344,381.0447082519531,422.6574096679688,117.62000274658205,215.4199981689453,21.100000381469727,110.37999725341795,145.3548583984375,172.4989471435547,35.23766326904297,146.02999877929688,11.260000228881836,189.73834228515625,53.970001220703125,59.2599983215332,148.6419219970703,162.9499969482422,26.07587242126465,150.67999267578125,129.42198181152344,731.7770385742188,20.530000686645508,11.4399995803833,168.02000427246094,420.3200073242188,646.9034423828125,410.221435546875,290.7201843261719,302.9700012207031,473.9149475097656,367.9599914550781,328.47076416015625,186.24368286132807,12.09000015258789,16.75,255.8267822265625,454.0,145.8157958984375,293.02362060546875
2026-03-23,251.25851440429688,201.8074188232422,247.63999938964844,311.33721923828125,123.87000274658205,306.6600036621094,361.3407897949219,202.67999267578125,347.14849853515625,210.13999938964844,135.8800048828125,27.26000022888184,136.88999938964844,1364.8590087890625,322.0003967285156,184.07000732421875,183.63999938964844,55.788516998291016,88.41000366210938,204.5761108398437,105.56999969482422,292.5199890136719,289.3105163574219,407.8999938964844,255.0500030517578,105.0999984741211,194.19186401367188,103.32749938964844,81.95999908447266,129.22999572753906,163.81161499023438,175.30120849609375,3.430000066757202,114.93053436279295,962.2009887695312,358.74859619140625,882.1892700195312,136.44326782226562,301.87969970703125,22.11230659484864,246.6248474121093,44.0099983215332,42.15999984741211,478.0400085449219,234.0738220214844,150.95034790039062,193.6100006103516,908.9852294921876,233.1457672119141,64.01868438720703,603.5006713867188,1072.565673828125,114.85405731201172,51.27999877929688,90.09266662597656,382.1722717285156,404.1180419921875,114.1500015258789,220.6499938964844,22.020000457763672,110.9499969482422,151.306640625,175.43553161621094,35.51740264892578,148.08999633789062,11.399999618530272,191.7411346435547,56.2599983215332,59.88999938964844,153.2696075439453,164.0500030517578,25.88250541687012,160.83999633789062,127.87769317626952,735.4315795898438,21.57999992370605,11.699999809265137,174.1999969482422,432.4800109863281,653.6959228515625,403.0290832519531,303.8052673339844,311.0199890136719,477.6412048339844,380.8500061035156,337.6592712402344,187.6764068603516,12.510000228881836,17.790000915527344,255.94674682617188,451.239990234375,151.07843017578125,294.7131652832031
2026-03-24,251.4083709716797,202.0733184814453,238.8699951171875,320.95086669921875,121.76000213623048,308.04998779296875,373.525634765625,205.3699951171875,345.81854248046875,207.2400054931641,130.8000030517578,26.790000915527344,134.9600067138672,1394.5555419921875,317.7870483398437,185.77999877929688,183.94000244140625,56.17022705078125,86.80999755859375,204.48622131347656,108.04000091552734,284.32000732421875,294.3926086425781,429.3800048828125,272.3299865722656,100.3000030517578,182.09344482421875,98.24749755859376,83.0199966430664,122.56999969482422,176.07334899902344,173.55287170410156,3.509999990463257,121.58592224121094,959.782958984375,373.0690307617188,908.945556640625,137.208251953125,290.2666320800781,23.830278396606445,238.8321990966797,44.060001373291016,41.119998931884766,471.9100036621094,233.9246826171875,156.4193572998047,195.83999633789065,901.4682006835938,238.671875,65.30224609375,592.3709716796875,1097.717041015625,115.53913879394533,51.34000015258789,92.29102325439452,371.9344177246094,395.3031005859375,114.91000366210938,213.1499938964844,21.61000061035156,104.6500015258789,150.66859436035156,174.99603271484375,35.58492660522461,148.61000061035156,11.630000114440918,194.7254638671875,54.959999084472656,62.34000015258789,146.06988525390625,157.2100067138672,26.06620407104492,154.77999877929688,128.19650268554688,740.5838623046875,22.229999542236328,11.43000030517578,161.33999633789062,415.6199951171875,651.5015869140625,423.917724609375,320.0191650390625,315.7699890136719,489.7990112304688,383.0299987792969,342.4480285644531,193.6460723876953,13.1899995803833,18.059999465942383,270.83367919921875,448.6199951171875,152.5064239501953,300.9715270996094
2026-03-25,252.3874664306641,204.0231170654297,237.25,321.1503295898437,120.33000183105467,328.70001220703125,368.8814086914063,220.2700042724609,351.27734375,211.7100067138672,135.00999450683594,28.3700008392334,157.07000732421875,1389.044677734375,318.30621337890625,187.13999938964844,189.17999267578125,57.68728256225586,88.7699966430664,221.8330078125,109.0199966430664,281.3900146484375,302.8494873046875,437.7000122070313,272.0400085449219,103.91000366210938,181.038803100586,96.46499633789062,87.58000183105469,123.29000091552734,183.13975524902344,175.26145935058594,3.569999933242798,123.09488677978516,961.1959838867188,373.966552734375,923.21826171875,137.35726928710938,290.7563171386719,25.704795837402344,239.62635803222656,47.18000030517578,41.43000030517578,469.9800109863281,238.5580291748047,154.18521118164062,193.259994506836,914.7353515625,233.28565979003903,64.8345947265625,594.3391723632812,1114.72705078125,118.51771545410156,53.540000915527344,98.37646484375,370.2381286621094,381.8708190917969,115.08999633789062,218.0,21.940000534057617,103.05999755859376,150.578857421875,178.47198486328125,35.04474258422852,150.75,11.720000267028809,196.94195556640625,55.27000045776367,63.09999847412109,145.00730895996094,153.22000122070312,26.37559700012207,154.9600067138672,129.87033081054688,748.3522338867188,24.049999237060547,11.6899995803833,160.61000061035156,410.1300048828125,655.1322021484375,412.9255676269531,323.2379150390625,328.2900085449219,490.2785339355469,385.9500122070313,346.9375305175781,195.77525329589844,13.4399995803833,18.75,276.1025695800781,454.9700012207031,151.29811096191406,296.0628356933594
2026-03-26,252.6572265625,207.90310668945312,240.8800048828125,312.5638732910156,113.6050033569336,328.1600036621094,338.129638671875,203.7700042724609,350.5131225585937,207.5399932861328,122.5500030517578,25.71500015258789,154.8000030517578,1324.8785400390625,308.9310607910156,183.3999938964844,191.0599975585937,58.16686630249024,87.45999908447266,204.81578063964844,104.66999816894533,280.6199951171875,294.7320861816406,387.989990234375,243.2899932861328,96.44000244140624,184.7001800537109,98.15499877929688,80.44999694824219,124.3000030517578,174.98851013183594,173.59259033203125,3.359999895095825,115.67001342773438,958.6485595703124,356.1158752441406,872.674072265625,135.9862823486328,280.7523193359375,24.99686622619629,239.904296875,44.09999847412109,37.45000076293945,468.5499877929688,237.8719940185547,144.9280242919922,193.3099975585937,895.4585571289062,211.4710235595703,63.8793830871582,547.032958984375,1054.5594482421875,118.0808563232422,53.56999969482422,97.60704803466795,365.1790771484375,355.256103515625,105.97000122070312,210.1300048828125,21.14999961853028,103.63999938964844,145.69381713867188,171.04066467285156,35.112266540527344,149.6999969482422,11.079999923706056,196.2542724609375,51.810001373291016,60.869998931884766,141.819580078125,156.36000061035156,26.655981063842773,147.55999755859375,130.0596160888672,755.6014404296875,22.209999084472656,10.989999771118164,162.3300018310547,401.9500122070313,643.432373046875,378.5201110839844,297.2277526855469,323.1300048828125,488.3604736328125,372.1099853515625,325.3480529785156,192.4322509765625,13.050000190734863,17.65999984741211,252.3474884033203,453.739990234375,152.08702087402344,273.2787475585937
2026-03-27,248.57098388671875,206.2093048095703,234.83999633789065,306.6001892089844,112.47000122070312,317.3599853515625,336.7513732910156,201.9900054931641,346.156005859375,199.33999633789065,120.7699966430664,23.76000022888184,144.1300048828125,1297.9425048828125,300.2048645019531,188.4199981689453,183.83999633789065,57.2957878112793,85.68000030517578,202.31912231445312,103.91999816894533,271.7699890136719,301.0223083496094,401.6099853515625,243.47999572753903,95.23999786376952,178.40220642089844,92.3949966430664,74.80999755859375,114.4800033569336,170.99746704101562,174.25814819335938,3.4100000858306885,113.51150512695312,958.260498046875,356.3751525878906,852.7242431640625,133.3734588623047,274.1762390136719,23.870162963867188,234.61325073242188,43.130001068115234,35.09000015258789,452.6600036621094,239.07505798339844,144.1370391845703,182.8999938964844,876.7307739257812,211.2611846923828,61.690372467041016,525.233154296875,1049.307861328125,118.7758560180664,49.560001373291016,94.80913543701172,355.9989318847656,357.0150756835937,100.81999969482422,203.0200042724609,20.290000915527344,99.41000366210938,147.2889404296875,167.32498168945312,34.76499938964844,148.17999267578125,11.039999961853027,191.01206970214844,50.22999954223633,58.34999847412109,138.69142150878906,147.02000427246094,26.143552780151367,143.05999755859375,126.64225006103516,736.6098022460938,21.96999931335449,10.300000190734863,152.8000030517578,380.4700012207031,632.4606323242188,379.7991943359375,295.4983825683594,324.5400085449219,472.8859558105469,361.8299865722656,325.9765930175781,189.3678131103516,12.920000076293944,17.610000610351562,251.0177764892578,433.0700073242188,155.2625732421875,275.2682189941406
2026-03-30,246.40298461914065,209.87261962890625,241.1300048828125,302.2720642089844,100.2699966430664,316.0899963378906,322.71881103515625,196.0399932861328,346.38427734375,200.9499969482422,116.12999725341795,20.545000076293945,136.9600067138672,1249.60107421875,292.94635009765625,193.8800048828125,187.57000732421875,58.46049499511719,85.25,191.3338317871093,102.83999633789062,270.8800048828125,298.1467590332031,365.0,219.6499938964844,87.80999755859375,184.0932464599609,95.01499938964844,69.1500015258789,115.80999755859376,163.88128662109375,174.01974487304688,3.299999952316284,108.56492614746094,959.3052978515624,342.5832824707031,816.9325561523438,135.44979858398438,273.33673095703125,22.54404258728028,235.5166015625,41.18999862670898,31.6200008392334,452.7799987792969,241.10340881347656,138.08175659179688,168.52000427246094,885.1063842773438,199.7892608642578,59.76006317138672,535.8833618164062,998.8160400390624,117.25678253173828,48.22999954223633,87.74441528320312,358.1842041015625,321.75048828125,92.26000213623048,194.6300048828125,19.0,104.97000122070312,140.79881286621094,164.97772216796875,35.290000915527344,150.36000061035156,10.84000015258789,186.75650024414065,45.58000183105469,55.65999984741211,137.83738708496094,154.35000610351562,26.84935188293457,137.5500030517578,126.60240173339844,748.1724853515625,21.059999465942383,10.25,153.6699981689453,383.1400146484375,630.3460693359375,362.1717529296875,276.24566650390625,313.0299987792969,479.5692443847656,355.2799987792969,315.7605285644531,185.47756958007807,12.520000457763672,16.459999084472656,234.17127990722656,443.1600036621094,147.3336639404297,251.6044006347656
2026-03-31,253.556381225586,214.1760406494141,243.0800018310547,317.2709655761719,109.5999984741211,330.8699951171875,341.3656311035156,203.42999267578125,349.21295166015625,208.2700042724609,122.77999877929688,23.739999771118164,151.27999877929688,1316.2386474609375,309.0209350585937,197.22000122070312,183.3300018310547,59.36094284057617,88.87999725341797,204.2165985107422,108.61000061035156,277.8699951171875,278.8168029785156,388.2300109863281,238.2100067138672,93.87000274658205,185.72496032714844,97.60250091552734,77.47000122070312,118.0500030517578,163.35379028320312,179.0164337158203,3.5299999713897705,117.15898895263672,975.4156494140624,356.684326171875,872.4542236328125,138.46002197265625,287.3883361816406,23.740541458129883,240.6190490722656,44.130001068115234,34.279998779296875,460.989990234375,243.0422515869141,147.05331420898438,173.58999633789062,918.189453125,213.5095977783203,64.28733825683594,571.6002197265625,1091.6842041015625,119.43114471435548,50.79999923706055,98.9760284423828,369.3699951171875,337.7880554199219,103.76000213623048,206.33999633789065,20.479999542236328,104.5500030517578,145.69381713867188,174.1969757080078,36.75,152.75,11.600000381469728,196.19448852539065,49.59000015258789,61.91999816894531,146.08975219726562,160.32000732421875,27.14907455444336,146.27999877929688,128.3061065673828,771.4877319335938,22.770000457763672,10.84000015258789,150.82000732421875,396.4800109863281,648.6688842773438,391.4808654785156,296.3480529785156,319.2300109863281,491.0377807617188,371.75,337.1604309082031,193.15855407714844,13.5,18.25,250.5278778076172,446.5400085449219,150.11976623535156,270.41949462890625
2026-04-01,255.3946990966797,211.70428466796875,241.3699951171875,319.70428466796875,106.33000183105467,328.7300109863281,353.3606872558594,210.2100067138672,350.6322021484375,210.57000732421875,124.8499984741211,24.489999771118164,155.07000732421875,1355.0333251953125,312.99462890625,200.72999572753903,183.77999877929688,60.41798400878906,89.41999816894531,212.5254669189453,111.12999725341795,280.19000244140625,279.0264587402344,415.3900146484375,247.8000030517578,95.91999816894533,185.2971343994141,98.32749938964844,78.44000244140625,118.66999816894533,168.57896423339844,179.2548370361328,3.660000085830689,118.62796783447266,991.078125,364.5525512695313,894.3230590820312,139.3839569091797,297.2124938964844,23.910045623779297,241.3635711669922,48.02999877929688,34.09000015258789,464.4500122070313,242.7240753173828,151.79025268554688,183.1600036621093,952.8796997070312,221.8537139892578,65.0534896850586,578.6936645507812,1117.804443359375,119.97721862792967,50.02999877929688,106.63030242919922,368.57171630859375,367.7934265136719,101.9499969482422,205.42999267578125,20.39999961853028,104.04000091552734,149.4423370361328,175.54541015625,36.47999954223633,155.0800018310547,11.600000381469728,194.91880798339844,48.06999969482422,62.20000076293945,144.22279357910156,160.6699981689453,27.603490829467773,146.49000549316406,126.8116226196289,776.0908203125,22.51000022888184,10.260000228881836,153.1199951171875,396.739990234375,653.5562744140625,422.8185119628906,312.0821533203125,328.0799865722656,494.0447692871094,381.260009765625,340.692138671875,195.30763244628903,13.43000030517578,17.950000762939453,259.3160400390625,447.260009765625,153.7447052001953,297.65240478515625
2026-04-02,255.68443298339844,205.6578521728516,242.9199981689453,317.47039794921875,117.13999938964844,318.8500061035156,348.0373229980469,217.5,345.3322448730469,209.7700042724609,126.68000030517578,24.559999465942383,149.11000061035156,1312.651123046875,314.0529479980469,203.4900054931641,177.33999633789062,58.93472671508789,91.18000030517578,214.6925506591797,112.56999969482422,278.7200012207031,272.39678955078125,447.760009765625,258.1600036621094,101.4499969482422,186.2323760986328,99.77999877929688,82.23999786376953,120.36000061035156,173.5453643798828,180.48663330078125,3.660000085830689,116.31957244873048,995.446533203125,360.1048583984375,898.111083984375,138.7978057861328,295.59344482421875,24.538209915161133,246.34689331054688,50.380001068115234,34.77000045776367,452.0700073242188,241.65025329589844,151.4906463623047,183.2100067138672,933.9722290039062,218.28623962402344,65.27239227294922,573.9281005859375,1116.7860107421875,120.00701141357422,49.20000076293945,107.0300064086914,372.6528625488281,366.18365478515625,108.81999969482422,211.69000244140625,21.3799991607666,102.0,152.2238311767578,177.18348693847656,36.97999954223633,154.02999877929688,11.729999542236328,193.89230346679688,48.130001068115234,62.18999862670898,145.36480712890625,163.2100067138672,27.381118774414062,148.4600067138672,126.3333969116211,760.7138061523438,23.21999931335449,10.149999618530272,151.85000610351562,395.9500122070313,654.144775390625,429.0540466308594,309.4931030273437,327.5799865722656,490.96783447265625,360.5899963378906,338.2478942871094,193.8848571777344,13.56999969482422,17.75,261.23565673828125,438.7099914550781,150.9685821533203,294.89312744140625
2026-04-06,258.6217041015625,203.5406036376953,244.3600006103516,326.4657592773437,117.98999786376952,330.3399963378906,352.1821594238281,220.17999267578125,340.00250244140625,212.7899932861328,126.25,25.190000534057617,148.77000427246094,1299.47705078125,313.9331359863281,202.8300018310547,172.33999633789062,58.66774368286133,91.27999877929688,215.69122314453125,110.4800033569336,279.3900146484375,274.733154296875,434.260009765625,253.22000122070312,102.45999908447266,184.0932464599609,99.65249633789062,80.94000244140625,116.5,172.36097717285156,180.7846527099609,3.609999895095825,115.60006713867188,1011.0792846679688,362.8871765136719,896.9017333984375,139.21507263183594,299.8109130859375,24.5082950592041,244.9372711181641,50.77999877929688,35.130001068115234,452.5799865722656,239.5920867919922,153.80967712402344,183.52999877929688,925.4668579101562,220.4946746826172,66.88430786132812,572.4894409179688,1178.2322998046875,119.98714447021484,48.77000045776367,109.42821502685548,372.0741271972656,377.701904296875,112.54000091552734,211.77999877929688,21.51000022888184,102.41999816894533,149.3426513671875,177.43319702148438,36.66999816894531,152.83999633789062,11.5,196.4137420654297,48.7599983215332,63.4900016784668,144.53062438964844,161.9499969482422,26.90736198425293,147.92999267578125,125.267333984375,761.9019775390625,22.049999237060547,10.170000076293944,149.3800048828125,397.0700073242188,657.23681640625,452.9770202636719,315.3109130859375,324.0899963378906,487.70111083984375,352.82000732421875,340.9615173339844,198.411849975586,13.359999656677246,17.829999923706055,258.6761779785156,434.2999877929688,151.3780059814453,304.0707092285156
2026-04-07,253.26666259765625,203.22547912597656,240.13999938964844,326.5156555175781,118.98999786376952,319.5199890136719,353.8700866699219,221.52999877929688,337.4517517089844,213.7700042724609,133.63999938964844,25.18000030517578,143.86000061035156,1301.9085693359375,333.4422607421875,200.8099975585937,175.61000061035156,57.02626800537109,89.62000274658203,214.15328979492188,110.2300033569336,279.4800109863281,272.1571350097656,447.8800048828125,255.1000061035156,106.79000091552734,182.03375244140625,105.80750274658205,85.23999786376953,116.54000091552734,176.84967041015625,181.2117919921875,3.490000009536743,118.46808624267578,1002.3324584960938,367.83349609375,910.284912109375,137.8937530517578,305.27764892578125,24.558149337768555,243.27947998046875,52.90999984741211,35.7400016784668,452.9500122070313,237.04673767089844,154.68756103515625,173.47000122070312,929.489990234375,224.19207763671875,67.17285919189453,574.5175170898438,1189.4051513671875,118.42835235595705,50.11000061035156,109.29830932617188,371.48541259765625,377.52191162109375,117.4000015258789,216.2899932861328,20.11000061035156,100.5500030517578,152.5926971435547,177.89266967773438,36.90999984741211,151.22000122070312,11.359999656677246,194.4603576660156,46.59000015258789,63.790000915527344,142.1770782470703,169.8699951171875,26.201562881469727,150.07000732421875,123.61344146728516,759.1361694335938,22.670000076293945,9.15999984741211,149.24000549316406,397.8999938964844,657.5260009765625,468.3860168457031,320.3590087890625,330.07000732421875,489.0097961425781,346.6499938964844,344.5132141113281,198.7302398681641,13.109999656677246,17.440000534057617,262.24542236328125,431.8599853515625,153.46507263183594,311.8786926269531
2026-04-08,258.66168212890625,208.36593627929688,239.3099975585937,345.2642822265625,125.45999908447266,327.25,385.2410888671875,231.82000732421875,347.188232421875,221.25,145.07000732421875,27.790000915527344,148.91000366210938,1416.1103515625,350.0759582519531,204.2700042724609,179.89999389648438,58.53919219970703,92.08000183105467,231.4700927734375,115.9000015258789,289.5,283.8290100097656,494.010009765625,281.7900085449219,110.20999908447266,175.47708129882812,106.62750244140624,88.9000015258789,116.5,184.59288024902344,184.40054321289065,3.5299999713897705,129.5104522705078,1012.6514282226562,384.5173645019531,935.5919799804688,140.6158447265625,317.1305847167969,24.907129287719727,239.9738006591797,58.95000076293945,36.83000183105469,462.2799987792969,239.9202117919922,167.02081298828125,190.1300048828125,951.6618041992188,246.3164978027344,70.37677764892578,611.8529052734375,1310.939697265625,122.3005142211914,52.09999847412109,114.36451721191406,373.52099609375,406.6674499511719,125.0,211.25,22.489999771118164,97.47000122070312,159.8105926513672,181.8680419921875,37.61000061035156,154.4199981689453,11.550000190734863,203.5794372558593,50.209999084472656,68.37999725341797,142.66368103027344,173.77999877929688,26.559295654296875,140.75999450683594,127.04077911376952,774.3734130859375,23.3700008392334,9.859999656677246,149.99000549316406,410.1600036621094,674.27294921875,495.9463806152344,358.1547546386719,328.6499938964844,502.955810546875,343.25,365.0451049804688,207.84393310546875,13.960000038146973,18.3799991607666,280.9715270996094,443.9200134277344,155.6719970703125,338.6916809082031
2026-04-09,260.2502136230469,209.16360473632807,229.94000244140625,350.40020751953125,129.4600067138672,321.2799987792969,397.3160705566406,236.63999938964844,352.9348449707031,233.6499938964844,146.0500030517578,25.56999969482422,149.7949981689453,1443.6043701171875,354.34918212890625,204.9900054931641,177.11000061035156,58.80617904663086,91.9800033569336,229.98208618164065,115.54000091552734,281.010009765625,279.81524658203125,487.3800048828125,284.1700134277344,107.93000030517578,170.41018676757812,98.66999816894533,92.0,108.9800033569336,180.60183715820312,186.90383911132807,3.5199999809265137,132.53836059570312,1026.492919921875,399.33642578125,967.525634765625,141.16226196289062,318.29986572265625,24.757566452026367,235.4470977783203,61.720001220703125,37.060001373291016,454.9400024414063,239.93014526367188,172.50582885742188,180.1699981689453,953.5485229492188,258.5778503417969,70.86433410644531,627.8081665039062,1332.17724609375,121.80408477783205,51.27999877929688,119.8404312133789,372.26373291015625,421.4451904296875,136.3300018310547,193.0500030517578,21.11000061035156,89.80999755859375,161.28607177734375,183.69590759277344,37.43999862670898,155.05999755859375,11.489999771118164,204.9747009277344,47.75,68.48999786376953,137.38204956054688,166.99000549316406,26.31758499145508,130.49000549316406,127.27989959716795,766.704833984375,23.21999931335449,9.300000190734863,132.24000549316406,404.9200134277344,678.162841796875,500.4131774902344,364.0724792480469,312.760009765625,499.9588317871094,345.6199951171875,364.6360778808594,213.8931884765625,13.710000038146973,18.31999969482422,287.5801696777344,446.7799987792969,152.53639221191406,337.7919311523437
2026-04-10,260.240234375,204.7715606689453,225.3500061035156,349.1835632324219,149.0500030517578,322.1099853515625,398.9939880371094,245.0399932861328,348.3891296386719,238.3800048828125,147.35000610351562,26.26000022888184,148.92999267578125,1473.141357421875,370.9628601074219,204.02999877929688,172.97000122070312,57.965667724609375,95.5,229.2630615234375,116.04000091552734,265.6600036621094,286.0555725097656,496.0199890136719,307.5,119.58999633789062,164.53533935546875,94.75499725341795,102.0,105.37000274658205,176.9591522216797,187.6190643310547,3.559999942779541,135.22650146484375,1025.1695556640625,401.8893737792969,990.813720703125,138.08250427246094,317.0506286621094,24.81739044189453,229.07400512695312,62.380001068115234,39.31999969482422,450.6199951171875,237.0964508056641,173.5065460205078,187.22000122070312,937.8555297851562,263.4743957519531,71.20262908935547,629.2767333984375,1351.787353515625,120.5530776977539,50.959999084472656,128.45831298828125,370.0684814453125,420.52532958984375,144.97000122070312,166.99000549316406,20.76000022888184,83.0,163.569091796875,188.4104156494141,37.52000045776367,154.0500030517578,11.390000343322754,203.67909240722656,50.25,68.6500015258789,137.6112518310547,155.72999572753906,26.027530670166016,128.05999755859375,127.58875274658205,747.753173828125,25.26000022888184,9.210000038146973,121.11000061035156,392.239990234375,677.7140502929688,502.7715148925781,367.85107421875,321.3299865722656,495.6131591796875,348.95001220703125,369.734130859375,213.6444549560547,13.529999732971191,18.39999961853028,295.048583984375,436.2699890136719,154.51361083984375,343.3404846191406
2026-04-13,258.96142578125,203.323959350586,240.1100006103516,349.0539245605469,166.7949981689453,333.0,395.2386779785156,246.8300018310547,347.1981506347656,239.88999938964844,152.02000427246094,27.600000381469727,157.5800018310547,1494.9849853515625,379.1499328613281,202.2400054931641,176.3699951171875,57.41191864013672,96.6999969482422,232.5186920166016,116.6999969482422,288.20001220703125,291.2674560546875,479.8999938964844,307.92999267578125,134.36000061035156,172.37510681152344,100.55999755859376,110.2699966430664,110.08000183105467,188.8924255371093,190.579345703125,3.7300000190734863,137.97459411621094,1051.6385498046875,402.2483825683594,990.6138305664062,138.1222381591797,321.1181945800781,24.737625122070312,236.0824432373047,65.18000030517578,43.06999969482422,458.9599914550781,236.59930419921875,176.6525421142578,191.9900054931641,927.9525756835938,267.1318359375,73.18269348144531,633.9425048828125,1370.139404296875,119.29214477539062,50.68000030517578,131.2676239013672,383.539306640625,426.4944152832031,154.55999755859375,184.0200042724609,21.8700008392334,89.05999755859375,169.72024536132812,189.0896148681641,37.97999954223633,154.47000122070312,11.859999656677246,207.2968292236328,53.93999862670898,71.0199966430664,155.08047485351562,162.50999450683594,26.43360710144043,132.3699951171875,130.75706481933594,745.3468017578125,25.96999931335449,9.579999923706056,134.24000549316406,417.7699890136719,684.3369750976562,512.914306640625,369.9902648925781,326.0799865722656,513.7150268554688,352.4200134277344,368.70654296875,215.6144561767578,13.949999809265137,19.36000061035156,299.8975830078125,440.0499877929688,157.978759765625,350.0687255859375
2026-04-14,258.5917358398437,207.0561981201172,235.72000122070312,347.64776611328125,170.60000610351562,339.4100036621094,395.1487731933594,255.07000732421875,348.3197021484375,249.0200042724609,154.3699951171875,31.46999931335449,161.22000122070312,1513.022216796875,380.1782836914063,204.3800048828125,178.9600067138672,57.43169784545898,98.41000366210938,237.9514312744141,116.05999755859376,292.3699951171875,296.1498718261719,467.1900024414063,313.4200134277344,159.52000427246094,170.86898803710938,99.62249755859376,117.1999969482422,110.56999969482422,183.63739013671875,194.4932403564453,3.759999990463257,137.34503173828125,1052.166015625,400.79241943359375,986.9956665039062,139.53297424316406,332.7112731933594,24.398616790771484,238.51454162597656,63.810001373291016,47.369998931884766,467.2200012207031,238.72706604003903,179.36207580566406,193.1100006103516,920.9147338867188,272.2182312011719,74.1279525756836,661.8765258789062,1361.3428955078125,119.10350036621094,52.84000015258789,133.7969970703125,392.2604064941406,465.5884094238281,161.94000244140625,178.64999389648438,23.520000457763672,87.79000091552734,170.43804931640625,196.2812347412109,39.31999969482422,153.3800048828125,11.920000076293944,209.1804351806641,58.58000183105469,72.05000305175781,162.4348907470703,161.58999633789062,26.21123313903809,135.6999969482422,132.35116577148438,754.3832397460938,27.200000762939453,10.25,135.47000122070312,418.7999877929688,692.675537109375,533.0599365234375,365.37200927734375,345.760009765625,526.6920166015625,364.2000122070313,379.00244140625,217.7635192871093,14.130000114440918,19.540000915527344,310.4454040527344,444.2799987792969,163.74069213867188,366.1245422363281
2026-04-15,266.18475341796875,206.9469757080078,244.6600036621093,346.98956298828125,172.08999633789062,333.3900146484375,393.7704772949219,258.1199951171875,345.6101379394531,248.5,154.3300018310547,30.809999465942383,159.33999633789062,1476.619140625,396.0931091308594,201.2100067138672,180.5399932861328,57.24381637573242,99.47000122070312,238.1012115478516,119.11000061035156,304.1000061035156,294.2727966308594,475.760009765625,308.20001220703125,168.35000610351562,177.14280700683594,102.79000091552734,118.69000244140624,121.05999755859376,176.4416046142578,194.39390563964844,3.880000114440918,136.90533447265625,1047.797607421875,393.9712524414063,985.41650390625,138.857421875,336.91876220703125,24.548179626464844,243.01144409179688,64.94000244140625,48.81999969482422,468.3599853515625,237.30523681640625,174.58816528320312,197.7899932861328,903.4747924804688,264.9733581542969,74.11799621582031,670.9581909179688,1350.938720703125,117.05821228027344,54.2599983215332,134.56680297851562,410.3312683105469,456.1598510742188,166.77000427246094,190.1300048828125,24.290000915527344,94.19000244140624,167.9357147216797,198.63848876953125,40.810001373291016,152.0800018310547,12.289999961853027,208.68212890625,63.34999847412109,72.43000030517578,169.22128295898438,164.11000061035156,26.2885799407959,142.14999389648438,132.56039428710938,752.8056030273438,27.290000915527344,11.710000038146973,144.47999572753906,438.4500122070313,698.1414184570312,519.229736328125,364.82220458984375,353.29998779296875,531.1375732421875,391.9500122070313,374.2236328125,215.19656372070312,14.81999969482422,21.0,301.09735107421875,441.7000122070313,162.71214294433594,364.9048767089844
2026-04-16,263.15753173828125,207.5129547119141,248.1600036621093,352.8335266113281,170.80999755859375,320.1300048828125,389.4158935546875,278.260009765625,346.7713928222656,249.6999969482422,161.00999450683594,30.09000015258789,162.3300018310547,1405.92578125,397.8403625488281,200.47000122070312,176.02000427246094,58.30187225341797,102.12000274658205,230.4914093017578,120.2699966430664,306.9599914550781,298.67596435546875,495.1700134277344,328.0,158.92999267578125,180.75347900390625,104.5500030517578,119.55999755859376,123.47000122070312,192.1768341064453,197.73165893554688,3.920000076293945,135.82608032226562,1065.6295166015625,391.647705078125,977.8203735351562,137.6453857421875,335.81939697265625,25.81447410583496,249.1661376953125,68.5,47.70000076293945,458.0799865722656,233.1988525390625,173.26385498046875,202.0200042724609,902.4365234375,260.7763061523437,76.48611450195312,676.2432250976562,1400.6728515625,114.63562774658205,54.68000030517578,133.33709716796875,419.3517456054688,457.1596984863281,165.33999633789062,197.3800048828125,24.549999237060547,96.44000244140624,167.98556518554688,198.1190948486328,40.93000030517578,149.72999572753906,12.649999618530272,213.0074462890625,64.20999908447266,79.93000030517578,177.72171020507812,166.97000122070312,26.31758499145508,142.75999450683594,133.9751739501953,744.887451171875,28.39999961853028,11.40999984741211,143.5500030517578,441.1499938964844,699.8569946289062,531.4310913085938,365.7818603515625,362.3999938964844,515.4832763671875,388.8999938964844,362.5010681152344,221.9721527099609,15.15999984741211,20.93000030517578,294.0688171386719,435.6499938964844,165.2985076904297,361.5957336425781
2026-04-17,269.98126220703125,206.9072723388672,244.4499969482422,370.4353637695313,174.0500030517578,309.6600036621094,396.4471435546875,278.3900146484375,352.6370544433594,250.5599975585937,164.22999572753906,31.530000686645508,166.72999572753906,1454.7257080078125,405.8976135253906,204.8000030517578,177.35000610351562,59.49836349487305,102.91999816894533,235.4647521972656,120.66000366210938,311.0299987792969,295.75048828125,507.4299926757813,345.0199890136719,160.69000244140625,181.67111206054688,105.9875030517578,116.8499984741211,126.61000061035156,195.6204833984375,202.27137756347656,3.880000114440918,145.95907592773438,1083.26220703125,405.0905151367188,1002.2379150390624,136.74131774902344,341.4760437011719,26.362871170043945,251.6180877685547,68.5,48.119998931884766,469.2099914550781,232.8409118652344,178.91563415527344,203.6300048828125,925.4369506835938,267.41162109375,78.3666763305664,687.9124145507812,1466.1129150390625,118.21985626220705,53.720001220703125,139.65554809570312,421.8762817382813,455.0000305175781,157.13999938964844,200.9900054931641,25.850000381469727,96.66000366210938,167.21791076660156,201.44520568847656,40.52000045776367,151.97000122070312,12.6899995803833,215.2996826171875,66.80999755859375,83.01000213623047,174.4530792236328,167.85000610351562,26.646312713623047,146.38999938964844,135.69879150390625,749.4506225585938,28.559999465942383,12.649999618530272,143.97999572753906,449.5799865722656,708.3152465820312,547.3597412109375,380.23638916015625,365.3500061035156,526.0726318359375,400.6199951171875,369.6343688964844,228.6581878662109,14.970000267028809,20.489999771118164,307.27606201171875,441.2000122070313,163.23141479492188,372.4228820800781
2026-04-20,272.79864501953125,202.2702789306641,248.6300048828125,380.0090942382813,175.8000030517578,310.94000244140625,391.1337585449219,274.95001220703125,347.5356140136719,248.27999877929688,166.85000610351562,32.189998626708984,175.10000610351562,1471.3675537109375,398.9985046386719,200.69000244140625,183.33999633789065,58.469974517822266,105.19000244140624,227.9348297119141,123.62000274658205,318.5,287.1139221191406,503.2699890136719,347.510009765625,174.52999877929688,185.7904815673828,108.2874984741211,117.43000030517578,129.74000549316406,203.27410888671875,202.55946350097656,3.9600000381469727,148.8170928955078,1098.53662109375,406.4468078613281,989.67431640625,134.9828643798828,337.2185974121094,27.728872299194336,251.85633850097656,65.69999694824219,48.720001220703125,465.6000061035156,229.37088012695312,180.3018798828125,199.6100006103516,918.3192138671876,262.9747619628906,79.98853302001953,670.2887573242188,1488.588623046875,116.26392364501952,54.59000015258789,147.80352783203125,417.1664733886719,448.3510437011719,159.16000366210938,204.8099975585937,25.530000686645508,99.72000122070312,156.70010375976562,201.82476806640625,40.459999084472656,150.99000549316406,12.710000038146973,220.5917205810547,68.12999725341797,85.55999755859375,176.96435546875,169.55999755859375,26.607641220092773,145.88999938964844,137.01394653320312,748.2922973632812,28.809999465942383,12.789999961853027,150.44000244140625,460.9500122070313,706.8988037109375,539.3654174804688,375.0683288574219,346.260009765625,525.4932250976562,392.5,365.3843078613281,232.5185546875,15.130000114440918,21.51000022888184,314.3446044921875,439.1799926757813,159.37681579589844,374.0124816894531
2026-04-21,265.9250183105469,203.67030334472656,247.17999267578125,374.2449035644531,191.97000122070312,308.42999267578125,393.8403625488281,284.489990234375,342.2752990722656,249.9100036621093,172.86000061035156,31.31999969482422,175.49000549316406,1453.8984375,401.5345153808594,195.77999877929688,185.9499969482422,58.72706985473633,111.5999984741211,216.3703155517578,116.61000061035156,325.8399963378906,277.26922607421875,505.9299926757813,343.7900085449219,183.32000732421875,186.62831115722656,112.40249633789062,115.16000366210938,129.2899932861328,212.00965881347656,199.9369506835937,3.809999942779541,146.88844299316406,1088.9541015625,408.5709228515625,990.7937622070312,132.41970825195312,332.0916442871094,28.676101684570312,253.8119354248047,66.26000213623047,45.16999816894531,451.2900085449219,224.8667755126953,178.30941772460938,191.5500030517578,901.4682006835938,258.1881103515625,80.52584075927734,668.220703125,1525.6220703125,111.75633239746094,54.22999954223633,151.27267456054688,423.2433166503906,449.3109130859375,156.5500030517578,207.6699981689453,23.780000686645508,100.13999938964844,149.4024658203125,199.64732360839844,39.41999816894531,147.97000122070312,12.18000030517578,223.7410430908203,62.61000061035156,86.91000366210938,180.5419006347656,174.9600067138672,26.404600143432617,145.97000122070312,135.0611572265625,746.2454223632812,28.43000030517578,11.670000076293944,150.83999633789062,467.5799865722656,702.2708129882812,559.5010986328125,379.78656005859375,329.739990234375,524.044677734375,386.4200134277344,367.2200012207031,231.9713287353516,14.449999809265137,20.520000457763672,312.375,436.5899963378906,154.69337463378906,383.7099609375
2026-04-22,272.9185791015625,199.0829467773437,255.94000244140625,380.3781127929688,194.0599975585937,310.5799865722656,402.9790344238281,303.4599914550781,343.327392578125,255.3600006103516,177.72999572753906,32.43000030517578,196.57000732421875,1438.6417236328125,421.9821166992188,194.8099975585937,190.07000732421875,58.14365768432617,108.5999984741211,218.8070526123047,126.47000122070312,331.6099853515625,286.71453857421875,498.9700012207031,350.4700012207031,189.4900054931641,189.3114013671875,116.66999816894533,122.54000091552734,132.13999938964844,214.2958831787109,199.5296630859375,4.079999923706055,147.82777404785156,1096.85498046875,412.72943115234375,1126.9842529296875,132.03225708007812,339.1174621582031,28.42683219909668,250.0198516845703,65.2699966430664,48.38999938964844,483.6199951171875,224.80712890625,180.9750061035156,217.0800018310547,919.8964233398438,265.3630676269531,82.06809997558594,674.09521484375,1519.72119140625,112.08397674560548,55.59999847412109,157.2812042236328,431.984375,487.4050598144531,156.13999938964844,207.5599975585937,27.38999938964844,103.06999969482422,149.1432647705078,202.26426696777344,39.150001525878906,147.32000732421875,13.100000381469728,224.98681640625,72.41000366210938,88.98999786376953,186.84996032714844,181.1999969482422,25.911510467529297,152.6199951171875,135.5692901611328,745.4666137695312,29.18000030517578,13.56999969482422,155.57000732421875,477.260009765625,709.3825073242188,579.4668579101562,385.0345764160156,339.32000732421875,513.4652709960938,387.510009765625,386.5347900390625,235.1153564453125,15.149999618530272,22.6299991607666,305.0765380859375,437.6700134277344,155.57212829589844,388.9985961914063
2026-04-23,273.1783142089844,199.5297698974609,238.97999572753903,402.7767639160156,197.5399932861328,313.7900085449219,403.4085083007813,305.3299865722656,346.00714111328125,255.0800018310547,172.5500030517578,36.34999847412109,204.6100006103516,1412.8717041015625,419.27642822265625,192.3000030517578,187.8800048828125,58.36120223999024,105.55999755859376,225.2084808349609,123.8499984741211,314.3299865722656,292.3158264160156,515.8499755859375,337.67999267578125,185.5399932861328,172.85386657714844,111.34750366210938,117.41999816894533,127.86000061035156,211.7900238037109,198.67535400390625,3.920000076293945,149.22682189941406,1109.801025390625,423.33013916015625,1148.9429931640625,132.76744079589844,338.6877136230469,27.84852409362793,229.3916778564453,66.77999877929688,52.02000045776367,478.8200073242188,229.3311004638672,181.31158447265625,219.5800018310547,916.0730590820312,258.37799072265625,90.18734741210938,658.5396728515625,1589.744384765625,113.80162811279295,52.84999847412109,165.5191650390625,414.8514709472656,481.64593505859375,157.0800018310547,205.0,25.32999992370605,84.77999877929688,154.05821228027344,199.4075927734375,38.52000045776367,147.47999572753906,12.710000038146973,240.3447265625,76.45999908447266,97.77999877929688,175.66885375976562,173.2100067138672,25.785818099975582,141.57000732421875,133.4570770263672,764.8776245117188,26.75,12.720000267028809,146.39999389648438,456.8500061035156,706.6295776367188,587.2012939453125,400.8385925292969,345.25,466.2326354980469,373.7200012207031,381.7659606933594,280.80322265625,14.949999809265137,21.90999984741211,321.6830749511719,435.1000061035156,156.6306610107422,403.0149230957031
2026-04-24,270.8104858398437,197.3056182861328,245.44000244140625,398.4785461425781,212.83999633789065,305.5400085449219,416.5221862792969,347.8099975585937,341.9676208496094,263.989990234375,176.91000366210938,34.97999954223633,234.8099975585937,1452.6328125,422.0919799804688,189.75,184.3800048828125,58.05466079711914,105.45999908447266,222.85162353515625,122.1500015258789,332.8900146484375,313.04364013671875,520.7999877929688,336.0899963378906,195.0399932861328,177.70135498046875,112.03250122070312,110.13999938964844,129.47999572753906,215.73350524902344,198.67535400390625,3.799999952316284,155.87220764160156,1103.3031005859375,422.7517395019531,1148.60302734375,129.548583984375,344.19439697265625,28.077852249145508,230.2850952148437,82.54000091552734,50.63999938964844,482.2200012207031,226.19911193847656,193.2533416748047,205.6300048828125,882.4409790039062,267.59149169921875,88.99333953857422,674.4049682617188,1629.5736083984375,111.1010513305664,50.72999954223633,164.26947021484375,423.7023010253906,496.64361572265625,147.16000366210938,207.07000732421875,24.4950008392334,90.16999816894533,159.32208251953125,208.0275421142578,41.16999816894531,145.47000122070312,12.399999618530272,243.2149810791016,71.0,98.4000015258789,172.67926025390625,178.5399932861328,26.10487937927246,143.08999633789062,148.30226135253906,750.4491577148438,29.07999992370605,11.960000038146973,140.32000732421875,500.8200073242188,712.10546875,585.832275390625,417.9221496582031,364.3200073242188,469.2396240234375,376.2999877929688,401.5196838378906,275.7389831542969,14.050000190734863,20.31999969482422,323.3927001953125,430.2900085449219,164.12017822265625,403.8946838378906
2026-04-27,267.3636474609375,195.98501586914065,239.3099975585937,391.517578125,196.63999938964844,308.510009765625,404.3572998046875,334.6300048828125,337.6304016113281,261.1199951171875,172.47000122070312,33.66999816894531,215.8800048828125,1430.5784912109375,417.5391845703125,187.509994506836,180.6699981689453,57.13504409790039,102.05999755859376,221.7730865478516,123.11000061035156,336.5400085449219,314.6810913085937,506.3399963378906,321.5299987792969,180.5,179.71615600585938,113.65249633789062,112.05999755859376,132.66000366210938,215.6137084960937,195.0395965576172,3.880000114440918,156.3319091796875,1084.4862060546875,415.6214294433594,1119.6578369140625,126.9158935546875,350.130859375,28.536510467529297,226.38381958007807,84.98999786376953,48.36000061035156,470.989990234375,224.0514678955078,189.7578125,221.97999572753903,866.7779541015625,259.287353515625,86.40631866455078,677.9916381835938,1585.1512451171875,109.44297790527344,48.70000076293945,158.17098999023438,423.9018859863281,524.4793090820312,144.9600067138672,212.3600006103516,25.76000022888184,90.4499969482422,159.66104125976562,216.3578338623047,41.20000076293945,144.19000244140625,12.479999542236328,236.0692138671875,75.93000030517578,98.04000091552734,172.36036682128906,182.8999938964844,25.90184211730957,143.10000610351562,149.70706176757812,743.3297729492188,27.850000381469727,12.649999618530272,144.25,498.5400085449219,713.332275390625,595.4354248046875,401.8482360839844,369.6700134277344,467.5713195800781,378.6700134277344,404.0338134765625,268.1375732421875,15.40999984741211,21.31999969482422,322.3629150390625,426.010009765625,166.3470458984375,400.6255493164063
2026-04-28,270.4608154296875,196.2928161621093,243.1999969482422,382.2130737304688,183.3099975585937,302.1099853515625,380.63677978515625,323.2099914550781,337.02496337890625,259.70001220703125,165.2899932861328,32.11000061035156,198.6499938964844,1382.7608642578125,399.19818115234375,186.67999267578125,183.3800048828125,57.60968399047852,102.05999755859376,215.8909454345703,116.30999755859376,325.3099975585937,305.2357482910156,473.6900024414063,303.9700012207031,165.9199981689453,180.8532257080078,113.74749755859376,105.52999877929688,131.5500030517578,205.5902557373047,193.291259765625,3.75,144.6199951171875,1071.1024169921875,411.931640625,1088.3739013671875,128.41603088378906,349.5711975097656,27.868465423583984,231.3373565673828,84.5199966430664,44.43999862670898,466.6400146484375,226.48745727539065,180.6664123535156,205.58999633789065,872.498046875,251.0531463623047,83.8392105102539,670.7183837890625,1501.7884521484375,109.24440002441406,47.13999938964844,153.19219970703125,428.3222961425781,504.2124633789063,135.50999450683594,208.5,23.709999084472656,90.48999786376952,154.3373565673828,212.92184448242188,41.16999816894531,145.5,12.029999732971191,229.6111297607422,69.08999633789062,93.3000030517578,165.3846435546875,180.9900054931641,25.60211753845215,141.17999267578125,149.44801330566406,730.6787109375,27.25,11.81999969482422,142.55999755859375,483.8900146484375,709.8612060546875,578.6174926757812,379.9864807128906,361.1700134277344,469.7491149902344,376.0199890136719,391.42333984375,263.66033935546875,14.460000038146973,20.59000015258789,304.966552734375,430.1400146484375,160.89468383789062,390.8880920410156
2026-04-29,269.9213256835937,202.4489898681641,243.57000732421875,388.2465515136719,196.8500061035156,301.19000244140625,382.1149597167969,337.1099853515625,335.486572265625,263.0400085449219,168.67999267578125,32.685001373291016,201.69000244140625,1392.268310546875,404.809326171875,185.1999969482422,194.3800048828125,56.94716262817383,101.56999969482422,207.80178833007807,114.29000091552734,329.95001220703125,296.5392761230469,475.3900146484375,304.92999267578125,175.77000427246094,180.75347900390625,113.09500122070312,114.19000244140624,133.97999572753906,205.3207244873047,193.2713928222656,3.5999999046325684,149.3699951171875,1083.7099609375,409.6379699707031,1062.5670166015625,127.99877166748048,349.7311096191406,28.217443466186523,225.4407653808593,94.75,42.86000061035156,453.8299865722656,226.0499725341797,181.3894958496093,191.97999572753903,849.7472534179688,248.57489013671875,89.71968841552734,668.5004272460938,1524.5137939453125,110.15782928466795,45.720001220703125,156.53138732910156,423.5426330566406,518.3803100585938,141.19000244140625,211.97000122070312,22.420000076293945,88.88999938964844,148.5550537109375,209.00640869140625,40.290000915527344,142.94000244140625,11.770000457763672,288.27215576171875,64.9800033569336,98.86000061035156,163.26202392578125,181.5399932861328,25.38941192626953,137.97000122070312,155.42593383789062,685.3363647460938,26.31999969482422,11.31999969482422,141.22000122070312,481.2200012207031,709.7515258789062,642.8416137695312,306.2143249511719,351.9100036621094,465.7930908203125,372.7999877929688,392.9098510742188,267.8590087890625,13.40999984741211,19.57999992370605,306.1163024902344,423.239990234375,153.57492065429688,412.6524353027344
2026-04-30,271.1002502441406,209.8264923095703,246.1000061035156,401.16119384765625,194.7400054931641,309.489990234375,394.0001831054688,354.489990234375,343.6549072265625,265.0599975585937,172.7100067138672,34.25,210.32000732421875,1437.1199951171875,416.7703857421875,187.3699951171875,189.27999877929688,59.91367721557617,103.4499969482422,216.1006774902344,123.04000091552734,329.5899963378906,312.51446533203125,527.5800170898438,319.7099914550781,174.00999450683594,176.07554626464844,111.4375,111.5999984741211,132.19000244140625,208.60528564453125,199.609130859375,3.829999923706055,141.3800048828125,1077.500732421875,431.8166809082031,1082.9066162109375,129.9857177734375,384.5702819824219,28.686073303222656,229.2924041748047,94.4800033569336,45.5099983215332,457.6099853515625,228.5356903076172,174.8118896484375,210.9600067138672,932.993896484375,257.678466796875,92.44601440429688,611.3433837890625,1611.950439453125,108.40046691894533,45.93999862670898,165.10926818847656,406.8987121582031,517.0804443359375,138.22999572753906,204.97000122070312,23.3799991607666,88.30999755859375,155.10501098632812,199.33767700195312,42.220001220703125,147.85000610351562,12.56999969482422,292.59747314453125,72.5,100.80999755859376,160.83047485351562,179.32000732421875,25.8148250579834,139.11000061035156,178.91917419433594,706.0054931640625,27.39999961853028,12.460000038146973,136.47000122070312,482.6000061035156,716.8132934570312,673.1600341796875,343.34033203125,372.4200134277344,478.4803466796875,381.6300048828125,395.1346435546875,279.6590270996094,14.890000343322754,21.63999938964844,328.4216613769531,427.3800048828125,157.6192626953125,434.40673828125
2026-05-01,279.88214111328125,205.1398468017578,250.7100067138672,396.6036682128906,202.67999267578125,296.1099853515625,388.5968933105469,360.5400085449219,327.3480529785156,268.260009765625,172.6999969482422,33.54999923706055,211.17999267578125,1425.1656494140625,420.6142883300781,184.7400054931641,187.0599975585937,57.57013320922852,97.54000091552734,216.02078247070312,120.5999984741211,340.94000244140625,307.3324890136719,535.2899780273438,329.5,184.3800048828125,183.3468017578125,113.91000366210938,119.01000213623048,140.52999877929688,209.82327270507807,199.37071228027344,3.75,142.2899932861328,1079.68994140625,424.3772277832031,1062.4071044921875,130.79042053222656,385.4597778320313,28.486656188964844,230.5034942626953,99.62000274658205,45.65999984741211,457.7799987792969,225.8908843994141,172.4059600830078,206.63999938964844,961.674560546875,256.5392761230469,93.4808120727539,608.1863403320312,1581.0675048828125,111.35919952392578,45.369998931884766,164.90931701660156,413.5443115234375,542.1266479492188,154.49000549316406,217.5,23.40999984741211,91.16000366210938,153.3699951171875,198.218978881836,43.880001068115234,146.57000732421875,12.380000114440918,294.24188232421875,70.4000015258789,103.02999877929688,171.23428344726562,181.0800018310547,25.457090377807617,144.07000732421875,176.35862731933594,700.3739013671875,27.09000015258789,12.140000343322754,141.0,489.0199890136719,718.7982177734375,726.4120483398438,345.28961181640625,372.1600036621094,468.7401123046875,390.8200073242188,396.7409057617188,279.5993347167969,14.9399995803833,21.65999984741211,328.24169921875,423.9200134277344,155.06285095214844,431.4075012207031
2026-05-04,276.5751647949219,206.68882751464844,253.9600067138672,395.93548583984375,201.25,297.92999267578125,390.89404296875,341.5400085449219,321.4227905273437,272.04998779296875,172.6199951171875,35.630001068115234,203.259994506836,1384.4085693359375,415.84185791015625,183.4600067138672,187.2100067138672,56.73950958251953,99.3499984741211,216.3902740478516,118.26000213623048,349.510009765625,320.55194091796875,538.510009765625,329.8900146484375,180.05999755859375,185.00250244140625,117.30999755859376,125.43000030517578,146.69000244140625,211.2908477783203,197.1952209472656,3.759999990463257,138.9600067138672,1077.868896484375,421.27581787109375,1073.4014892578125,131.82363891601562,383.0212097167969,28.62624740600586,227.8033599853516,95.77999877929688,49.47999954223633,452.3500061035156,222.91798400878903,171.1136016845703,206.9199981689453,966.2666625976562,258.38800048828125,94.8240737915039,609.8447875976562,1570.903076171875,112.30241394042967,47.29999923706055,163.61964416503906,412.72607421875,576.3613891601562,176.4199981689453,224.1699981689453,23.31999969482422,91.97000122070312,154.82000732421875,198.2489318847656,44.38999938964844,144.6199951171875,12.460000038146973,289.77703857421875,68.5999984741211,102.04000091552734,179.66494750976562,184.5599975585937,25.428083419799805,146.02999877929688,167.76039123535156,708.15234375,27.920000076293945,12.18000030517578,144.2100067138672,497.5,716.1649780273438,738.0137329101562,337.3125915527344,384.6400146484375,462.1367492675781,392.510009765625,400.6716613769531,279.4700012207031,14.81999969482422,21.6200008392334,330.9011535644531,429.8500061035156,160.62506103515625,442.2446899414063
2026-05-05,283.9184265136719,204.6533050537109,255.6199951171875,403.664306640625,215.69000244140625,301.1099853515625,410.3099365234375,355.260009765625,327.1197509765625,273.54998779296875,170.22000122070312,39.880001068115234,208.83999633789065,1441.044921875,426.6846923828125,181.2400054931641,189.1300048828125,56.31430816650391,95.5,205.8743591308593,114.45999908447266,353.6300048828125,319.9229431152344,544.75,335.7300109863281,193.57000732421875,186.5086364746093,119.13249969482422,127.88999938964844,145.72999572753906,215.963134765625,195.3872833251953,3.5999999046325684,149.2899932861328,1073.1522216796875,409.7276916503906,1094.650634765625,132.6084747314453,388.1981201171875,29.952369689941406,227.35665893554688,108.1500015258789,54.7400016784668,451.3800048828125,224.26026916503903,173.06910705566406,206.0399932861328,987.170654296875,275.6058349609375,97.98819732666016,604.3998413085938,1585.7005615234375,112.34212493896484,46.709999084472656,168.7083740234375,410.4909362792969,640.1015625,175.9199981689453,244.42999267578125,22.770000457763672,92.01000213623048,157.42999267578125,196.271240234375,44.869998931884766,145.5,12.119999885559082,291.3616638183594,68.37999725341797,102.66999816894533,184.70741271972656,183.97999572753903,25.57311248779297,135.91000366210938,185.863525390625,701.22265625,27.82999992370605,11.869999885559082,141.7100067138672,502.510009765625,721.9102172851562,770.4606323242188,356.9651794433594,384.8999938964844,466.2926025390625,389.3699951171875,393.488525390625,281.0,14.5,21.040000915527344,340.94903564453125,424.3599853515625,160.1557159423828,465.13873291015625
2026-05-06,287.245361328125,203.5809326171875,250.1699981689453,414.4946594238281,213.9100036621093,303.0,428.0877990722656,421.3900146484375,328.6283569335937,274.989990234375,147.05999755859375,44.2400016784668,237.3000030517578,1542.7325439453125,424.7677307128906,184.9199981689453,190.67999267578125,55.95832824707031,95.26000213623048,214.91226196289065,123.76000213623048,354.8999938964844,322.2792663574219,576.7899780273438,344.6700134277344,198.2899932861328,180.7235565185547,117.01750183105467,137.97999572753906,143.7100067138672,238.4060516357422,198.3574676513672,3.859999895095825,155.86000061035156,1082.60546875,420.2287292480469,1118.3885498046875,135.41006469726562,397.8023986816406,30.28140640258789,224.0906982421875,113.01000213623048,60.97999954223633,451.7300109863281,223.3355865478516,181.39747619628903,231.32000732421875,985.353759765625,296.9608154296875,102.40602111816406,612.3125,1649.8326416015625,112.74919128417967,48.790000915527344,172.10752868652344,413.0653381347656,666.487548828125,195.08999633789065,248.58999633789065,29.06999969482422,89.05000305175781,150.63999938964844,207.5880584716797,45.7599983215332,148.36000061035156,12.880000114440918,302.5238037109375,79.62000274658203,105.7699966430664,193.35731506347656,183.67999267578125,25.65046119689941,133.7899932861328,191.8613739013672,719.974609375,34.65999984741211,13.520000457763672,139.74000549316406,504.4200134277344,731.9443359375,785.859619140625,382.3356018066406,409.989990234375,472.4763793945313,398.7300109863281,418.5198974609375,289.44000244140625,15.770000457763672,23.520000457763672,358.8453369140625,427.6499938964844,158.06863403320312,483.0240478515625
2026-05-07,287.1754150390625,201.27734375,256.510009765625,407.404052734375,195.6499938964844,295.9100036621094,410.1301574707031,408.4599914550781,326.6235046386719,271.1700134277344,141.75,41.52999877929688,213.3099975585937,1514.629150390625,411.9080810546875,182.5200042724609,191.3800048828125,55.62211990356445,93.0199966430664,209.6093597412109,118.70999908447266,356.8999938964844,310.797119140625,538.760009765625,319.19000244140625,188.2899932861328,185.8602905273437,126.43000030517578,128.83999633789062,188.72999572753903,229.8901214599609,193.48992919921875,3.740000009536743,147.66000366210938,1061.5098876953125,398.0499877929688,1045.0960693359375,133.1846923828125,397.7524108886719,29.61336135864257,229.6199951171875,109.62000274658205,56.84999847412109,453.489990234375,221.2376403808593,176.10023498535156,206.3000030517578,973.2846069335938,286.3182983398437,101.07271575927734,616.2388305664062,1573.5589599609375,111.49819946289062,48.540000915527344,159.9705352783203,419.8606262207031,646.5305786132812,184.7700042724609,256.7900085449219,26.700000762939453,93.58999633789062,141.86000061035156,211.2537841796875,45.79999923706055,145.38999938964844,12.380000114440918,289.2388610839844,71.83000183105469,100.61000061035156,193.9153747558593,196.52999877929688,25.60211753845215,137.0500030517578,201.8046417236328,708.0424194335938,33.619998931884766,12.579999923706056,153.72000122070312,505.1900024414063,729.7001342773438,765.8939208984375,353.9762878417969,390.5499877929688,473.98486328125,411.7900085449219,413.182373046875,285.239990234375,15.59000015258789,23.350000381469727,339.93927001953125,425.0,153.73471069335938,463.7890930175781
2026-05-08,293.0500183105469,200.1255340576172,253.0399932861328,415.3822021484375,199.7899932861328,295.04998779296875,434.89935302734375,455.1900024414063,329.2139587402344,272.67999267578125,141.77000427246094,41.25,213.2700042724609,1589.951171875,429.3205261230469,182.8500061035156,193.4499969482422,55.53312683105469,94.125,205.0554656982422,116.75,362.7000122070313,303.15899658203125,548.1099853515625,335.260009765625,188.5050048828125,181.35194396972656,131.9425048828125,114.1500015258789,200.1600036621093,260.0303039550781,194.01641845703125,3.740000009536743,149.11000061035156,1066.8035888671875,401.510009765625,1039.6187744140625,130.47251892089844,400.5607299804688,31.25854682922364,229.759994506836,124.91999816894533,61.20000076293945,450.05999755859375,220.0544586181641,186.6807403564453,207.3300018310547,946.8201293945312,293.8429870605469,98.59514617919922,609.0654907226562,1598.401123046875,110.5847625732422,54.34999847412109,170.08804321289062,414.2228393554688,746.6951293945312,177.0500030517578,196.1300048828125,27.450000762939453,91.18000030517578,138.11000061035156,214.9494781494141,46.06999969482422,146.02999877929688,12.140000343322754,293.7535400390625,72.51000213623047,103.1999969482422,195.27066040039065,207.8800048828125,25.23847961425781,137.8000030517578,218.2837677001953,713.8238525390625,35.369998931884766,12.550000190734863,152.4499969482422,516.47998046875,735.724609375,782.0823974609375,359.6341552734375,386.3699951171875,464.5343322753906,428.3500061035156,410.7181396484375,287.79998779296875,15.15999984741211,21.3799991607666,339.8992919921875,429.8200073242188,147.513427734375,479.8748779296875
2026-05-11,292.67999267578125,201.34683227539065,246.1499938964844,421.5752868652344,207.3500061035156,284.8399963378906,443.0691833496094,458.7900085449219,327.1197509765625,268.989990234375,136.42999267578125,44.59000015258789,212.6499938964844,1563.7752685546875,427.75299072265625,181.8600006103516,197.9499969482422,55.0485954284668,93.33999633789062,210.5181579589844,120.13999938964844,364.2000122070313,299.22509765625,581.469970703125,379.6900024414063,210.22000122070312,177.0330810546875,135.56500244140625,114.6999969482422,202.32000732421875,246.6324462890625,194.9402618408203,3.849999904632568,149.14999389648438,1080.8740234375,419.0,1072.531982421875,132.64822387695312,388.4080200195313,30.77994728088379,223.5500030517578,129.44000244140625,55.150001525878906,420.05999755859375,220.163818359375,184.2837829589844,213.22000122070312,965.3282470703124,295.8415832519531,98.5354461669922,598.3054809570312,1658.5693359375,110.4854736328125,52.880001068115234,170.79786682128906,411.7681579589844,795.2077026367188,186.1000061035156,193.5200042724609,28.350000381469727,91.48999786376952,137.3000030517578,219.18453979492188,46.400001525878906,145.22999572753906,12.65999984741211,304.9555358886719,78.12999725341797,107.23999786376952,193.16796875,213.6600036621093,25.36624526977539,136.88999938964844,236.65591430664065,711.70703125,33.52000045776367,13.289999961853027,151.5,516.1900024414062,737.4002685546875,833.415771484375,366.5015869140625,383.4400024414063,452.1467590332031,445.0,403.5948486328125,297.760009765625,16.469999313354492,22.040000915527344,367.8434753417969,435.1700134277344,151.83737182617188,515.695556640625
2026-05-12,294.79998779296875,206.39093017578125,240.8300018310547,418.503662109375,204.4199981689453,292.0299987792969,430.6646118164063,448.2900085449219,333.7695617675781,265.82000732421875,142.5399932861328,43.93000030517578,207.9199981689453,1518.9635009765625,418.6374206542969,184.5399932861328,199.3600006103516,55.81988906860352,93.66000366210938,206.553466796875,116.93000030517578,358.0400085449219,293.1445617675781,577.1500244140625,374.010009765625,198.57000732421875,170.86898803710938,136.5449981689453,107.75,199.94000244140625,238.5458068847656,193.9766845703125,3.700000047683716,145.30999755859375,1075.3115234375,401.5299987792969,1071.4324951171875,134.05894470214844,387.1187744140625,30.121871948242188,219.22000122070312,120.61000061035156,56.560001373291016,431.8699951171875,222.9776306152344,180.9040985107422,202.33999633789065,988.1689453125,289.036376953125,97.21208190917967,602.441650390625,1597.0831298828125,111.56769561767578,53.27000045776367,164.4594268798828,406.8887023925781,766.462158203125,179.11000061035156,186.7899932861328,27.09000015258789,89.0,137.33999633789062,220.52297973632807,47.0,148.16000366210938,12.31999969482422,293.2353210449219,73.62999725341797,104.11000061035156,186.18228149414065,215.6000061035156,25.42521476745605,136.0,209.5360870361328,722.3311157226562,32.790000915527344,12.0,151.97999572753906,513.2100219726562,736.2831420898438,808.2236938476562,358.314697265625,374.6099853515625,458.8400268554688,433.4500122070313,396.351806640625,295.1700134277344,15.5,20.950000762939453,367.0536193847656,448.2900085449219,146.66461181640625,488.6126098632813
2026-05-13,298.8699951171875,207.0264129638672,236.07000732421875,431.2088928222656,224.08999633789065,291.4800109863281,436.06787109375,445.5,333.9283752441406,270.1300048828125,140.69000244140625,45.47999954223633,221.2100067138672,1579.524658203125,416.1314086914063,187.72000122070312,204.52999877929688,55.76055908203125,92.2300033569336,206.553466796875,115.38999938964844,354.54998779296875,274.4635925292969,577.9000244140625,403.7099914550781,189.3600006103516,165.41307067871094,140.6425018310547,111.30999755859376,205.3099975585937,243.46766662597656,192.0296630859375,3.5899999141693115,145.0399932861328,1071.97802734375,406.9400024414063,1062.02734375,132.18128967285156,402.3796691894531,31.9764461517334,214.63999938964844,120.29000091552734,55.16999816894531,432.2699890136719,229.1024169921875,184.73521423339844,192.3099975585937,1014.0044555664062,295.2320251464844,96.22703552246094,616.0590209960938,1647.835693359375,112.63997650146484,50.41999816894531,177.90611267089844,404.3342590332031,803.5064086914062,207.2700042724609,192.6199951171875,27.049999237060547,87.05000305175781,131.0800018310547,225.56710815429688,47.08000183105469,149.75,12.18000030517578,297.40118408203125,69.66000366210938,115.70999908447266,189.10211181640625,227.7899932861328,25.5136661529541,130.0500030517578,212.38555908203125,718.806396484375,32.0,11.960000038146973,152.3699951171875,509.2799987792969,740.4025268554688,816.767578125,363.2428283691406,351.0299987792969,445.5833435058594,445.2699890136719,398.8659057617188,306.3399963378906,15.369999885559082,20.18000030517578,369.91302490234375,453.05999755859375,142.4105682373047,493.9612121582031
2026-05-14,298.2099914550781,209.28038024902344,237.009994506836,425.6241760253906,228.63999938964844,293.45001220703125,440.0130004882813,449.7000122070313,333.71002197265625,267.2200012207031,147.80999755859375,46.709999084472656,228.5,1582.450927734375,439.0950622558594,184.9600067138672,191.3699951171875,56.13631820678711,91.98999786376952,210.657958984375,112.51000213623048,352.8399963378906,274.8330078125,591.5700073242188,404.9400024414063,184.5399932861328,167.14859008789062,144.9875030517578,114.21499633789062,202.83999633789065,247.4810485839844,191.56277465820312,3.490000009536743,139.25999450683594,1074.3663330078125,408.1000061035156,1089.97314453125,131.19775390625,400.8305969238281,34.03043746948242,218.3699951171875,115.93000030517578,58.400001525878906,428.05999755859375,229.48025512695312,189.0527191162109,192.32000732421875,1004.9700317382812,298.9394226074219,96.55538177490234,617.8573608398438,1611.5111083984375,112.60027313232422,50.02999877929688,182.53497314453125,408.5451354980469,775.8906860351562,221.1499938964844,199.8099975585937,27.540000915527344,90.5,134.72000122070312,235.465576171875,45.79999923706055,149.77000427246094,11.970000267028809,293.175537109375,67.20999908447266,118.37000274658205,194.9318389892578,238.2100067138672,25.307275772094727,133.72999572753906,199.3437347412109,711.8068237304688,33.029998779296875,12.0600004196167,150.75999450683594,510.0199890136719,746.2474975585938,804.1865844726562,356.4153747558594,352.8800048828125,447.7611389160156,443.2999877929688,416.7440490722656,308.1700134277344,14.8100004196167,19.5,376.1517333984375,450.4100036621094,141.70155334472656,489.0224914550781
2026-05-15,300.2300109863281,208.903060913086,247.6000061035156,416.3495788574219,232.67999267578125,286.9800109863281,436.077880859375,424.1000061035156,326.3099975585937,264.1400146484375,141.97000122070312,42.560001373291016,209.1600036621093,1499.8583984375,424.5181274414063,181.5800018310547,192.9499969482422,56.36375045776367,89.55000305175781,204.4462738037109,107.51000213623048,347.239990234375,267.20001220703125,554.4600219726562,382.4500122070313,172.1699981689453,173.06332397460938,148.52000427246094,107.3000030517578,207.97999572753903,241.59078979492188,187.261459350586,3.2799999713897705,133.07000732421875,1054.225830078125,399.4400024414063,1048.694091796875,128.73394775390625,396.5431518554688,33.003440856933594,219.3000030517578,108.7699966430664,52.93999862670898,421.1199951171875,225.41363525390625,180.20201110839844,182.6000061035156,1004.9199829101562,284.51959228515625,93.38131713867188,613.6612548828125,1547.6585693359375,110.5847625732422,49.040000915527344,176.84637451171875,421.0081481933594,724.5485229492188,219.94000244140625,197.5599975585937,24.920000076293945,95.06999969482422,127.80999755859376,225.0577087402344,44.7400016784668,148.0800018310547,11.239999771118164,290.5145263671875,62.25,113.11000061035156,192.2810516357422,242.8300018310547,24.89449691772461,133.99000549316406,200.74855041503903,697.2086791992188,31.040000915527344,11.229999542236328,157.47000122070312,502.4200134277344,737.2706298828125,794.9031982421875,337.75244140625,334.239990234375,437.9010314941406,422.239990234375,403.4053039550781,302.7300109863281,13.649999618530272,18.40999984741211,370.8628540039063,436.9500122070313,139.4846649169922,481.8943481445313
2026-05-18,297.8399963378906,207.92999267578125,255.63999938964844,417.43658447265625,215.5800018310547,286.2699890136719,413.0565185546875,420.989990234375,324.3900146484375,264.8599853515625,141.7100067138672,39.13999938964844,215.1199951171875,1470.4766845703125,420.0451965332031,183.9199981689453,191.9100036621093,56.670291900634766,88.8499984741211,201.6699981689453,105.13999938964844,345.989990234375,262.0,524.530029296875,362.8299865722656,156.27000427246094,179.01795959472656,154.70750427246094,103.7699966430664,208.82000732421875,237.63731384277344,187.25152587890625,3.25,127.20999908447266,1057.39013671875,381.8699951171875,1011.7330322265624,128.82334899902344,396.70306396484375,32.90373229980469,222.75,108.16999816894533,50.459999084472656,439.9200134277344,227.61099243164065,175.64500427246094,172.9499969482422,988.0900268554688,277.7643127441406,92.29676055908205,610.64404296875,1484.0655517578125,111.75633239746094,48.11000061035156,168.88832092285156,422.6246643066406,681.4351806640625,199.8600006103516,201.75,24.14999961853028,103.41999816894533,125.5,222.0612030029297,44.27999877929688,149.14999389648438,10.970000267028809,290.69390869140625,58.560001373291016,109.43000030517578,185.96304321289065,247.5500030517578,24.89449691772461,135.13999938964844,202.890625,628.7409057617188,30.850000381469727,10.479999542236328,164.24000549316406,498.4299926757813,736.751953125,740.3121948242188,320.92877197265625,324.2099914550781,441.557373046875,409.989990234375,395.0249328613281,300.6000061035156,13.199999809265137,17.399999618530273,339.6593322753906,436.5799865722656,136.5587615966797,458.5604248046875
2026-05-19,298.9700012207031,212.24923706054688,254.9900054931641,413.1782531738281,244.259994506836,294.29998779296875,406.40478515625,414.0499877929688,330.75,259.3399963378906,141.5800018310547,36.619998931884766,223.1499938964844,1457.54345703125,410.4204406738281,184.63999938964844,190.5599975585937,57.65913009643555,87.79000091552734,197.3300018310547,103.5199966430664,338.1199951171875,260.6700134277344,541.9199829101562,353.6300048828125,168.99000549316406,178.95811462402344,154.22000122070312,99.80999755859376,215.1499938964844,234.8718719482422,185.0462341308593,3.1600000858306885,124.22000122070312,1043.2701416015625,371.8800048828125,1011.2832641601562,129.64793395996094,387.4285888671875,32.52484130859375,222.3300018310547,110.8000030517578,47.7400016784668,441.5799865722656,228.684814453125,174.05799865722656,169.0,1021.4099731445312,273.18756103515625,91.35150146484376,602.052001953125,1465.873291015625,113.4243392944336,45.720001220703125,176.22653198242188,416.5178833007813,698.632568359375,197.72999572753903,206.72999572753903,22.295000076293945,101.83000183105467,123.70999908447266,220.35317993164065,44.27999877929688,150.44000244140625,10.529999732971191,293.2851257324219,55.880001068115234,106.0199966430664,180.8309020996093,240.1300048828125,25.21882438659668,135.25999450683594,194.8901824951172,629.3599853515625,30.559999465942383,10.0600004196167,169.5500030517578,493.8699951171875,731.8446044921875,732.8274536132812,321.3985900878906,314.57000732421875,447.3615417480469,404.1099853515625,391.6926879882813,302.3099975585937,11.90999984741211,16.18000030517578,322.5628967285156,434.30999755859375,134.52162170410156,455.6811828613281
2026-05-20,302.25,210.799560546875,253.3699951171875,396.9626770019531,287.4800109863281,298.4800109863281,426.3200073242188,447.5799865722656,331.57000732421875,265.010009765625,140.49000549316406,39.52000045776367,256.7300109863281,1548.1156005859375,417.0998840332031,187.4600067138672,187.8000030517578,57.88656234741211,90.36000061035156,202.6600036621093,104.0199966430664,350.8900146484375,281.260009765625,554.760009765625,358.5,182.97999572753903,179.63636779785156,162.52749633789062,101.27999877929688,212.2400054931641,242.5292205810547,189.3872833251953,3.1700000762939453,127.6999969482422,1065.06005859375,379.6900024414063,1023.996826171875,129.83670043945312,388.6778564453125,33.70140075683594,225.0,118.95999908447266,52.709999084472656,449.0299987792969,228.0087127685547,182.947006225586,169.30999755859375,1018.8699951171876,291.8843994140625,93.55046081542967,604.499755859375,1550.903564453125,112.19319915771484,48.119998931884766,186.75393676757807,420.1499938964844,731.87744140625,191.82000732421875,210.1300048828125,24.309999465942383,103.3000030517578,133.97999572753906,223.20985412597656,45.06999969482422,150.4499969482422,10.59000015258789,309.1014709472656,62.58000183105469,110.20999908447266,187.50767517089844,246.6600036621093,25.34659004211425,137.14999389648438,201.7647857666016,649.760009765625,33.459999084472656,10.390000343322754,166.97000122070312,498.9299926757813,739.3452758789062,750.5348510742188,344.2099914550781,344.4599914550781,451.3375854492188,417.260009765625,400.6816711425781,304.8800048828125,12.75,16.780000686645508,315.6043395996094,430.4400024414063,143.7986297607422,459.5001831054688
2026-05-21,304.989990234375,212.9840087890625,244.1000061035156,383.1604614257813,297.8399963378906,300.510009765625,427.3599853515625,449.5899963378906,337.4200134277344,268.4599914550781,148.58999633789062,48.02000045776367,298.2300109863281,1589.93115234375,413.9149169921875,189.75,189.47000122070312,58.885284423828125,90.93000030517578,202.5200042724609,105.33000183105467,358.4599914550781,285.8299865722656,587.22998046875,378.0,193.38999938964844,175.8561248779297,162.0574951171875,107.58000183105467,218.0399932861328,252.3829498291016,192.9833068847656,3.200000047683716,131.38999938964844,1078.4200439453125,381.510009765625,1043.286865234375,129.64793395996094,387.4285888671875,33.870906829833984,252.97000122070312,118.5,58.060001373291016,439.7999877929688,230.4049224853516,184.218002319336,177.14999389648438,1041.6500244140625,302.0272216796875,90.65499877929688,606.8175659179688,1558.8714599609375,115.05262756347656,47.2599983215332,190.6429748535156,419.0899963378906,761.9827880859375,219.92999267578125,212.6499938964844,25.07999992370605,99.69000244140624,136.9199981689453,219.25445556640625,44.38999938964844,151.75999450683594,10.529999732971191,298.3678894042969,65.08999633789062,109.61000061035156,189.11209106445312,252.9199981689453,25.50383949279785,137.4149932861328,212.6246795654297,642.5900268554688,33.459999084472656,11.329999923706056,165.5399932861328,503.9800109863281,740.8114624023438,809.882568359375,353.44000244140625,360.4800109863281,448.91998291015625,417.8500061035156,406.19873046875,298.3900146484375,13.100000381469728,17.860000610351562,323.3327331542969,433.5400085449219,148.87152099609375,486.3331909179688
2026-05-22,308.82000732421875,214.175521850586,244.759994506836,395.9853515625,306.8800048828125,297.45001220703125,432.1600036621094,467.510009765625,339.29998779296875,266.32000732421875,154.02999877929688,45.869998931884766,306.510009765625,1630.778076171875,413.485595703125,187.02999877929688,193.759994506836,58.79629135131836,92.13999938964844,202.9100036621093,104.75,373.5899963378906,294.07000732421875,583.739990234375,377.5700073242188,218.4100036621093,179.6064453125,165.86500549316406,105.48999786376952,222.32000732421875,294.7030029296875,190.7581481933593,3.2300000190734863,135.27999877929688,1079.7900390625,391.3500061035156,1038.20947265625,133.4827423095703,382.7413940429688,37.47037506103516,253.83999633789065,119.83999633789062,56.83000183105469,438.1000061035156,233.0,188.83799743652344,179.36000061035156,1065.0,305.13507080078125,93.43000030517578,609.6949462890625,1587.387939453125,121.5360107421875,46.880001068115234,196.2815856933593,418.5700073242188,750.884521484375,214.7700042724609,216.1699981689453,26.729999542236328,102.12999725341795,137.64999389648438,215.079330444336,44.959999084472656,152.00999450683594,10.65999984741211,315.4001159667969,65.87999725341797,116.1999969482422,191.41407775878903,260.5799865722656,25.45469665527344,136.8800048828125,237.2835998535156,638.8800048828125,35.58000183105469,11.399999618530272,172.1999969482422,524.739990234375,743.7239990234375,812.15087890625,358.44000244140625,372.4500122070313,447.8310852050781,426.010009765625,403.5748901367188,309.2099914550781,13.020000457763672,18.040000915527344,327.3918762207031,434.5199890136719,156.0514678955078,484.1537780761719
2026-05-26,308.3299865722656,211.6137542724609,240.4900054931641,418.7928771972656,318.7200012207031,295.5,454.8900146484375,503.8900146484375,335.94000244140625,265.2900085449219,158.00999450683594,45.13999938964844,321.2200012207031,1629.9091796875,421.3431701660156,187.19000244140625,193.0800018310547,57.38225173950195,92.25,204.3800048828125,108.16999816894533,381.75,301.57000732421875,602.3900146484375,381.3500061035156,221.63999938964844,178.61898803710938,167.8874969482422,105.88999938964844,223.6499938964844,304.5766906738281,192.3872833251953,3.3499999046325684,142.1199951171875,1077.6300048828125,403.1300048828125,1069.92333984375,132.85684204101562,388.6478576660156,37.948974609375,250.69000244140625,123.5199966430664,59.77999877929688,436.6400146484375,230.17999267578125,201.1390075683593,183.3600006103516,1064.739990234375,322.4528503417969,98.0500030517578,611.7730102539062,1660.4464111328125,118.86521911621094,47.02999877929688,208.2086334228516,416.0299987792969,895.7422485351562,208.0599975585937,217.5399932861328,29.06999969482422,99.91999816894533,140.42999267578125,214.60987854003903,44.18999862670898,150.8000030517578,10.979999542236328,331.5453796386719,68.69999694824219,127.0,192.3906707763672,256.75,25.40555763244629,136.60000610351562,247.9043884277344,634.6199951171875,37.09999847412109,12.220000267028809,177.60000610351562,534.5599975585938,748.6613159179688,845.1574096679688,389.1400146484375,389.0,447.7311706542969,433.5899963378906,411.3566589355469,324.8900146484375,13.510000228881836,18.39999961853028,323.8426208496094,435.9299926757813,164.32986450195312,524.5132446289062
2026-05-27,310.8500061035156,213.8776397705078,238.2400054931641,415.7412414550781,325.3299865722656,295.6300048828125,448.25,495.5400085449219,336.0599975585937,271.8500061035156,154.30999755859375,48.97999954223633,302.7099914550781,1595.7935791015625,421.193359375,185.6499938964844,196.97000122070312,56.87794494628906,93.0,198.9499969482422,107.44000244140624,374.0499877929688,288.67999267578125,582.0800170898438,380.1799926757813,221.22999572753903,177.0530242919922,161.33999633789062,104.2699966430664,221.8099975585937,304.8163146972656,190.4402770996093,3.390000104904175,140.0,1070.219970703125,406.3699951171875,1031.363037109375,132.81710815429688,388.5978698730469,37.09148025512695,255.1999969482422,121.7699966430664,67.83999633789062,418.5499877929688,231.2899932861328,195.718994140625,180.1300048828125,1082.9200439453125,318.7054748535156,96.8499984741211,634.6718139648438,1617.7017822265625,119.38150024414062,47.61000061035156,198.65098571777344,412.6700134277344,928.2672119140624,208.3699951171875,209.22000122070312,27.36000061035156,102.12000274658205,138.0,212.35250854492188,44.54999923706055,151.1199951171875,11.119999885559082,328.126953125,67.81999969482422,124.88999938964844,190.2979736328125,248.47000122070312,25.759366989135746,132.50999450683594,232.5411071777344,627.739990234375,38.18999862670898,12.06999969482422,175.25999450683594,525.9199829101562,748.5316162109375,870.0396118164062,375.8299865722656,379.7799987792969,455.7531433105469,440.3599853515625,421.7423400878906,317.45001220703125,13.4399995803833,18.350000381469727,319.7134704589844,437.2200012207031,159.92604064941406,530.461669921875
2026-05-28,312.510009765625,217.08482360839844,241.44000244140625,417.8654479980469,349.1700134277344,305.0599975585937,449.6799926757813,518.0900268554688,336.4800109863281,274.0,155.27000427246094,49.650001525878906,335.2699890136719,1603.683349609375,425.9059143066406,185.3300018310547,196.38999938964844,56.27475357055664,93.44000244140624,199.2700042724609,110.62999725341795,373.8500061035156,286.3099975585937,570.1799926757812,376.9500122070313,222.3500061035156,175.7164764404297,167.75,106.86000061035156,225.2400054931641,316.5269470214844,190.162109375,3.4100000858306885,138.44000244140625,1069.43994140625,401.9400024414063,995.4913330078124,135.33059692382812,389.8971252441406,38.09853363037109,264.2200012207031,120.88999938964844,64.05000305175781,423.6300048828125,230.8000030517578,192.76300048828125,185.4600067138672,1126.800048828125,317.7761535644531,96.04000091552734,634.7017211914062,1630.681884765625,119.03400421142578,47.56999969482422,204.77947998046875,426.989990234375,923.3779907226562,226.33999633789065,228.1100006103516,28.64999961853028,108.7300033569336,137.5,214.0005798339844,45.5099983215332,151.39999389648438,11.300000190734863,329.1634216308594,68.08999633789062,123.7699966430664,202.9937896728516,257.7699890136719,25.690570831298828,143.33999633789062,242.39471435546875,621.52001953125,41.29999923706055,12.1899995803833,239.1999969482422,480.6400146484375,752.6609497070312,880.0924682617188,382.6499938964844,381.4700012207031,486.7320861816406,442.1000061035156,423.8673400878906,315.95001220703125,13.550000190734863,18.440000534057617,314.1146240234375,447.9700012207031,160.0558624267578,531.0415649414062
2026-05-29,312.0599975585937,216.18125915527344,259.2099914550781,412.7195129394531,342.8500061035156,301.9800109863281,450.05999755859375,516.0999755859375,336.7900085449219,270.6400146484375,159.47000122070312,47.27999877929688,353.2900085449219,1610.6641845703125,446.0640258789063,185.6699981689453,196.0,56.54174041748047,95.9499969482422,195.8800048828125,112.6999969482422,374.9299926757813,287.75,580.22998046875,361.4700012207031,236.02999877929688,190.6080474853516,182.75,109.52999877929688,247.3500061035156,420.2156066894531,188.74159240722656,3.4800000190734863,138.7899932861328,1068.0400390625,400.6000061035156,967.8255004882812,133.55227661132812,380.1129455566406,42.91444778442383,297.79998779296875,114.68000030517578,63.540000915527344,424.6400146484375,225.3300018310547,192.17100524902344,182.47000122070312,1105.0,317.9560241699219,94.6500015258789,631.92431640625,1563.8238525390625,117.8723602294922,47.18999862670898,204.94943237304688,450.239990234375,970.8507080078124,231.08999633789065,241.82000732421875,28.8799991607666,124.37000274658205,134.0800018310547,210.8942108154297,45.58000183105469,150.1699981689453,11.5600004196167,320.2636413574219,66.87999725341797,120.62000274658205,224.9972381591797,281.69000244140625,25.729883193969727,156.5399932861328,250.0962829589844,614.780029296875,46.09000015258789,12.670000076293944,255.5500030517578,475.6199951171875,754.5361328125,879.173095703125,374.30999755859375,386.7999877929688,492.0168151855469,435.7900085449219,417.4723510742188,305.67999267578125,13.770000457763672,18.21999931335449,315.6443176269531,447.5400085449219,160.00592041015625,531.071533203125
2026-06-01,306.3099975585937,211.4250946044922,274.0299987792969,401.5899963378906,320.0899963378906,295.6300048828125,458.1700134277344,510.1300048828125,329.1300048828125,261.260009765625,170.67999267578125,47.93999862670898,408.8500061035156,1626.45361328125,459.2431640625,179.7100067138672,192.22999572753903,54.33663177490234,91.6999969482422,188.38999938964844,112.58999633789062,414.1600036621094,265.70001220703125,569.6099853515625,362.8999938964844,226.1000061035156,209.0604248046875,195.54249572753903,124.81999969482422,277.489990234375,465.1912841796875,183.7747039794922,3.430000066757202,135.72999572753906,1050.77001953125,400.0799865722656,950.0545654296876,130.24403381347656,376.1453247070313,46.862892150878906,320.4200134277344,109.33000183105467,65.33000183105469,412.260009765625,223.509994506836,194.0039978027344,189.0,1082.199951171875,316.8967590332031,91.5199966430664,599.9139404296875,1540.0401611328125,114.3477020263672,46.060001373291016,219.37586975097656,460.5199890136719,1035.3408203125,264.510009765625,270.82000732421875,29.700000762939453,135.86000061035156,129.47000122070312,224.09881591796875,44.06999969482422,145.67999267578125,11.399999618530272,310.32733154296875,66.88999938964844,120.91999816894533,247.2896881103516,300.4800109863281,25.18933868408203,160.64999389648438,228.14735412597656,600.6599731445312,46.880001068115234,12.890000343322754,280.1600036621094,492.2900085449219,756.5908203125,920.6035766601562,369.4700012207031,377.2000122070313,493.5452575683594,415.8800048828125,434.6122131347656,293.20001220703125,13.59000015258789,17.6200008392334,323.32275390625,438.3999938964844,154.54356384277344,546.0576171875
2026-06-02,315.20001220703125,213.8776397705078,262.1099853515625,423.2000122070313,355.760009765625,286.1199951171875,490.0499877929688,521.5399780273438,328.260009765625,256.5199890136719,175.3300018310547,47.86000061035156,402.7099914550781,1703.15380859375,480.8090515136719,177.4499969482422,188.8300018310547,53.85210037231445,89.13999938964844,187.259994506836,120.51000213623048,416.3900146484375,272.6499938964844,627.0,426.8900146484375,229.0,200.32296752929688,192.2375030517578,119.2699966430664,269.1300048828125,434.59185791015625,186.0197296142578,3.670000076293945,142.9199981689453,1071.800048828125,417.6199951171875,969.1748046875,126.73706817626952,361.6340026855469,55.98620223999024,329.2300109863281,107.93000030517578,66.5999984741211,402.2999877929688,222.88999938964844,204.5200042724609,199.1300048828125,1064.1500244140625,334.1745910644531,96.95999908447266,597.0765991210938,1622.5142822265625,114.82427978515624,45.63999938964844,290.7182922363281,441.30999755859375,1063.936279296875,260.5799865722656,272.6600036621094,30.56999969482422,127.6500015258789,133.50999450683594,222.56060791015625,42.91999816894531,143.47999572753906,12.4399995803833,322.52593994140625,73.47000122070312,128.63999938964844,243.7320709228516,297.17999267578125,25.110713958740234,152.1699981689453,239.9537353515625,602.9199829101562,50.16999816894531,13.949999809265137,261.1400146484375,508.3500061035156,757.6182250976562,925.9497680664062,392.6199951171875,385.510009765625,481.5972290039063,423.739990234375,445.6463623046875,308.1199951171875,15.4399995803833,19.540000915527344,334.42041015625,425.0899963378906,157.74908447265625,562.9531860351562
2026-06-03,310.260009765625,215.59542846679688,256.239990234375,437.6700134277344,363.5400085449219,292.5799865722656,500.7699890136719,542.52001953125,338.2200012207031,250.0200042724609,174.3699951171875,44.709999084472656,411.8299865722656,1724.1165771484375,478.4727478027344,176.27999877929688,195.9600067138672,54.10919952392578,88.44999694824219,184.72000122070312,114.55999755859376,408.0,267.239990234375,620.3699951171875,417.4299926757813,214.6000061035156,190.1193084716797,186.90249633789065,110.93000030517578,250.3300018310547,420.3853149414063,182.28463745117188,3.4200000762939453,140.3300018310547,1077.0,421.2099914550781,958.8700561523438,128.14779663085938,358.77569580078125,54.98912048339844,305.6300048828125,112.70999908447266,65.4800033569336,407.2900085449219,223.2400054931641,212.5110015869141,181.6699981689453,1078.780029296875,343.4680480957031,96.5500030517578,622.4031372070312,1687.3154296875,113.8810577392578,49.060001373291016,301.5755920410156,427.3399963378906,1079.4039306640625,251.67999267578125,265.3299865722656,26.3700008392334,117.9000015258789,133.75999450683594,214.5,42.0,143.66000366210938,11.34000015258789,320.7918395996094,65.20999908447266,133.92999267578125,229.53146362304688,280.42999267578125,24.90432548522949,142.1999969482422,249.08999633789065,618.9500122070312,47.41999816894531,12.270000457763672,241.27999877929688,498.0199890136719,752.3018798828125,940.019775390625,409.6700134277344,379.5899963378906,473.4754028320313,423.7000122070313,435.6697387695313,308.5899963378906,14.09000015258789,18.0,331.3710632324219,428.3399963378906,153.5849151611328,593.9551391601562
2026-06-04,311.2300109863281,223.3502197265625,258.4200134277344,428.760009765625,358.04998779296875,303.6400146484375,501.7000122070313,523.2000122070312,345.6000061035156,253.7899932861328,166.00999450683594,44.150001525878906,393.4400024414063,1755.1861572265625,418.248046875,181.8000030517578,196.4499969482422,55.96821212768555,89.58999633789062,190.759994506836,114.0199966430664,411.6799926757813,264.5899963378906,535.6300048828125,421.8999938964844,217.5,188.2640991210937,179.7725067138672,108.02999877929688,243.6000061035156,421.3537292480469,187.4501953125,3.4100000858306885,139.8800048828125,1089.1500244140625,418.6099853515625,962.8380737304688,128.3365478515625,371.96783447265625,53.53337478637695,301.7699890136719,111.77999877929688,61.86000061035156,418.8200073242188,228.1699981689453,213.1100006103516,186.69000244140625,1125.27001953125,336.1731872558594,96.3000030517578,626.9888916015625,1650.082275390625,119.40135955810548,51.59000015258789,316.3519592285156,428.0499877929688,995.8468627929688,259.6700134277344,268.6400146484375,26.15999984741211,119.36000061035156,133.38999938964844,218.6600036621093,43.75,148.39999389648438,11.40999984741211,321.13067626953125,65.38999938964844,131.82000732421875,235.5206298828125,279.25,25.24830818176269,141.6999969482422,242.57000732421875,628.72998046875,46.900001525878906,12.0,244.17999267578125,494.4800109863281,755.1445922851562,925.3302001953124,406.8599853515625,378.0799865722656,481.5472717285156,418.4500122070313,443.8805236816406,305.3699951171875,14.140000343322754,17.3700008392334,323.8526306152344,441.739990234375,153.4850616455078,575.3499755859375
2026-06-05,307.3399963378906,225.62403869628903,251.44000244140625,401.3900146484375,317.0599975585937,303.04998779296875,453.010009765625,466.3800048828125,349.5799865722656,246.02999877929688,154.27000427246094,39.619998931884766,342.92999267578125,1639.6065673828125,385.1204833984375,185.9499969482422,195.33999633789065,56.6307373046875,88.08000183105469,185.9499969482422,103.44000244140624,376.1900024414063,254.8300018310547,488.2099914550781,376.989990234375,206.88999938964844,185.1820526123047,167.7550048828125,100.38999938964844,234.1100006103516,393.7393798828125,185.55284118652344,3.0299999713897705,125.41000366210938,1080.949951171875,395.9400024414063,933.1331787109376,128.3166961669922,368.30999755859375,49.05647659301758,284.8399963378906,99.16999816894533,54.34999847412109,422.05999755859375,232.7700042724609,192.9199981689453,161.77999877929688,1131.4200439453125,303.0664978027344,88.33999633789062,592.450927734375,1478.793701171875,119.92757415771484,47.43999862670898,263.405029296875,416.6700134277344,863.8771362304688,227.8099975585937,250.1100006103516,23.559999465942383,112.4499969482422,129.1999969482422,205.1000061035156,42.959999084472656,149.16000366210938,10.279999732971191,294.9594421386719,58.09000015258789,117.26000213623048,212.93917846679688,272.04998779296875,25.5922908782959,135.52999877929688,215.94000244140625,635.4500122070312,41.63999938964844,10.5,238.259994506836,464.8500061035156,735.65478515625,846.8661499023438,357.92999267578125,364.739990234375,472.3265075683594,391.0,414.2000122070313,285.0599975585937,12.649999618530272,15.029999732971191,300.447509765625,446.8299865722656,148.5519561767578,511.7200012207031
2026-06-08,301.5400085449219,221.4934539794922,244.9900054931641,403.8900146484375,346.3299865722656,292.1600036621094,492.1700134277344,490.3299865722656,345.7300109863281,245.22000122070312,156.39999389648438,40.94499969482422,346.3900146484375,1746.7672119140625,395.9732971191406,181.5500030517578,192.6199951171875,54.94971084594727,85.5,187.4600067138672,105.44000244140624,394.239990234375,250.6699981689453,466.6700134277344,401.9299926757813,222.2700042724609,182.0800628662109,164.69749450683594,102.37000274658205,231.67999267578125,400.10882568359375,180.94357299804688,3.069999933242798,132.7100067138672,1062.739990234375,403.1400146484375,933.373046875,127.26361083984376,363.30999755859375,49.724517822265625,280.82000732421875,110.2699966430664,59.18999862670898,418.6099853515625,232.1600036621093,210.8059997558593,163.74000549316406,1149.1500244140625,324.2216186523437,91.37000274658205,584.8479614257812,1556.8046875,118.66664123535156,47.59999847412109,288.7787780761719,411.739990234375,949.134033203125,218.0,247.7899932861328,25.850000381469727,114.19000244140624,127.70999908447266,208.63999938964844,41.02000045776367,146.4199981689453,10.399999618530272,300.1219787597656,58.93999862670898,120.9000015258789,211.0856475830078,266.3299865722656,25.17951202392578,136.47000122070312,217.7700042724609,611.3400268554688,43.9900016784668,10.760000228881836,240.4499969482422,473.4800109863281,737.3204345703125,876.1453247070312,374.6900024414063,364.7799987792969,469.1596984863281,408.9500122070313,425.8028259277344,290.8999938964844,12.609999656677246,15.210000038146973,300.5074768066406,442.9599914550781,146.69456481933594,526.9299926757812
2026-06-09,290.54998779296875,223.8268280029297,237.8800048828125,404.6199951171875,341.70001220703125,297.69000244140625,499.2099914550781,475.510009765625,344.57000732421875,244.19000244140625,152.16000366210938,41.90999984741211,324.8599853515625,1775.4598388671875,391.5403137207031,183.42999267578125,199.1000061035156,55.849552154541016,86.5,188.9600067138672,102.2699966430664,390.8999938964844,251.6499938964844,439.3399963378906,355.94000244140625,234.32000732421875,174.8986053466797,161.2324981689453,98.4499969482422,227.33999633789065,381.1501770019531,183.7051696777344,2.950000047683716,134.35000610351562,1059.8399658203125,401.7200012207031,919.6801147460938,124.68058013916016,364.260009765625,48.129188537597656,277.489990234375,107.91999816894533,54.02000045776367,426.6099853515625,237.0,213.9369964599609,156.02000427246094,1144.6800537109375,326.9297180175781,91.47000122070312,584.0487060546875,1529.64599609375,118.7460708618164,47.72999954223633,266.8141784667969,403.4100036621094,935.74609375,220.1199951171875,236.1300048828125,23.940000534057617,106.97000122070312,129.9600067138672,208.19000244140625,42.18999862670898,149.1199951171875,9.93000030517578,296.4045715332031,56.47999954223633,117.0,205.0964813232422,260.5199890136719,25.25813674926757,132.07000732421875,205.4199981689453,616.1799926757812,40.63999938964844,10.0,239.6600036621093,465.2699890136719,735.1560668945312,845.4072265625,369.2099914550781,358.739990234375,493.5752258300781,396.6799926757813,426.9202270507813,288.6300048828125,10.649999618530272,14.369999885559082,289.45977783203125,445.7699890136719,146.01551818847656,517.719970703125
2026-06-10,291.5799865722656,223.3601531982422,233.3800048828125,392.6700134277344,330.8599853515625,291.2200012207031,497.010009765625,452.3999938964844,337.7300109863281,238.0,151.75999450683594,38.91999816894531,307.42999267578125,1731.9364013671875,371.5120239257813,178.9600067138672,194.2400054931641,54.979373931884766,86.1500015258789,183.0,95.02999877929688,385.1300048828125,242.3000030517578,434.6499938964844,354.7699890136719,237.67999267578125,170.47999572753906,161.93499755859375,95.61000061035156,227.6300048828125,369.2198791503906,179.58265686035156,2.8299999237060547,128.8800048828125,1038.3299560546875,375.4599914550781,866.647216796875,120.68683624267578,356.3800048828125,45.3572998046875,272.3599853515625,107.04000091552734,51.52000045776367,412.0199890136719,238.4900054931641,213.56399536132807,146.61000061035156,1136.3699951171875,321.5734558105469,87.91000366210938,570.4512939453125,1470.7958984375,118.23970794677734,45.9900016784668,252.52769470214844,397.3599853515625,891.7428588867188,211.69000244140625,219.6699981689453,22.114999771118164,106.05999755859376,120.6500015258789,200.4199981689453,42.810001373291016,148.1199951171875,9.270000457763672,284.5946044921875,54.02000045776367,110.16999816894533,200.562240600586,263.2200012207031,25.15985679626465,130.2100067138672,191.1999969482422,601.6500244140625,29.270000457763672,9.289999961853027,239.8999938964844,460.5400085449219,723.56591796875,815.4085693359375,347.5899963378906,336.5899963378906,481.5572814941406,381.5899963378906,407.7950134277344,282.010009765625,9.420000076293944,13.6899995803833,280.92156982421875,435.7099914550781,138.34625244140625,490.0899963378906
2026-06-11,295.6300048828125,223.18142700195312,218.8000030517578,412.1300048828125,367.4700012207031,289.3900146484375,552.6400146484375,488.4500122070313,354.0599975585937,241.509994506836,156.39999389648438,41.470001220703125,342.2300109863281,1897.0115966796875,384.9607238769531,182.27999877929688,199.9600067138672,56.26486587524414,89.54000091552734,194.67999267578125,98.97000122070312,383.739990234375,246.7100067138672,445.2200012207031,363.5799865722656,264.760009765625,166.4499969482422,172.88250732421875,95.73999786376952,234.2400054931641,390.8042297363281,181.62901306152344,3.0,144.9199981689453,1043.1800537109375,393.6400146484375,906.326904296875,125.04817199707033,357.7699890136719,46.66347503662109,274.8500061035156,116.95999908447266,56.709999084472656,412.8999938964844,238.3300018310547,241.1640014648437,158.67999267578125,1160.949951171875,362.2648010253906,92.94000244140624,567.9036254882812,1587.12841796875,119.89778900146484,49.63999938964844,280.6407470703125,390.3399963378906,995.7168579101562,222.2400054931641,227.44000244140625,23.549999237060547,103.08000183105467,123.6999969482422,204.8699951171875,43.959999084472656,153.9199981689453,9.75,301.52716064453125,57.86000061035156,115.95999908447266,183.4617462158203,279.5299987792969,25.72005653381348,131.0800018310547,202.9600067138672,611.47998046875,31.96999931335449,9.56999969482422,240.38999938964844,456.2900085449219,735.8642578125,867.4714965820312,381.3999938964844,344.79998779296875,475.18365478515625,399.1499938964844,421.0700073242188,297.1000061035156,10.630000114440918,15.079999923706056,297.81805419921875,445.0400085449219,146.17530822753906,529.2899780273438
2026-06-12,291.1300048828125,226.12049865722656,204.0200042724609,417.7900085449219,367.1499938964844,282.8500061035156,567.25,511.5700073242188,355.20001220703125,238.5500030517578,163.24000549316406,42.70000076293945,380.80999755859375,1861.12841796875,381.4662780761719,178.75,200.0500030517578,56.4922981262207,90.54000091552734,193.4499969482422,100.95999908447266,384.9599914550781,253.759994506836,445.9800109863281,385.0299987792969,250.8099975585937,165.88999938964844,170.6999969482422,100.5500030517578,229.8999938964844,394.91741943359375,182.97999572753903,3.059999942779541,150.52000427246094,1055.8499755859375,391.3900146484375,940.1795654296876,124.76998901367188,359.67999267578125,48.02947616577149,272.239990234375,124.56999969482422,59.77000045776367,411.05999755859375,240.8699951171875,254.5399932861328,162.5800018310547,1133.0,366.5517883300781,95.23999786376952,566.4549560546875,1574.9168701171875,118.20000457763672,49.90999984741211,279.6310119628906,390.739990234375,981.4590454101562,232.3600006103516,228.47999572753903,23.18000030517578,102.1500015258789,125.47000122070312,205.19000244140625,43.880001068115234,153.07000732421875,9.850000381469728,303.829345703125,57.4900016784668,116.79000091552734,183.4916381835937,279.6199951171875,25.759366989135746,127.98999786376952,211.72000122070312,612.1400146484375,30.459999084472656,9.890000343322754,232.77999877929688,453.8900146484375,739.843994140625,930.3765869140624,403.2000122070313,360.5400085449219,468.8699951171875,406.4299926757813,423.9299926757813,301.1199951171875,11.029999732971191,15.039999961853027,302.8070068359375,444.9299926757813,147.81300354003906,562.9299926757812
2026-06-15,296.4200134277344,220.02389526367188,206.3600006103516,427.5799865722656,389.2000122070313,287.79998779296875,585.780029296875,547.260009765625,350.5299987792969,246.0200042724609,169.08999633789062,46.470001220703125,412.5499877929688,1890.2005615234373,393.3175048828125,177.27000427246094,198.63999938964844,55.61223602294922,90.8000030517578,193.94000244140625,107.0199966430664,394.5,262.3500061035156,463.4100036621094,413.8399963378906,259.4100036621094,164.5500030517578,173.2274932861328,106.70999908447266,233.08999633789065,408.3951416015625,184.8999938964844,3.309999942779541,162.88999938964844,1064.3800048828125,407.05999755859375,978.5700073242188,124.3000030517578,369.3500061035156,48.87699890136719,268.7099914550781,127.86000061035156,60.84999847412109,416.5499877929688,235.6600036621093,256.4200134277344,176.64999389648438,1129.3499755859375,388.646240234375,100.31999969482422,593.47998046875,1649.7728271484375,114.9000015258789,52.130001068115234,308.8038330078125,399.760009765625,1087.8226318359375,260.07000732421875,235.7100067138672,25.07999992370605,104.1500015258789,130.39999389648438,212.4499969482422,43.91999816894531,151.55999755859375,10.539999961853027,314.8121337890625,60.7400016784668,125.9000015258789,191.97213745117188,284.5400085449219,25.552978515625,134.7100067138672,220.8099975585937,614.97998046875,30.850000381469727,10.640000343322754,240.77999877929688,454.3800048828125,752.890380859375,1018.0740966796876,432.4100036621094,386.2099914550781,473.7200012207031,411.1499938964844,441.3999938964844,313.3399963378906,11.770000457763672,15.640000343322754,311.92999267578125,450.4599914550781,153.30531311035156,653.530029296875
2026-06-16,299.239990234375,220.89767456054688,207.32000732421875,416.0,361.7099914550781,281.8999938964844,568.22998046875,507.2900085449219,347.8399963378906,246.0,168.00999450683594,46.27000045776367,396.3399963378906,1801.5458984375,376.1147155761719,178.7100067138672,195.6100006103516,55.29580307006836,89.5,196.92999267578125,107.87999725341795,387.8500061035156,268.0,430.2999877929688,382.80999755859375,239.17999267578125,161.7100067138672,169.87249755859375,117.02999877929688,231.1100006103516,403.4133605957031,190.4499969482422,3.3299999237060547,151.61000061035156,1094.6800537109375,407.7099914550781,982.3499755859376,127.2300033569336,373.25,48.380001068115234,270.8099975585937,117.0500030517578,59.18000030517578,417.0700073242188,235.17999267578125,237.3300018310547,165.47000122070312,1122.5,369.08001708984375,95.62999725341795,600.2100219726562,1496.4866943359375,115.16999816894533,55.400001525878906,278.6012878417969,393.8299865722656,1020.60302734375,265.1000061035156,230.97000122070312,24.01000022888184,101.33000183105467,132.10000610351562,207.4100036621093,43.54999923706055,150.92999267578125,10.619999885559082,301.8660583496094,57.45000076293945,118.25,187.6770782470703,279.8999938964844,25.5922908782959,133.25,214.07000732421875,614.72998046875,29.21999931335449,9.890000343322754,238.32000732421875,448.3800048828125,748.4019775390625,1030.6051025390625,409.3500061035156,406.510009765625,472.6300048828125,404.6600036621094,425.8299865722656,305.7099914550781,11.670000076293944,15.34000015258789,299.6000061035156,453.1700134277344,158.38819885253906,681.0800170898438
2026-06-17,295.95001220703125,219.6664428710937,196.27999877929688,414.4500122070313,374.6799926757813,282.7200012207031,592.9199829101562,512.47998046875,341.6600036621094,237.5,164.92999267578125,45.56999969482422,418.8800048828125,1865.4027099609373,392.2791442871094,177.88999938964844,198.6699981689453,54.66294860839844,92.22000122070312,203.07000732421875,105.66999816894533,389.6000061035156,267.1700134277344,436.7200012207031,378.8500061035156,249.3300018310547,155.02000427246094,170.74000549316406,115.20999908447266,226.6300048828125,418.6282348632813,187.0800018310547,3.309999942779541,157.33999633789062,1088.52001953125,409.6400146484375,1048.8599853515625,125.4499969482422,363.7900085449219,48.20000076293945,262.3500061035156,121.0999984741211,58.11000061035156,402.1799926757813,234.1999969482422,238.72999572753903,170.30999755859375,1112.0,374.1799926757813,94.11000061035156,567.5800170898438,1446.003662109375,115.44000244140624,61.79999923706055,289.4685974121094,378.9100036621094,1043.029541015625,280.9100036621094,226.8699951171875,25.309999465942383,95.4800033569336,132.1300048828125,204.6499938964844,43.52000045776367,150.8800048828125,10.489999771118164,297.19189453125,58.81999969482422,112.91999816894533,182.8937225341797,282.1300048828125,25.474353790283203,130.6300048828125,212.97000122070312,607.9299926757812,27.780000686645508,10.34000015258789,234.5200042724609,461.739990234375,739.0560302734375,1065.310302734375,408.55999755859375,409.80999755859375,461.6900024414063,396.3800048828125,432.1499938964844,301.8800048828125,11.420000076293944,15.300000190734863,317.5799865722656,458.989990234375,158.60787963867188,712.1300048828125
2026-06-18,298.010009765625,214.9599456787109,195.1600036621093,434.4599914550781,417.0700073242188,278.0899963378906,617.1099853515625,537.3699951171875,337.6000061035156,244.38999938964844,169.6699981689453,46.59000015258789,439.4599914550781,1927.1724853515625,410.7000122070313,174.92999267578125,196.5800018310547,53.39723587036133,90.88999938964844,205.3999938964844,106.48999786376952,387.3900146484375,274.0599975585937,428.2200012207031,389.5700073242188,271.8299865722656,151.77999877929688,171.21499633789062,117.9499969482422,223.0,408.8244323730469,188.1499938964844,3.3499999046325684,178.77000427246094,1092.18994140625,421.7699890136719,1109.72998046875,123.76000213623048,368.0299987792969,47.40999984741211,249.1000061035156,133.99000549316406,59.959999084472656,406.7799987792969,228.38999938964844,259.5599975585937,191.38999938964844,1098.5699462890625,389.0400085449219,99.7699966430664,577.219970703125,1561.317626953125,113.87000274658205,63.959999084472656,310.5033874511719,379.3999938964844,1133.8155517578125,286.69000244140625,224.0599975585937,28.209999084472656,95.04000091552734,135.05999755859375,210.69000244140625,43.18999862670898,147.0800018310547,10.649999618530272,312.2109375,61.16999816894531,121.62000274658205,183.6510772705078,287.7799987792969,24.77655982971192,128.47000122070312,226.1100006103516,609.9400024414062,30.65999984741211,11.739999771118164,232.2899932861328,455.510009765625,746.739990234375,1069.4674072265625,437.9200134277344,436.2900085449219,464.6099853515625,400.489990234375,462.1199951171875,322.8599853515625,12.010000228881836,16.559999465942383,333.04998779296875,451.6300048828125,163.52101135253906,746.22998046875
2026-06-22,297.010009765625,228.38438415527344,194.8999938964844,445.4800109863281,439.6600036621094,286.4100036621094,640.1799926757812,551.6300048828125,344.7200012207031,232.7899932861328,174.55999755859375,45.20000076293945,407.7200012207031,1926.742919921875,392.1300048828125,176.42999267578125,199.7100067138672,54.08942413330078,90.19000244140624,210.0,107.06999969482422,389.0400085449219,275.5299987792969,460.3299865722656,425.4800109863281,302.5199890136719,150.1199951171875,168.86000061035156,111.29000091552734,221.3699951171875,418.0192260742188,195.5399932861328,3.2699999809265137,184.0,1115.93994140625,435.7799987792969,1127.5899658203125,124.87000274658205,349.67999267578125,48.400001525878906,252.22000122070312,140.94000244140625,56.869998931884766,402.9500122070313,231.2899932861328,269.1600036621094,183.67999267578125,1102.0799560546875,409.5400085449219,102.70999908447266,563.8499755859375,1535.537109375,115.4800033569336,59.345001220703125,307.7840576171875,367.3399963378906,1211.1937255859375,283.6099853515625,218.3800048828125,25.63999938964844,93.01000213623048,138.91000366210938,208.6499938964844,45.880001068115234,148.92999267578125,10.449999809265137,322.147216796875,58.400001525878906,131.5500030517578,174.4630584716797,286.3999938964844,24.64879608154297,119.5,221.8999938964844,612.5,35.459999084472656,11.239999771118164,226.58999633789065,464.5799865722656,744.3900146484375,1093.260498046875,457.0,438.1199951171875,464.010009765625,405.0499877929688,467.6700134277344,332.2799987792969,11.470000267028809,16.1200008392334,357.9599914550781,466.7900085449219,167.25999450683594,732.6199951171875
2026-06-23,294.29998779296875,233.100814819336,197.42999267578125,407.260009765625,397.0199890136719,288.17999267578125,585.8800048828125,519.8499755859375,347.010009765625,234.1100006103516,162.1999969482422,45.27000045776367,366.3900146484375,1776.1488037109375,380.1499938964844,181.0200042724609,197.19000244140625,54.91015625,90.62000274658205,209.88999938964844,108.88999938964844,379.05999755859375,270.260009765625,459.8500061035156,381.2200012207031,272.0050048828125,153.4199981689453,170.22999572753906,105.72000122070312,220.57000732421875,427.07427978515625,195.0,3.2699999809265137,168.22000122070312,1115.9300537109375,405.2799987792969,1034.97998046875,125.0500030517578,346.1300048828125,48.91999816894531,264.94000244140625,132.27999877929688,54.720001220703125,403.1799926757813,239.0800018310547,244.4900054931641,177.5,1107.0799560546875,371.3299865722656,93.26000213623048,562.2000122070312,1421.5909423828125,119.5999984741211,61.0,278.97119140625,373.9400024414063,1051.6082763671875,275.25,224.94000244140625,23.89999961853028,95.94000244140624,137.66000366210938,200.0399932861328,47.41999816894531,153.3800048828125,10.359999656677246,298.9259948730469,57.18999862670898,117.05999755859376,164.58740234375,290.9200134277344,24.294984817504883,116.6999969482422,204.1300048828125,618.030029296875,33.31999969482422,10.859999656677246,230.4100036621093,461.5,733.5800170898438,1037.8499755859375,420.1199951171875,411.9200134277344,469.3500061035156,381.6099853515625,436.3900146484375,304.3599853515625,11.34000015258789,15.470000267028809,318.32000732421875,468.4200134277344,162.38999938964844,670.75
2026-06-24,293.0799865722656,233.2299041748047,196.57000732421875,413.1600036621094,399.9200134277344,294.0599975585937,588.969970703125,519.739990234375,351.42999267578125,234.2700042724609,161.74000549316406,41.97999954223633,359.0799865722656,1760.479248046875,382.0700073242188,183.0200042724609,199.58999633789065,54.38607406616211,90.20999908447266,205.6499938964844,106.63999938964844,372.3999938964844,267.9700012207031,463.510009765625,392.5,268.989990234375,152.75999450683594,168.2550048828125,100.87999725341795,222.6499938964844,433.3439025878906,193.0200042724609,3.1700000762939453,171.4600067138672,1095.0,404.5899963378906,1057.6500244140625,125.16000366210938,345.2900085449219,48.75,262.9599914550781,131.64999389648438,50.29999923706055,401.8299865722656,241.0,240.47999572753903,171.1300048828125,1117.260009765625,374.7999877929688,92.4800033569336,557.6699829101562,1432.7637939453125,120.5999984741211,60.41999816894531,276.6317749023437,365.4599914550781,1048.3487548828125,259.6600036621094,223.47999572753903,23.14999961853028,93.8000030517578,142.2100067138672,199.0,47.40999984741211,153.1199951171875,10.06999969482422,294.0599975585937,54.060001373291016,115.73999786376952,156.98385620117188,285.260009765625,23.626678466796875,113.5,197.4100036621093,623.4299926757812,32.45000076293945,10.210000038146973,225.9499969482422,463.9299926757813,733.239990234375,993.25,427.2000122070313,405.8900146484375,492.2000122070313,375.5299987792969,440.8299865722656,303.1099853515625,10.899999618530272,15.029999732971191,316.42999267578125,475.2000122070313,162.8699951171875,643.8300170898438
2026-06-25,275.1499938964844,241.4215850830078,193.4100036621093,417.9299926757813,398.0,293.1700134277344,668.0,532.5700073242188,352.82000732421875,227.009994506836,165.4499969482422,40.95000076293945,347.7099914550781,1838.7874755859373,378.9100036621094,185.67999267578125,201.9600067138672,54.77172088623047,90.0,204.7700042724609,103.58000183105467,368.2300109863281,268.69000244140625,484.6900024414063,407.25,268.0299987792969,150.19000244140625,169.66250610351562,98.76000213623048,220.94000244140625,408.7745361328125,192.44000244140625,3.069999933242798,176.27999877929688,1087.6099853515625,419.8699951171875,1085.469970703125,123.83999633789062,343.7099914550781,46.720001220703125,258.2699890136719,132.8699951171875,47.7400016784668,399.6900024414063,244.8800048828125,258.79998779296875,170.3800048828125,1127.68994140625,401.8200073242188,94.12000274658205,542.8699951171875,1436.1087646484375,125.4499969482422,59.75,281.1906433105469,352.8299865722656,1213.3734130859375,256.6300048828125,226.6499938964844,20.64999961853028,89.5199966430664,147.11000061035156,195.7400054931641,47.63999938964844,155.1199951171875,9.649999618530272,298.6400146484375,51.0099983215332,118.73999786376952,151.9314422607422,293.0899963378906,23.263038635253903,107.2699966430664,204.8999938964844,620.1400146484375,31.68000030517578,10.06999969482422,227.0599975585937,455.0199890136719,734.2999877929688,1025.3599853515625,471.9599914550781,416.7999877929688,505.75,375.1199951171875,434.989990234375,311.8099975585937,10.59000015258789,14.420000076293944,325.57000732421875,480.1799926757813,167.77000427246094,675.3900146484375
2026-06-26,283.7799987792969,251.55943298339844,202.72999572753903,386.9100036621094,391.739990234375,291.3699951171875,626.8400268554688,521.5800170898438,358.3299865722656,232.69000244140625,157.60000610351562,39.15999984741211,334.2699890136719,1792.287841796875,365.0199890136719,188.4100036621093,216.02999877929688,56.87794494628906,91.22000122070312,197.9100036621093,104.48999786376952,377.2699890136719,264.0199890136719,479.5,380.55999755859375,238.0,158.3699951171875,175.2725067138672,96.58000183105467,239.7700042724609,398.8309326171875,193.0,3.0999999046325684,161.42999267578125,1091.300048828125,402.6799926757813,1045.1700439453125,127.87999725341795,337.3900146484375,43.709999084472656,271.6300048828125,128.32000732421875,47.209999084472656,404.7000122070313,254.6600036621093,248.63999938964844,165.52000427246094,1208.1199951171875,379.0899963378906,87.93000030517578,550.25,1311.319091796875,128.66000366210938,67.2699966430664,266.7041931152344,372.9700012207031,1132.1558837890625,240.3000030517578,237.2400054931641,19.8700008392334,98.33999633789062,149.36000061035156,192.52999877929688,48.06999969482422,155.41000366210938,9.75,277.0199890136719,50.0,90.6500015258789,148.0150604248047,304.20001220703125,23.87237930297852,112.93000030517578,189.38999938964844,632.9000244140625,30.6299991607666,10.100000381469728,248.9600067138672,454.3399963378906,728.989990234375,899.9000244140625,436.8599853515625,404.0899963378906,513.030029296875,379.7099914550781,432.3500061035156,285.42999267578125,10.800000190734863,14.619999885559082,303.95001220703125,491.3399963378906,163.49000549316406,586.4500122070312
2026-06-29,281.739990234375,252.5126495361328,206.42999267578125,391.7799987792969,455.9599914550781,293.5199890136719,694.6400146484375,539.489990234375,360.5499877929688,240.13999938964844,164.10000610351562,37.77000045776367,343.5799865722656,1880.662841796875,372.4500122070313,190.9499969482422,216.6300048828125,57.90633773803711,94.26000213623048,189.25,103.47000122070312,372.7200012207031,259.32000732421875,478.9299926757813,391.2200012207031,245.67999267578125,157.92999267578125,185.7274932861328,95.51000213623048,248.57000732421875,413.9259948730469,190.5800018310547,3.119999885559082,171.0399932861328,1085.1700439453125,408.260009765625,1102.510009765625,126.33000183105467,353.6499938964844,44.40999984741211,278.0,131.72000122070312,45.90999984741211,405.9700012207031,258.510009765625,278.3900146484375,160.25,1229.9300537109375,410.9100036621094,89.05999755859375,562.5999755859375,1310.77001953125,129.3800048828125,69.69999694824219,277.6814880371094,368.5700073242188,1145.1038818359375,261.1499938964844,243.759994506836,21.31999969482422,99.97000122070312,149.11000061035156,194.97000122070312,48.34000015258789,157.58999633789062,9.699999809265137,278.3699951171875,52.7599983215332,88.56999969482422,147.2477264404297,332.0,23.951004028320312,115.6999969482422,188.72000122070312,631.8099975585938,28.14999961853028,10.260000228881836,251.6499938964844,447.260009765625,741.0,968.530029296875,463.2099914550781,399.3399963378906,506.4200134277344,411.8399963378906,455.1000061035156,285.4800109863281,10.829999923706056,14.59000015258789,306.9700012207031,499.6499938964844,162.3800048828125,651.8800048828125
2026-06-30,289.3599853515625,249.86151123046875,205.0200042724609,397.1700134277344,483.0199890136719,301.0299987792969,723.0,580.9099731445312,362.1199951171875,238.33999633789065,169.8800048828125,37.29999923706055,354.57000732421875,1986.870361328125,377.75,189.6199951171875,216.0599975585937,56.976829528808594,93.0500030517578,194.6499938964844,101.86000061035156,375.3200073242188,248.3699951171875,490.55999755859375,394.4700012207031,271.95001220703125,156.66000366210938,190.7850036621093,99.54000091552734,260.3599853515625,430.7481994628906,179.5800018310547,3.059999942779541,179.70777893066406,1042.3900146484375,426.1199951171875,1174.8599853515625,126.33999633789062,357.3699951171875,45.11000061035156,281.2099914550781,139.6300048828125,45.72999954223633,397.6799926757813,253.97000122070312,301.7099914550781,167.8699951171875,1199.4300537109375,433.3299865722656,91.1999969482422,563.2899780273438,1382.3599853515625,128.5,70.02999877929688,297.8165283203125,373.0199890136719,1154.112548828125,276.1700134277344,245.27999877929688,21.13999938964844,99.27999877929688,146.05999755859375,200.08999633789065,47.93999862670898,156.72000122070312,9.390000343322754,281.0299987792969,52.33000183105469,94.54000091552734,146.04193115234375,341.0199890136719,23.66598892211914,116.66999816894533,184.7899932861328,623.5399780273438,29.32999992370605,10.029999732971191,254.5,446.0700073242188,746.77001953125,965.0,483.8399963378906,384.260009765625,501.3599853515625,420.6000061035156,477.5700073242188,298.07000732421875,10.65999984741211,14.5,334.82000732421875,496.7300109863281,158.6300048828125,638.719970703125
2026-07-01,294.3800048828125,249.28561401367188,210.97999572753903,388.9800109863281,430.8599853515625,301.6700134277344,650.9099731445312,540.8800048828125,361.3299865722656,241.6999969482422,166.6199951171875,35.52000045776367,337.4700012207031,1840.6595458984373,369.3399963378906,183.8600006103516,209.7400054931641,55.810001373291016,93.91999816894533,191.25,97.38999938964844,377.7300109863281,236.5,462.4400024414063,368.6499938964844,259.0899963378906,163.22999572753906,193.1849975585937,85.68499755859375,264.4800109863281,424.5484619140625,176.32000732421875,3.0799999237060547,165.05020141601562,1013.6199951171876,412.30999755859375,1134.3499755859375,125.97000122070312,361.2099914550781,43.95000076293945,286.25,127.0199966430664,43.31999969482422,402.3800048828125,253.97999572753903,266.19000244140625,166.33999633789062,1191.739990234375,391.260009765625,88.69000244140625,612.9099731445312,1331.72998046875,125.37000274658205,72.5,271.9828796386719,384.2799987792969,1032.121337890625,229.17999267578125,246.3099975585937,20.75,105.8000030517578,140.8000030517578,197.5800018310547,48.77000045776367,154.13999938964844,9.449999809265137,279.17999267578125,52.45000076293945,94.62999725341795,142.00596618652344,352.0400085449219,23.46942710876465,125.7300033569336,181.9199981689453,624.719970703125,27.64999961853028,10.149999618530272,261.19000244140625,454.5299987792969,745.760009765625,915.1900024414062,427.3399963378906,360.7900085449219,513.3300170898438,425.2999877929688,444.2300109863281,296.889892578125,10.550000190734863,14.220000267028809,311.4200134277344,498.010009765625,153.16000366210938,598.3699951171875
2026-07-02,308.6300048828125,259.2248840332031,219.72000122070312,377.1600036621094,406.4200134277344,312.7799987792969,603.0399780273438,517.8200073242188,374.1499938964844,242.6699981689453,159.99000549316406,33.060001373291016,315.2799987792969,1767.03466796875,360.4500122070313,195.1499938964844,216.1199951171875,58.130001068115234,97.54499816894533,191.0599975585937,96.54000091552734,373.1400146484375,239.25,422.4599914550781,333.3599853515625,241.9100036621093,166.11000061035156,193.97999572753903,81.74500274658203,260.3599853515625,393.6694946289063,173.3000030517578,3.200000047683716,146.535888671875,1002.02001953125,398.5199890136719,1113.1099853515625,131.27000427246094,359.9100036621094,41.22999954223633,289.5199890136719,120.3499984741211,38.81999969482422,426.010009765625,263.0400085449219,235.5500030517578,162.1300048828125,1213.9100341796875,351.4100036621094,84.63999938964844,582.9000244140625,1288.1600341796875,129.55999755859375,79.76000213623047,245.2294921875,390.489990234375,975.4099731445312,215.6199951171875,242.4100036621093,20.030000686645508,106.31999969482422,136.6999969482422,194.8300018310547,50.43000030517578,159.89999389648438,9.630000114440918,273.3599853515625,52.36000061035156,91.22000122070312,139.78370666503906,348.0599975585937,23.90186309814453,129.3000030517578,176.25,654.27001953125,27.21999931335449,9.760000228881836,260.1499938964844,437.1600036621094,744.780029296875,820.1599731445312,369.0899963378906,364.6700134277344,523.4400024414062,393.4500122070313,434.1600036621094,291.5870361328125,10.770000457763672,13.8100004196167,300.5299987792969,528.0399780273438,151.0500030517578,539.0
2026-07-06,312.6600036621094,252.9594573974609,218.07000732421875,388.8299865722656,432.739990234375,313.0400085449219,592.7899780273438,552.0499877929688,366.4400024414063,244.1600036621093,173.27999877929688,33.5,322.239990234375,1822.712646484375,373.8999938964844,190.1600036621093,208.4600067138672,56.70000076293945,93.93000030517578,196.88999938964844,97.5,375.7699890136719,245.8699951171875,433.8299865722656,335.70001220703125,265.54998779296875,165.64999389648438,199.3800048828125,86.45999908447266,255.3699951171875,411.1206359863281,173.6999969482422,3.240000009536743,145.04713439941406,998.8400268554688,413.4200134277344,1152.0400390625,129.61000061035156,366.4599914550781,43.150001525878906,299.5199890136719,122.1999969482422,43.90999984741211,432.8299865722656,259.3299865722656,233.3099975585937,174.22999572753906,1200.06005859375,350.20001220703125,87.58999633789062,600.2899780273438,1346.1300048828125,126.77999877929688,81.80000305175781,249.20852661132807,386.739990234375,984.75,213.0200042724609,247.5500030517578,20.190000534057617,107.93000030517578,140.51123046875,195.5500030517578,49.2599983215332,155.49000549316406,9.68000030517578,280.510009765625,51.84000015258789,94.69000244140624,143.2615966796875,357.5299987792969,23.31217765808105,132.5399932861328,186.47999572753903,649.8099975585938,27.190000534057617,9.609999656677246,262.0899963378906,442.2699890136719,751.280029296875,868.260009765625,379.5199890136719,377.7900085449219,517.5999755859375,419.7699890136719,451.7900085449219,301.9539794921875,10.59000015258789,13.770000457763672,318.4700012207031,529.5900268554688,157.22000122070312,577.4600219726562
2026-07-07,310.6600036621094,252.8502349853516,221.5399932861328,379.0299987792969,382.8900146484375,321.5899963378906,554.5,516.1099853515625,368.1000061035156,245.97999572753903,166.4600067138672,30.709999084472656,300.42999267578125,1745.023193359375,370.7799987792969,193.1199951171875,205.6999969482422,57.970001220703125,94.29000091552734,186.0800018310547,94.66999816894533,371.05999755859375,239.7100067138672,418.9100036621094,314.1300048828125,246.3999938964844,169.52000427246094,194.6199951171875,83.52999877929688,256.8099975585937,416.5915832519531,174.89999389648438,3.150000095367432,134.96568298339844,1022.9299926757812,395.6799926757813,1077.0799560546875,136.36000061035156,367.0299987792969,43.470001220703125,306.1300048828125,110.38999938964844,39.81499862670898,427.2999877929688,267.239990234375,216.47000122070312,165.63999938964844,1235.56005859375,326.1300048828125,84.1500015258789,615.5800170898438,1272.81005859375,128.86000061035156,79.7699966430664,230.64309692382807,388.8399963378906,938.3800048828124,195.19000244140625,268.8299865722656,18.875,110.7300033569336,137.52183532714844,196.92999267578125,49.63999938964844,157.02999877929688,9.09000015258789,273.1499938964844,47.900001525878906,91.0999984741211,141.1090850830078,337.0400085449219,23.65616035461425,134.3699951171875,182.97000122070312,676.22998046875,26.25,8.960000038146973,262.739990234375,436.6300048828125,747.7100219726562,827.6400146484375,343.1099853515625,366.6600036621094,516.6199951171875,402.8999938964844,432.5700073242188,291.805908203125,9.899999618530272,12.859999656677246,305.5799865722656,522.25,155.72999572753906,532.0999755859375
2026-07-08,313.3900146484375,250.9537506103516,220.94000244140625,385.3999938964844,393.1600036621094,323.5,570.5,517.4099731445312,367.989990234375,243.6199951171875,181.0500030517578,31.440000534057617,300.239990234375,1766.3656005859375,388.6900024414063,189.27999877929688,200.3600006103516,57.540000915527344,93.52999877929688,184.1100006103516,94.7300033569336,374.05999755859375,244.5200042724609,440.9700012207031,317.04998779296875,258.69000244140625,166.5800018310547,191.1199951171875,90.0,261.0899963378906,431.2573547363281,176.3000030517578,3.109999895095825,138.60260009765625,1015.969970703125,398.579345703125,1070.989990234375,135.82000732421875,361.9200134277344,44.66999816894531,302.04998779296875,110.23999786376952,43.005001068115234,415.1000061035156,263.3999938964844,221.17999267578125,166.47000122070312,1215.8299560546875,333.1499938964844,85.48999786376953,603.1199951171875,1315.510009765625,125.98999786376952,73.80000305175781,231.65286254882807,383.3399963378906,948.7999877929688,216.47999572753903,273.3999938964844,18.959999084472656,107.77999877929688,136.99371337890625,204.1199951171875,48.88999938964844,155.1699981689453,9.18000030517578,283.8099975585937,47.27999877929688,93.79000091552734,140.00294494628906,320.5899963378906,23.636505126953125,132.22000122070312,186.5599975585937,662.8800048828125,28.170000076293945,8.760000228881836,261.3099975585937,434.5,745.4000244140625,860.02001953125,351.57000732421875,367.8800048828125,510.1300048828125,394.05999755859375,436.9800109863281,299.7850952148437,9.93000030517578,13.140000343322754,317.8099975585937,498.4299926757813,154.82000732421875,550.2999877929688
2026-07-09,316.2200012207031,248.1437530517578,222.6499938964844,393.6400146484375,417.4500122070313,312.7900085449219,588.6599731445312,546.719970703125,363.6199951171875,247.0399932861328,184.69000244140625,32.290000915527344,327.8699951171875,1801.9195556640625,401.1099853515625,178.49000549316406,198.9100036621093,57.93999862670898,92.9800033569336,186.9900054931641,95.73999786376952,385.9500122070313,250.7400054931641,462.3399963378906,327.239990234375,265.6499938964844,162.5,198.3999938964844,89.69999694824219,269.0,449.4772644042969,179.3300018310547,3.1700000762939453,145.9763641357422,1034.8699951171875,404.8339538574219,1075.260009765625,134.83999633789062,358.8900146484375,49.11000061035156,295.29998779296875,112.54000091552734,41.720001220703125,411.5499877929688,259.1000061035156,229.5200042724609,173.55999755859375,1216.949951171875,353.1700134277344,88.26000213623047,631.47998046875,1374.1300048828125,125.06999969482422,76.55999755859375,243.2100067138672,384.3599853515625,991.6400146484376,216.1999969482422,275.79998779296875,19.290000915527344,108.83999633789062,139.9831085205078,202.77999877929688,48.880001068115234,154.6199951171875,9.479999542236328,290.5400085449219,49.27000045776367,97.87000274658205,143.72000122070312,338.3099975585937,23.833066940307617,129.0399932861328,191.1100006103516,667.9500122070312,28.239999771118164,9.029999732971191,267.489990234375,443.3699951171875,751.7100219726562,890.0900268554688,362.75,384.4400024414063,524.7100219726562,406.5499877929688,436.9599914550781,306.9583435058594,10.15999984741211,13.489999771118164,323.9200134277344,496.5,157.97999572753906,578.0499877929688
2026-07-10,315.32000732421875,246.32667541503903,223.63999938964844,395.6499938964844,412.9700012207031,298.760009765625,602.5,557.8900146484375,363.3900146484375,245.33999633789065,186.9600067138672,31.14999961853028,323.3900146484375,1794.9984130859375,399.9700012207031,171.61000061035156,199.1499938964844,57.58000183105469,91.48999786376952,186.0,95.98999786376952,384.1700134277344,251.3800048828125,460.7200012207031,324.5,257.7900085449219,163.32000732421875,187.17999267578125,88.87999725341797,257.5400085449219,434.2524108886719,180.4100036621093,3.2300000190734863,145.22698974609375,1051.2099609375,406.2803955078125,1091.5699462890625,129.8300018310547,357.17999267578125,48.540000915527344,287.5599975585937,109.83999633789062,41.13999938964844,406.7799987792969,256.9800109863281,231.5200042724609,171.0500030517578,1188.5799560546875,350.3299865722656,88.58999633789062,669.2100219726562,1352.739990234375,123.54000091552734,68.2699966430664,235.8099975585937,385.1000061035156,979.2999877929688,219.6499938964844,268.3999938964844,18.86000061035156,107.70999908447266,139.92330932617188,210.9600067138672,49.47999954223633,154.0500030517578,9.670000076293944,292.260009765625,48.84999847412109,95.95999908447266,140.63999938964844,325.9100036621094,23.75444221496582,126.79000091552734,189.1600036621093,664.52001953125,28.309999465942383,9.039999961853027,261.45001220703125,445.5,754.9500122070312,910.3400268554688,359.6000061035156,385.7999877929688,527.0499877929688,407.760009765625,434.1099853515625,309.8734130859375,10.529999732971191,13.579999923706056,318.8599853515625,485.3900146484375,158.86000061035156,582.5900268554688
2026-07-13,317.0365600585937,246.2472381591797,230.6100006103516,386.010009765625,362.0499877929688,288.0599975585937,575.3900146484375,534.3900146484375,360.4500122070313,247.3099975585937,181.1499938964844,28.84000015258789,298.989990234375,1723.8106689453125,384.0499877929688,169.47000122070312,209.02999877929688,59.34000015258789,90.06999969482422,177.13999938964844,90.1999969482422,377.9200134277344,257.57000732421875,445.4400024414063,307.3900146484375,236.8800048828125,171.22000122070312,187.9100036621093,83.30999755859375,260.239990234375,426.4053649902344,177.9199981689453,3.0299999713897705,136.15467834472656,1039.530029296875,401.86126708984375,1042.5999755859375,131.39999389648438,352.510009765625,47.2400016784668,288.1628723144531,103.12000274658205,38.97999954223633,407.1199951171875,257.7699890136719,222.25,156.0500030517578,1181.8699951171875,329.9200134277344,84.2300033569336,656.72998046875,1291.3800048828125,124.02999877929688,67.01000213623047,217.52999877929688,390.989990234375,937.0,210.509994506836,269.5299987792969,18.020000457763672,111.26000213623048,138.98663330078125,203.52999877929688,49.27999877929688,153.3699951171875,9.010000228881836,278.3900146484375,45.810001373291016,90.37000274658205,131.5399932861328,330.29998779296875,24.05911064147949,130.0399932861328,183.97999572753903,663.0900268554688,27.65999984741211,8.350000381469727,268.6499938964844,433.8200073242188,749.1699829101562,860.6599731445312,341.1099853515625,396.3500061035156,528.510009765625,394.760009765625,421.5799865722656,297.0491027832031,10.06999969482422,13.050000190734863,305.8699951171875,480.25,158.1199951171875,555.5499877929688
2026-07-14,314.58868408203125,243.0500030517578,220.77999877929688,392.75,361.7799987792969,281.260009765625,595.7000122070312,548.1300048828125,355.25,247.4900054931641,182.57000732421875,28.46999931335449,281.1700134277344,1773.3465576171875,389.1099853515625,164.5,191.9499969482422,56.95000076293945,90.4000015258789,179.8300018310547,91.56999969482422,376.7999877929688,256.42999267578125,446.9299926757813,310.7699890136719,236.17999267578125,167.55999755859375,210.72999572753903,79.94000244140625,270.7300109863281,456.7851867675781,173.11000061035156,3.1700000762939453,140.510986328125,1023.5399780273438,414.5001525878906,1066.010009765625,130.0399932861328,359.510009765625,49.560001373291016,215.52394104003903,107.76000213623048,38.59000015258789,379.5,253.8500061035156,230.3699951171875,159.3800048828125,1152.5400390625,346.1000061035156,87.11000061035156,661.0399780273438,1376.4100341796875,120.77999877929688,67.44000244140625,222.44000244140625,384.9299926757813,983.1199951171876,194.08999633789065,281.75,18.13999938964844,104.8499984741211,137.87060546875,211.8000030517578,49.06999969482422,150.36000061035156,9.359999656677246,283.8699951171875,46.2400016784668,93.7300033569336,127.94000244140624,352.8900146484375,23.833066940307617,133.72000122070312,178.10000610351562,656.1199951171875,27.64999961853028,8.600000381469727,275.94000244140625,425.8999938964844,751.8300170898438,878.3099975585938,353.2300109863281,396.9500122070313,534.0700073242188,396.1799926757813,420.3900146484375,303.9935302734375,10.390000343322754,13.229999542236328,303.5799865722656,476.30999755859375,158.42999267578125,563.3200073242188
2026-07-15,327.2178039550781,244.1100006103516,224.5599975585937,390.9599914550781,350.6199951171875,279.1400146484375,579.4299926757812,529.1400146484375,358.32000732421875,254.9600067138672,171.9199981689453,29.030000686645508,277.010009765625,1812.9254150390625,394.2799987792969,168.3699951171875,197.2400054931641,58.720001220703125,91.98999786376952,176.91000366210938,90.9800033569336,371.5,258.114990234375,418.4599914550781,299.3800048828125,226.7400054931641,167.0,206.7700042724609,77.12000274658203,264.4599914550781,411.9991760253906,176.07000732421875,3.0899999141693115,138.5726318359375,1022.5999755859376,411.8466796875,1055.280029296875,131.6999969482422,370.9200134277344,47.38999938964844,209.6957397460937,102.98999786376952,38.27999877929688,388.9700012207031,247.0200042724609,224.5,156.5399932861328,1154.9749755859375,335.42999267578125,86.26000213623047,681.3099975585938,1352.6600341796875,123.61000061035156,68.27999877929688,206.259994506836,395.6300048828125,904.280029296875,199.509994506836,273.0400085449219,17.8700008392334,104.7300033569336,137.4122314453125,212.5,50.560001373291016,150.8000030517578,9.25,279.010009765625,45.68999862670898,92.54000091552734,132.49000549316406,354.0199890136719,24.393266677856445,133.75999450683594,177.97999572753906,664.4500122070312,26.88999938964844,8.359999656677246,271.8699951171875,425.2799987792969,754.8099975585938,828.2999877929688,342.1199951171875,400.1199951171875,535.2899780273438,394.4599914550781,419.4800109863281,299.6557312011719,10.109999656677246,12.670000076293944,304.57000732421875,477.0799865722656,160.22999572753906,513.8400268554688
2026-07-16,332.97283935546875,254.38999938964844,235.3099975585937,380.5299987792969,319.739990234375,283.1499938964844,560.9299926757812,500.9400024414063,371.5799865722656,249.88999938964844,168.55999755859375,26.440000534057617,262.010009765625,1782.5645751953125,374.4500122070313,169.2899932861328,208.9199981689453,60.5099983215332,91.55999755859376,173.74000549316406,87.36000061035156,364.6499938964844,251.7700042724609,388.80999755859375,276.9599914550781,207.97000122070312,172.67999267578125,203.759994506836,72.91000366210938,262.32000732421875,390.7343444824219,173.60000610351562,2.8499999046325684,134.486083984375,1009.1400146484376,395.2973937988281,1036.219970703125,136.3000030517578,354.4599914550781,45.130001068115234,217.4898376464844,96.9800033569336,34.83000183105469,402.3299865722656,249.97000122070312,219.3699951171875,147.07000732421875,1167.4970703125,320.9599914550781,81.68000030517578,664.5399780273438,1305.6500244140625,127.62999725341795,63.150001525878906,188.3000030517578,401.1000061035156,853.2000122070312,171.77000427246094,272.4599914550781,16.200000762939453,104.01000213623048,132.2804412841797,207.3999938964844,51.47999954223633,152.72999572753906,8.859999656677246,270.6600036621094,41.70000076293945,88.12000274658203,124.20999908447266,353.989990234375,24.707763671875,134.44000244140625,170.61000061035156,678.9400024414062,24.68000030517578,7.639999866485596,270.0199890136719,417.0299987792969,750.719970703125,745.489990234375,322.29998779296875,368.2900085449219,543.1900024414062,391.05999755859375,409.739990234375,289.7365417480469,9.329999923706056,11.670000076293944,294.1099853515625,486.0299987792969,152.55999755859375,466.80999755859375
2026-07-17,333.452392578125,254.4900054931641,237.25,375.3599853515625,303.6199951171875,267.4700012207031,529.6599731445312,495.760009765625,366.2900085449219,247.22999572753903,168.61000061035156,25.790000915527344,267.19000244140625,1745.32275390625,370.8299865722656,168.89999389648438,205.9900054931641,60.7400016784668,91.4800033569336,171.17999267578125,85.62000274658203,330.1099853515625,252.38999938964844,374.4100036621094,277.6000061035156,202.67999267578125,170.77000427246094,203.0800018310547,73.20999908447266,258.69000244140625,395.6861267089844,173.8800048828125,2.819999933242798,138.62258911132812,1020.0,399.0082702636719,1057.8399658203125,134.27999877929688,346.7699890136719,45.81999969482422,211.1552734375,95.04000091552734,33.619998931884766,345.4200134277344,253.0399932861328,212.75,156.0500030517578,1177.4227294921875,313.29998779296875,80.95999908447266,646.010009765625,1312.0,127.5,61.81999969482422,188.67999267578125,393.8200073242188,848.9500122070312,177.7100067138672,277.6600036621094,16.030000686645508,103.23999786376952,128.6533203125,202.8099975585937,50.31999969482422,153.75999450683594,8.800000190734863,266.5299987792969,41.11000061035156,87.37000274658203,126.41000366210938,358.67999267578125,24.61931037902832,132.3800048828125,171.77999877929688,676.6900024414062,24.18000030517578,7.71999979019165,268.8999938964844,384.2799987792969,743.2899780273438,787.6599731445312,322.3599853515625,372.3699951171875,532.47998046875,380.8399963378906,398.3699951171875,282.5731811523437,9.279999732971191,11.489999771118164,289.5599975585937,485.6499938964844,155.44000244140625,477.2200012207031
2026-07-20,326.3085632324219,253.3800048828125,234.7400054931641,372.4599914550781,309.0899963378906,272.6700134277344,525.7000122070312,503.5700073242188,364.1700134277344,249.9900054931641,169.35000610351562,27.850000381469727,269.6099853515625,1736.7738037109375,378.1600036621094,164.52000427246094,199.9499969482422,60.15999984741211,92.16000366210938,169.29310607910156,84.8499984741211,329.92999267578125,253.11090087890625,378.7699890136719,285.3999938964844,212.07000732421875,173.7899932861328,198.4900054931641,73.05999755859375,263.20001220703125,381.25,176.25,2.8299999237060547,133.6767578125,1012.4722900390624,400.4248046875,1079.1800537109375,133.2100067138672,351.989990234375,44.560001373291016,211.48292541503903,97.05999755859376,40.20000076293945,353.1700134277344,248.82000732421875,207.3656311035156,156.38999938964844,1145.2589111328125,306.760009765625,80.51000213623047,645.8499755859375,1328.800048828125,124.4000015258789,59.4900016784668,194.94000244140625,402.2900085449219,865.4600219726562,182.6199951171875,272.4200134277344,16.40999984741211,104.6999969482422,130.1181182861328,203.27999877929688,48.98406600952149,149.55999755859375,8.729999542236328,267.17999267578125,41.5099983215332,86.69999694824219,121.37999725341795,348.6600036621094,24.32447052001953,134.85000610351562,170.32000732421875,671.3660888671875,23.82999992370605,7.960000038146973,274.3399963378906,378.4599914550781,742.0900268554688,802.4500122070312,333.760009765625,360.3200073242188,526.22998046875,369.5700073242188,402.2999877929688,282.6229553222656,9.399999618530272,11.739999771118164,291.6700134277344,480.5,157.99000549316406,487.4200134277344
2026-07-21,327.45758056640625,256.1000061035156,227.1600036621093,382.80999755859375,319.7900085449219,271.3699951171875,563.9469604492188,544.4299926757812,366.239990234375,247.5500030517578,174.5800018310547,30.049999237060547,289.7300109863281,1799.18310546875,386.5,169.33999633789062,203.1600036621093,60.93000030517578,92.33000183105467,172.8175506591797,88.68000030517578,344.6400146484375,261.8175354003906,408.7300109863281,317.2200012207031,223.8699951171875,170.05999755859375,191.1499938964844,79.58000183105469,254.7899932861328,404.1499938964844,179.30999755859375,2.990000009536743,140.05136108398438,1022.9920654296876,401.9610290527344,1078.81005859375,130.27999877929688,347.1499938964844,46.720001220703125,209.000732421875,105.4499969482422,41.290000915527344,350.0599975585937,250.6100006103516,217.3143768310547,171.24000549316406,1173.7281494140625,322.0,83.37999725341797,643.8099975585938,1383.260009765625,126.26000213623048,59.65999984741211,207.9600067138672,397.0026245117188,970.8200073242188,216.9199981689453,272.3099975585937,17.299999237060547,102.05999755859376,131.134521484375,207.2899932861328,48.7569694519043,153.8699951171875,9.170000076293944,273.1499938964844,44.130001068115234,91.05999755859376,127.0500030517578,342.1499938964844,24.51120376586914,132.66000366210938,173.5,674.4025268554688,25.5,8.710000038146973,271.7300109863281,389.0700073242188,748.280029296875,891.8300170898438,374.0400085449219,366.1400146484375,523.4600219726562,378.9299926757813,424.6099853515625,289.81610107421875,9.550000190734863,12.350000381469728,304.5,482.0,162.3300018310547,548.3900146484375
2026-07-22,325.60919189453125,253.3000030517578,218.3600006103516,386.7300109863281,330.8949890136719,266.989990234375,553.3283081054688,552.3300170898438,363.9232177734375,244.8500061035156,174.8699951171875,30.07999992370605,283.3999938964844,1799.5325927734375,396.80999755859375,169.72999572753906,197.7400054931641,60.7599983215332,91.83000183105467,174.894287109375,90.37000274658205,337.010009765625,274.4780578613281,397.1600036621094,312.19000244140625,228.2700042724609,163.0,188.4199981689453,82.63999938964844,245.7700042724609,441.7999877929688,178.41000366210938,3.049999952316284,137.3636474609375,1023.8479614257812,405.9113159179688,985.030029296875,130.33999633789062,342.0899963378906,48.130001068115234,204.304428100586,102.62000274658205,41.27999877929688,340.69000244140625,255.6300048828125,214.44761657714844,174.27999877929688,1161.3458251953125,319.2900085449219,85.0199966430664,627.1699829101562,1398.449951171875,127.47000122070312,58.06999969482422,210.9900054931641,389.6065673828125,959.47998046875,218.1600036621093,268.9800109863281,17.31999969482422,95.45999908447266,139.48486328125,212.0599975585937,47.58198165893555,153.0800018310547,9.4399995803833,278.79998779296875,44.5,92.33000183105467,125.83999633789062,335.2799987792969,24.393266677856445,124.56999969482422,175.6300048828125,650.4204711914062,30.559999465942383,8.680000305175781,267.79998779296875,377.6099853515625,747.4099731445312,908.0999755859376,369.4599914550781,377.4100036621094,526.4600219726562,374.010009765625,421.2099914550781,292.69140625,9.729999542236328,12.3100004196167,301.1600036621094,472.5700073242188,166.74000549316406,556.6699829101562
2026-07-23,321.3828430175781,256.9200134277344,212.1699981689453,380.2000122070313,326.9700012207031,268.739990234375,562.1987915039062,539.6900024414062,369.341552734375,233.6600036621093,176.61000061035156,29.88999938964844,283.0400085449219,1800.671142578125,392.4700012207031,168.27000427246094,200.6199951171875,61.5099983215332,92.05999755859376,176.3919219970703,89.33000183105469,330.4599914550781,275.177001953125,407.5299987792969,313.2200012207031,236.5,156.92999267578125,183.4199981689453,81.0999984741211,244.38999938964844,439.3399963378906,179.33999633789062,3.0899999141693115,135.1855010986328,1028.6351318359375,414.1111450195313,1031.18994140625,130.86000061035156,317.69000244140625,47.63999938964844,205.1781463623047,100.2300033569336,40.58000183105469,332.0199890136719,259.2699890136719,218.48306274414065,170.77999877929688,1184.173095703125,319.7799987792969,81.3499984741211,606.0999755859375,1397.1500244140625,130.47999572753906,57.02000045776367,209.32000732421875,380.8630065917969,990.2100219726562,220.97000122070312,262.32000732421875,16.8799991607666,91.94000244140624,142.48423767089844,208.759994506836,47.57210922241211,156.13999938964844,9.369999885559082,277.2900085449219,44.0,90.12999725341795,120.04000091552734,325.6300048828125,24.57999992370605,123.37000274658205,171.11000061035156,651.1495971679688,31.200000762939453,8.8100004196167,265.1300048828125,373.5199890136719,738.1799926757812,913.3599853515624,373.75,379.2699890136719,572.3200073242188,319.69000244140625,415.5799865722656,283.5382385253906,9.829999923706056,12.010000228881836,304.0400085449219,473.0899963378906,168.97999572753906,558.2999877929688
2026-07-24,332.7330322265625,259.3599853515625,225.1100006103516,371.8599853515625,291.5799865722656,271.7699890136719,535.6771850585938,521.9500122070312,373.8551940917969,232.1100006103516,173.99000549316406,27.190000534057617,260.010009765625,1754.8204345703125,381.9200134277344,169.25999450683594,202.19000244140625,62.09000015258789,89.33000183105469,174.2453155517578,87.86000061035156,326.239990234375,273.9289245605469,390.9599914550781,282.3900146484375,213.1499938964844,163.66000366210938,183.27999877929688,71.87999725341797,246.8600006103516,437.5,199.0800018310547,2.9100000858306885,129.0406951904297,1079.083984375,403.0782775878906,1014.75,129.30999755859375,319.739990234375,47.68999862670898,212.6644592285156,92.31999969482422,37.06999969482422,337.5,263.3999938964844,210.28233337402344,163.88999938964844,1194.318603515625,305.2099914550781,78.86000061035156,595.1900024414062,1333.81005859375,131.07000732421875,54.06999969482422,194.22999572753903,380.9828186035156,920.9500122070312,187.7700042724609,262.1499938964844,15.59000015258789,98.77999877929688,140.53115844726562,206.83999633789065,48.1546630859375,155.00999450683594,9.140000343322754,269.239990234375,40.25,86.80999755859375,114.98999786376952,323.7900085449219,24.540000915527344,122.91999816894533,166.97000122070312,655.244873046875,30.100000381469727,8.09000015258789,268.0599975585937,373.4700012207031,738.9299926757812,851.6900024414062,349.9200134277344,359.8999938964844,568.260009765625,313.0299987792969,403.4100036621094,278.15582275390625,9.510000228881836,11.300000190734863,290.3599853515625,477.3599853515625,163.3800048828125,519.7999877929688
2026-07-27,336.61968994140625,256.9100036621094,237.75,371.8900146484375,282.5199890136719,278.3999938964844,516.337890625,494.9500122070313,374.0739135742188,231.38999938964844,170.75999450683594,26.375,266.3299865722656,1653.1220703125,383.2200012207031,169.63999938964844,200.13999938964844,62.560001373291016,91.08999633789062,176.2521514892578,89.3499984741211,338.6099853515625,269.5855712890625,377.2699890136719,271.3099975585937,208.13999938964844,173.60000610351562,180.11000061035156,70.79000091552734,251.8600006103516,426.9100036621094,195.759994506836,2.9200000762939453,126.26305389404295,1041.8121337890625,397.66162109375,996.5700073242188,130.52000427246094,326.5599975585937,48.18999862670898,214.73956298828125,91.66999816894533,36.290000915527344,356.8299865722656,264.6448059082031,203.1304168701172,175.97999572753906,1195.81640625,291.6099853515625,77.43412017822266,593.8699951171875,1339.0799560546875,130.75999450683594,55.630001068115234,189.1699981689453,388.368896484375,900.2000122070312,187.8800048828125,265.6099853515625,16.790000915527344,105.55999755859376,136.01718139648438,196.509994506836,49.043304443359375,156.11000061035156,9.31999969482422,267.6700134277344,41.810001373291016,89.04000091552734,119.9000015258789,317.32000732421875,24.670000076293945,131.52999877929688,170.0399932861328,666.391845703125,29.809999465942383,8.539999961853027,272.9200134277344,388.989990234375,739.0900268554688,816.989990234375,334.7699890136719,347.07000732421875,559.530029296875,309.2200012207031,399.0899963378906,277.9866943359375,9.90999984741211,11.710000038146973,287.6000061035156,479.0,157.0800018310547,497.9200134277344
2026-07-28,339.78692626953125,263.20001220703125,249.17999267578125,365.8299865722656,260.2300109863281,288.4100036621094,475.9510498046875,454.6199951171875,390.8160705566406,230.8600006103516,169.7100067138672,26.6200008392334,244.7400054931641,1582.949951171875,380.9100036621094,172.47999572753906,205.6100006103516,63.59999847412109,92.4499969482422,169.40293884277344,86.95999908447266,344.7200012207031,259.42120361328125,350.510009765625,243.3300018310547,192.27999877929688,181.5,181.8000030517578,67.30000305175781,250.8800048828125,392.1000061035156,193.17999267578125,2.75,118.06000518798828,1029.9388427734375,385.3119812011719,943.3800048828124,134.32000732421875,333.7099914550781,45.59000015258789,225.92930603027344,86.30000305175781,33.93000030517578,361.7999877929688,265.42095947265625,190.5845947265625,169.64999389648438,1218.913330078125,269.6099853515625,75.25720977783203,593.4099731445312,1282.010009765625,131.82000732421875,55.80500030517578,174.47000122070312,392.6109008789063,820.530029296875,169.69000244140625,264.1000061035156,16.059999465942383,110.62000274658205,127.10880279541016,197.009994506836,50.31703186035156,159.85000610351562,9.18000030517578,259.1199951171875,39.58000183105469,84.38999938964844,119.95999908447266,319.0,25.25,123.52999877929688,162.8800048828125,694.3692016601562,28.450000762939453,8.220000267028809,270.3599853515625,383.8200073242188,740.8599853515625,747.2999877929688,320.6499938964844,326.04998779296875,576.4099731445312,307.44000244140625,392.30999755859375,275.6585998535156,9.4399995803833,11.329999923706056,269.5599975585937,490.3900146484375,148.63999938964844,463.510009765625
2026-07-29,337.8985900878906,263.29998779296875,263.42999267578125,353.3699951171875,249.74000549316406,286.6199951171875,435.9837951660156,429.55999755859375,385.3877868652344,226.64999389648438,157.97000122070312,23.219999313354492,224.88999938964844,1550.68994140625,370.32000732421875,173.3000030517578,209.22999572753906,63.099998474121094,92.94999694824219,157.19219970703125,84.56999969482422,332.760009765625,257.5540771484375,330.3699951171875,222.0500030517578,177.4499969482422,188.3800048828125,179.3800048828125,60.81999969482422,264.20001220703125,369.6400146484375,188.17999267578125,2.690000057220459,107.01000213623047,1003.2265014648438,360.9918212890625,900.280029296875,132.72999572753906,336.7099914550781,44.439998626708984,224.82720947265625,81.87999725341797,29.309999465942383,353.1000061035156,264.2268371582031,169.99786376953125,159.69000244140625,1208.28857421875,252.35000610351562,70.94316864013672,585.6099853515625,1248.760009765625,130.36000061035156,54.4900016784668,163.39999389648438,389.8061828613281,739.0,148.22000122070312,270.3800048828125,14.880000114440918,115.76000213623047,123.79058837890625,190.00999450683594,50.9292106628418,158.8300018310547,8.930000305175781,240.97999572753906,36.84000015258789,78.86000061035156,117.73999786376953,314.1499938964844,25.149999618530273,123.0,155.67999267578125,694.60888671875,25.700000762939453,7.590000152587891,282.8999938964844,373.69000244140625,729.4600219726562,764.4299926757812,319.4100036621094,316.19000244140625,576.4600219726562,298.32000732421875,374.6700134277344,269.9179992675781,9.039999961853027,10.739999771118164,223.0399932861328,483.3299865722656,142.80999755859375,462.0400085449219
2026-07-30,333.1426696777344,257.4100036621094,247.89999389648438,366.6700134277344,299.69000244140625,205.47999572753906,501.2340087890625,485.3900146484375,385.3877868652344,235.5,171.02000427246094,27.969999313354492,241.5399932861328,1651.43994140625,387.8399963378906,171.33999633789062,207.92999267578125,64.86000061035156,92.8499984741211,165.32936096191406,88.2300033569336,332.82000732421875,263.15545654296875,372.07000732421875,249.05999755859375,201.0800018310547,180.7100067138672,185.22000122070312,73.9000015258789,268.55999755859375,404.80999755859375,193.19000244140625,2.9200000762939453,117.11000061035156,1042.548583984375,385.9404602050781,981.97998046875,131.27999877929688,333.6600036621094,47.13999938964844,220.1606903076172,91.12999725341797,38.2599983215332,352.9700012207031,254.56451416015625,180.1264190673828,176.75,1153.3172607421875,297.7200012207031,74.5614013671875,539.030029296875,1316.1800537109375,129.7899932861328,57.91999816894531,183.3000030517578,450.2524108886719,874.6599731445312,188.42999267578125,283.3900146484375,16.68000030517578,110.06999969482422,133.4961395263672,195.0399932861328,50.958831787109375,158.44000244140625,9.319999694824219,245.16000366210938,41.09000015258789,83.73999786376953,127.55999755859375,325.67999267578125,24.90999984741211,122.26000213623047,151.60000610351562,737.4788818359375,27.729999542236328,8.600000381469727,298.1000061035156,372.3299865722656,741.6900024414062,851.6799926757812,365.489990234375,332.5400085449219,576.77001953125,308.8500061035156,403.30999755859375,277.3399963378906,9.739999771118164,11.710000038146973,227.5,481.70001220703125,148.6199951171875,533.0399780273438
2026-07-31,308.6438293457031,250.94000244140625,250.41000366210938,367.4100036621094,311.2300109863281,205.52000427246094,507.12774658203125,476.1499938964844,382.92218017578125,271.5799865722656,180.35000610351562,27.389999389648438,239.69000244140625,1629.0,389.2799987792969,169.63999938964844,202.9499969482422,65.30999755859375,90.58000183105469,168.43446350097656,86.37999725341797,340.0199890136719,262.3467102050781,377.04998779296875,262.8900146484375,206.99000549316406,184.02000427246094,190.86000061035156,71.7699966430664,267.9700012207031,405.3699951171875,188.52000427246094,2.809999942779541,119.05000305175781,1014.4329833984375,414.18096923828125,990.2899780273438,130.2100067138672,356.1300048828125,47.900001525878906,222.05706787109375,90.19999694824219,36.79999923706055,353.3299865722656,255.09190368652344,182.6136016845703,176.92999267578125,1147.196044921875,293.0199890136719,73.845703125,556.7100219726562,1426.030029296875,130.1999969482422,54.81999969482422,187.55999755859375,463.8468017578125,823.030029296875,190.41000366210938,278.9800109863281,15.90999984741211,111.2300033569336,133.8149871826172,200.75,46.48598861694336,156.14999389648438,9.149999618530273,229.16000366210938,38.83000183105469,81.61000061035156,129.8699951171875,331.8299865722656,25.010000228881836,123.05999755859375,147.61000061035156,761.7405395507812,28.399999618530273,8.420000076293945,293.2799987792969,388.760009765625,747.030029296875,856.1300048828125,367.69000244140625,334.1000061035156,574.2999877929688,311.2099914550781,404.25,275.739990234375,9.600000381469727,11.4399995803833,241.57000732421875,477.1000061035156,148.19000244140625,544.8400268554688
2026-08-03,303.1585693359375,245.10000610351562,251.33999633789062,361.8800048828125,321.04998779296875,220.3300018310547,517.656494140625,484.6400146484375,376.6687316894531,284.0199890136719,184.88999938964844,29.489999771118164,239.05999755859375,1642.52001953125,392.2300109863281,157.97000122070312,201.82000732421875,65.47000122070312,92.25,173.51644897460938,89.72000122070312,336.1499938964844,273.2898864746094,390.760009765625,288.1400146484375,218.35000610351562,185.9499969482422,202.5399932861328,85.76000213623047,273.6000061035156,429.0199890136719,191.22000122070312,2.880000114440918,125.19999694824219,1026.5350341796875,437.1544494628906,1006.760009765625,131.14999389648438,373.510009765625,50.2400016784668,224.69813537597656,91.0,39.75,375.4100036621094,253.1614227294922,182.54368591308594,184.75999450683594,1119.75537109375,294.6099853515625,74.7701416015625,590.239990234375,1344.3699951171875,127.7699966430664,55.13999938964844,193.77999877929688,486.73370361328125,829.5,212.5800018310547,282.739990234375,17.579999923706055,114.19000244140625,138.47000122070312,206.63999938964844,46.4958610534668,153.6699981689453,9.569999694824219,224.1699981689453,41.220001220703125,80.4000015258789,141.85000610351562,347.1300048828125,25.030000686645508,125.6500015258789,151.57000732421875,758.3544311523438,28.639999389648438,9.010000228881836,307.5299987792969,392.07000732421875,757.6699829101562,831.0599975585938,365.79998779296875,344.489990234375,574.030029296875,322.0799865722656,406.1099853515625,269.0400085449219,9.970000267028809,12.149999618530273,263.04998779296875,470.7200012207031,155.94000244140625,527.219970703125
2026-08-04,309.1134033203125,243.8000030517578,257.489990234375,380.2900085449219,361.6700134277344,219.0,546.0361328125,518.5800170898438,387.7539367675781,277.4200134277344,190.50999450683594,31.270000457763672,280.55999755859375,1711.8900146484375,418.1600036621094,155.6199951171875,208.4499969482422,65.88999938964844,91.3499984741211,172.12864685058594,93.08999633789062,340.6199951171875,266.8398132324219,411.1300048828125,323.7300109863281,237.9199981689453,190.99000549316406,211.22000122070312,91.9000015258789,288.1499938964844,467.2699890136719,193.88999938964844,2.9800000190734863,144.55999755859375,1046.5296630859375,443.6783752441406,1018.530029296875,135.25,377.6499938964844,52.38999938964844,233.47515869140625,100.86000061035156,40.849998474121094,368.2699890136719,253.67886352539062,195.22933959960938,189.24000549316406,1114.0836181640625,317.739990234375,80.18754577636719,587.9400024414062,1335.030029296875,128.0,56.9900016784668,218.58999633789062,491.884033203125,892.6699829101562,225.74000549316406,301.3299865722656,18.170000076293945,118.13999938964844,117.04000091552734,211.94000244140625,43.7213134765625,153.27000427246094,9.760000228881836,237.60000610351562,43.33000183105469,80.77999877929688,145.74000549316406,366.3399963378906,25.40999984741211,162.66000366210938,162.6699981689453,759.7727661132812,31.690000534057617,9.489999771118164,316.7699890136719,403.8599853515625,771.3300170898438,845.3499755859375,403.55999755859375,340.0,564.75,327.3500061035156,417.1700134277344,283.6300048828125,10.5,12.859999656677246,269.92999267578125,478.7099914550781,143.22999572753906,548.5599975585938
2026-08-05,310.7320251464844,246.1999969482422,259.32000732421875,377.69000244140625,318.42999267578125,228.72000122070312,533.6693115234375,482.04998779296875,405.46044921875,272.6499938964844,197.30999755859375,29.8700008392334,274.5799865722656,1678.219970703125,418.2799987792969,161.5,206.6300048828125,63.630001068115234,92.18000030517578,168.01513671875,94.2699966430664,337.07000732421875,264.71307373046875,408.8299865722656,328.2200012207031,224.6300048828125,192.97999572753906,209.86000061035156,89.88999938964844,283.1700134277344,462.70001220703125,194.92999267578125,3.0899999141693115,145.5500030517578,1051.1773681640625,446.1822204589844,1017.9600219726562,131.75999450683594,362.42999267578125,53.220001220703125,234.23968505859375,101.05999755859375,38.88999938964844,375.20001220703125,256.3258056640625,192.58233642578125,187.6300048828125,1168.18603515625,307.4200134277344,77.32477569580078,588.77001953125,1345.4599609375,128.3300018310547,56.255001068115234,211.02000427246094,486.5440673828125,893.1900024414062,218.99000549316406,292.9599914550781,17.8799991607666,117.22000122070312,120.7300033569336,219.22000122070312,43.96815872192383,154.44000244140625,10.039999961853027,231.14999389648438,42.9900016784668,76.91000366210938,144.38999938964844,362.6600036621094,25.809999465942383,158.42999267578125,157.52999877929688,767.68359375,30.31999969482422,9.380000114440918,316.8399963378906,400.82000732421875,769.7899780273438,837.6599731445312,389.3900146484375,329.8399963378906,577.8300170898438,321.54998779296875,414.0,277.7200012207031,10.720000267028809,12.4399995803833,277.94000244140625,484.8299865722656,140.5800018310547,519.1699829101562
2026-08-06,312.14080810546875,243.8699951171875,260.239990234375,377.30999755859375,331.5,216.1199951171875,526.9165649414062,489.2799987792969,402.497802734375,272.260009765625,192.32000732421875,28.860000610351562,286.67999267578125,1704.3699951171875,420.57000732421875,161.07000732421875,206.27999877929688,64.1500015258789,91.19000244140625,166.4376220703125,93.62000274658203,338.4200134277344,260.6992492675781,403.760009765625,334.2200012207031,230.42999267578125,186.77000427246094,207.38999938964844,85.33000183105469,229.2899932861328,437.6499938964844,192.55999755859375,3.130000114440918,142.64999389648438,1047.853271484375,447.0899963378906,1000.2999877929688,130.86000061035156,357.75,52.43000030517578,231.7674102783203,99.80999755859375,37.93000030517578,373.7099914550781,255.7188262939453,193.00186157226562,178.02999877929688,1190.234375,305.7699890136719,73.915283203125,589.9000244140625,1359.0799560546875,128.3699951171875,53.86000061035156,210.5399932861328,498.9207458496094,881.469970703125,189.8800048828125,284.42999267578125,17.610000610351562,117.3499984741211,119.05000305175781,218.99000549316406,45.389991760253906,154.2100067138672,10.229999542236328,231.77999877929688,42.189998626708984,78.33000183105469,143.47000122070312,359.489990234375,26.200000762939453,155.9199981689453,160.38999938964844,771.2094116210938,29.3799991607666,9.470000267028809,318.0,405.9800109863281,768.5599975585938,852.9500122070312,384.8900146484375,338.30999755859375,580.02001953125,319.5299987792969,418.20001220703125,278.3999938964844,10.760000228881836,12.899999618530273,275.1700134277344,484.0299987792969,141.3800048828125,451.5199890136719
2026-08-07,313.05999755859375,246.0399932861328,265.2099914550781,389.92999267578125,334.1700134277344,219.1999969482422,538.5641479492188,483.3599853515625,408.5623474121094,274.4800109863281,188.6699981689453,29.219999313354492,282.57000732421875,1740.989990234375,427.760009765625,161.4199981689453,207.94000244140625,64.72000122070312,93.66999816894531,169.632568359375,97.38999938964844,339.239990234375,269.47576904296875,412.3900146484375,379.1300048828125,249.88999938964844,192.74000549316406,214.4199981689453,90.66999816894531,233.92999267578125,453.7699890136719,193.8000030517578,3.2200000286102295,152.0800018310547,1037.6619873046875,448.67999267578125,990.3200073242188,133.2100067138672,354.29998779296875,53.220001220703125,235.58999633789062,101.6500015258789,41.22999954223633,378.80999755859375,257.96771240234375,197.88633728027344,191.3699951171875,1184.0133056640625,311.3500061035156,84.18350982666016,592.0999755859375,1401.5400390625,128.5800018310547,59.16999816894531,218.72000122070312,499.0505065917969,877.5700073242188,187.97000122070312,300.2699890136719,18.850000381469727,124.87999725341797,118.12999725341797,223.9600067138672,46.66371536254883,156.3300018310547,10.430000305175781,239.7100067138672,48.41999816894531,81.16999816894531,147.02000427246094,363.8599853515625,26.760000228881836,172.00999450683594,167.86000061035156,783.4451293945312,31.1299991607666,9.819999694824219,330.489990234375,415.989990234375,773.260009765625,812.760009765625,379.30999755859375,347.7099914550781,594.0,328.5799865722656,420.0400085449219,286.0799865722656,11.260000228881836,14.140000343322754,272.3999938964844,496.07000732421875,140.58999633789062,434.29998779296875
2026-08-10,308.260009765625,247.97000122070312,272.9599914550781,383.92999267578125,317.2300109863281,216.97999572753906,521.562255859375,469.55999755859375,414.7760314941406,278.0899963378906,191.52000427246094,29.059999465942383,267.8500061035156,1733.47998046875,422.3999938964844,161.91000366210938,207.1300048828125,64.83999633789062,92.80000305175781,168.61419677734375,97.30999755859375,331.9100036621094,270.0149230957031,387.70001220703125,325.1499938964844,239.93499755859375,197.50999450683594,225.16000366210938,88.19000244140625,260.7799987792969,457.8800048828125,191.3000030517578,3.259999990463257,144.2100067138672,1038.4183349609375,444.9599914550781,990.8499755859375,133.05999755859375,357.5199890136719,54.68000030517578,236.30999755859375,97.5199966430664,38.7400016784668,393.3800048828125,260.5251159667969,192.52239990234375,189.33999633789062,1230.1771240234375,306.3999938964844,80.90324401855469,594.9199829101562,1381.0999755859375,130.9199981689453,59.810001373291016,208.55999755859375,505.109130859375,861.0,184.11000061035156,310.5899963378906,18.56999969482422,127.44000244140625,118.91000366210938,217.5500030517578,47.127784729003906,156.7899932861328,10.300000190734863,233.42999267578125,44.4900016784668,79.77999877929688,151.0500030517578,385.0400085449219,27.049999237060547,175.22999572753906,162.1699981689453,807.1075439453125,31.459999084472656,9.180000305175781,334.70001220703125,411.67999267578125,773.030029296875,800.989990234375,365.1000061035156,343.19000244140625,599.6900024414062,330.8800048828125,418.4700012207031,280.44000244140625,11.380000114440918,14.289999961853027,270.1000061035156,523.9099731445312,142.8699951171875,438.3399963378906
2026-08-11,304.9100036621094,250.08999633789062,263.7099914550781,385.29998779296875,311.989990234375,221.1999969482422,525.0485229492188,474.32000732421875,411.89288330078125,272.2699890136719,197.85000610351562,29.690000534057617,268.92999267578125,1799.3800048828125,416.0799865722656,158.75,203.88999938964844,63.61000061035156,92.80000305175781,169.44288635253906,98.7300033569336,327.5299987792969,277.9327392578125,387.5299987792969,328.57000732421875,247.69000244140625,197.47000122070312,221.89999389648438,90.31999969482422,246.77999877929688,440.9700012207031,190.80999755859375,3.309999942779541,150.2100067138672,1027.4906005859375,459.2900085449219,1011.8800048828125,135.77000427246094,343.79998779296875,54.380001068115234,238.4199981689453,97.70999908447266,39.75,401.2300109863281,258.52496337890625,200.24368286132812,189.19000244140625,1213.2813720703125,311.4100036621094,80.53545379638672,599.1199951171875,1402.1099853515625,130.4199981689453,60.56999969482422,212.30999755859375,502.86334228515625,868.52001953125,193.22999572753906,306.9700012207031,19.3799991607666,127.54000091552734,119.79000091552734,217.5,46.57484817504883,154.61000061035156,10.5600004196167,236.3800048828125,47.0099983215332,81.11000061035156,145.47999572753906,383.79998779296875,26.6200008392334,174.94000244140625,162.67999267578125,796.0704345703125,31.600000381469727,9.890000343322754,334.1400146484375,410.9100036621094,770.5599975585938,820.52001953125,379.55999755859375,357.8800048828125,605.0,332.80999755859375,422.05999755859375,281.239990234375,11.460000038146973,14.779999732971191,281.80999755859375,529.6500244140625,144.9199981689453,437.92999267578125
2026-08-12,302.25,248.75999450683594,258.75,384.42999267578125,318.79998779296875,223.9499969482422,547.5645141601562,482.92999267578125,413.761962890625,267.2799987792969,210.5,31.149999618530273,271.8699951171875,1810.0699462890625,416.04998779296875,158.5,208.8699951171875,63.70000076293945,92.73999786376953,172.28839111328125,99.02999877929688,323.1300048828125,278.25225830078125,432.04998779296875,355.6400146484375,268.1600036621094,193.32000732421875,221.77999877929688,107.7300033569336,240.91000366210938,484.5,197.05999755859375,3.2899999618530273,161.0800018310547,1064.085693359375,459.9599914550781,1039.9000244140625,135.8699951171875,343.5400085449219,58.790000915527344,235.97999572753906,100.94999694824219,43.66999816894531,401.2699890136719,259.5797424316406,208.014892578125,185.05999755859375,1218.533935546875,326.1099853515625,78.96490478515625,578.8499755859375,1425.010009765625,132.9199981689453,63.66999816894531,217.0800018310547,491.5047302246094,911.2899780273438,259.20001220703125,311.45001220703125,19.010000228881836,124.94000244140625,120.66000366210938,224.08999633789062,45.804691314697266,152.32000732421875,10.550000190734863,233.41000366210938,45.130001068115234,83.31999969482422,153.27999877929688,387.010009765625,26.309999465942383,171.0399932861328,163.07000732421875,797.0592651367188,37.61000061035156,9.59000015258789,332.260009765625,412.32000732421875,772.489990234375,878.2100219726562,402.739990234375,365.07000732421875,603.010009765625,327.510009765625,429.1499938964844,276.5899963378906,11.359999656677246,14.470000267028809,288.3599853515625,525.72998046875,146.67999267578125,454.1000061035156
2026-08-13,305.260009765625,250.82000732421875,270.489990234375,381.1700134277344,322.7799987792969,227.1199951171875,533.968994140625,483.010009765625,415.4123229980469,265.1300048828125,203.6199951171875,30.6200008392334,278.6499938964844,1847.9000244140625,417.82000732421875,157.24000549316406,210.64999389648438,64.6500015258789,92.12000274658203,170.08187866210938,97.75,323.7699890136719,278.21234130859375,442.7900085449219,327.2300109863281,265.989990234375,201.3699951171875,225.52999877929688,106.29000091552734,252.24000549316406,494.510009765625,197.5800018310547,3.259999990463257,163.80999755859375,1068.673828125,453.3299865722656,1049.4200439453125,138.13999938964844,346.3599853515625,59.81999969482422,237.13999938964844,104.55999755859375,44.7599983215332,401.2699890136719,260.79376220703125,209.1336212158203,191.82000732421875,1207.27001953125,337.010009765625,77.22537231445312,594.969970703125,1362.550048828125,135.5500030517578,63.650001525878906,222.17999267578125,495.9463806152344,949.8300170898438,255.0399932861328,330.8299865722656,20.520000457763672,127.25,119.75,225.3000030517578,46.130531311035156,151.72000122070312,10.390000343322754,231.91000366210938,46.45000076293945,81.55999755859375,156.22000122070312,396.0,26.799999237060547,179.00999450683594,164.7899932861328,805.0299072265625,39.15999984741211,9.850000381469727,337.3800048828125,411.75,777.8800048828125,921.3699951171875,410.5199890136719,358.3999938964844,595.8900146484375,339.9599914550781,430.489990234375,273.42999267578125,11.1899995803833,14.579999923706055,287.07000732421875,516.4400024414062,146.39999389648438,487.2900085449219
2026-08-14,305.92999267578125,249.4600067138672,264.0199890136719,389.3900146484375,321.6099853515625,228.64999389648438,506.63824462890625,514.3900146484375,412.7975769042969,262.6499938964844,198.82000732421875,31.200000762939453,279.44000244140625,1844.0799560546875,392.989990234375,156.4499969482422,209.8300018310547,63.83000183105469,93.08999633789062,172.94735717773438,97.73999786376953,324.82000732421875,282.06640625,428.7699890136719,325.8299865722656,259.8999938964844,196.2100067138672,216.9499969482422,105.26000213623047,255.4600067138672,490.80999755859375,200.14999389648438,3.2300000190734863,161.75999450683594,1096.859130859375,451.510009765625,1063.25,138.36000061035156,345.8999938964844,58.709999084472656,234.32000732421875,102.5,44.060001373291016,394.510009765625,259.072265625,203.49000549316406,190.14999389648438,1180.1600341796875,332.3599853515625,78.69651794433594,589.8499755859375,1402.010009765625,135.83999633789062,63.31999969482422,222.02000427246094,494.4691467285156,971.6599731445312,277.67999267578125,315.7799987792969,19.65999984741211,124.0,126.23999786376953,225.16000366210938,45.31100082397461,150.8800048828125,10.390000343322754,234.7100067138672,44.380001068115234,82.66000366210938,150.52000427246094,384.2699890136719,26.790000915527344,174.0399932861328,165.7899932861328,802.5428466796875,39.84000015258789,9.390000343322754,328.9200134277344,421.5,776.3400268554688,973.4400024414062,418.7900085449219,362.739990234375,588.2899780273438,342.2699890136719,426.3500061035156,279.5799865722656,11.210000038146973,15.100000381469727,293.8399963378906,505.75,148.1300048828125,508.79998779296875
2026-08-17,305.5899963378906,250.3300018310547,254.0399932861328,390.2799987792969,320.1700134277344,224.60000610351562,534.7382202148438,506.0,416.943359375,261.30999755859375,201.8000030517578,31.18000030517578,271.42999267578125,1883.1199951171875,392.42999267578125,156.88999938964844,209.14999389648438,64.62999725341797,91.5999984741211,171.26998901367188,98.58000183105469,323.4700012207031,277.77301025390625,445.17999267578125,351.2200012207031,282.82000732421875,190.97000122070312,213.89999389648438,106.0,247.32000732421875,479.80999755859375,197.91000366210938,3.190000057220459,163.08999633789062,1092.390380859375,455.3999938964844,1079.0,138.9199981689453,344.0,57.61000061035156,228.85000610351562,103.48999786376953,44.900001525878906,390.3299865722656,261.0823669433594,205.75999450683594,184.1199951171875,1183.1600341796875,343.8399963378906,79.7800064086914,568.969970703125,1415.989990234375,135.97000122070312,64.45999908447266,234.3300018310547,479.44744873046875,1011.75,268.8500061035156,307.010009765625,19.59000015258789,117.69999694824219,122.37000274658203,225.00999450683594,44.880001068115234,151.97000122070312,10.75,232.72000122070312,43.880001068115234,83.37999725341797,146.64999389648438,375.760009765625,26.8700008392334,172.5500030517578,162.17999267578125,804.989990234375,38.279998779296875,9.1899995803833,330.1099853515625,413.2200012207031,772.6699829101562,994.7899780273438,443.1400146484375,356.9200134277344,585.510009765625,339.29998779296875,430.9700012207031,282.9100036621094,11.170000076293945,14.789999961853027,292.42999267578125,515.5499877929688,146.11000061035156,536.010009765625
2026-08-18,310.0299987792969,258.9200134277344,263.1400146484375,376.6300048828125,303.44000244140625,228.61000061035156,513.7806396484375,484.3900146484375,422.80908203125,259.45001220703125,193.17999267578125,28.510000228881836,253.32000732421875,1802.97998046875,380.0,160.10000610351562,212.5500030517578,66.05000305175781,92.75,165.00999450683594,96.02999877929688,316.5199890136719,266.8299865722656,405.5400085449219,306.42999267578125,245.97000122070312,196.13999938964844,212.9199981689453,93.16999816894531,246.0,468.6499938964844,195.25,3.1500000953674316,150.27000427246094,1079.929931640625,431.3299865722656,1004.530029296875,143.44000244140625,344.20001220703125,55.689998626708984,232.6699981689453,96.69000244140625,42.0,391.17999267578125,269.7794494628906,194.7899932861328,175.6999969482422,1225.72998046875,327.9200134277344,77.72238159179688,543.6699829101562,1333.1800537109375,135.1699981689453,62.959999084472656,216.0,480.72503662109375,940.760009765625,248.42999267578125,301.3599853515625,18.25,119.48999786376953,115.55999755859375,219.74000549316406,45.709999084472656,154.5500030517578,10.260000228881836,228.55999755859375,41.36000061035156,79.41999816894531,142.7899932861328,374.1400146484375,27.25,171.5399932861328,160.19000244140625,810.239990234375,37.40999984741211,8.640000343322754,325.3299865722656,404.4100036621094,767.4500122070312,903.6799926757812,404.2900085449219,317.6600036621094,589.0399780273438,336.8699951171875,413.4100036621094,272.239990234375,10.960000038146973,14.09000015258789,272.5400085449219,528.1900024414062,140.52000427246094,496.1600036621094
2026-08-19,316.8299865722656,265.9700012207031,272.4700012207031,373.260009765625,289.0199890136719,242.61000061035156,495.6400146484375,466.4200134277344,439.7898254394531,265.8399963378906,186.4499969482422,28.229999542236328,249.33999633789062,1751.72998046875,362.4800109863281,164.9499969482422,221.55999755859375,67.61000061035156,113.12000274658203,162.25999450683594,97.9800033569336,314.9800109863281,274.1700134277344,399.4700012207031,287.4700012207031,234.82000732421875,206.08999633789062,201.6300048828125,90.87000274658203,233.52000427246094,437.54998779296875,192.35000610351562,3.2200000286102295,144.27999877929688,1077.0799560546875,424.6700134277344,987.4600219726562,147.60000610351562,344.7200012207031,53.130001068115234,237.16000366210938,92.80000305175781,42.84000015258789,397.7200012207031,272.06817626953125,187.27000427246094,183.67999267578125,1280.3399658203125,307.1700134277344,76.6190185546875,546.030029296875,1300.1400146484375,152.1999969482422,174.3800048828125,237.27000427246094,483.3999938964844,937.1099853515625,223.89999389648438,291.8800048828125,19.149999618530273,127.19999694824219,120.58000183105469,217.55999755859375,46.47999954223633,160.30999755859375,10.5600004196167,226.02000427246094,42.939998626708984,76.58000183105469,143.80999755859375,359.760009765625,28.239999771118164,175.19000244140625,161.91000366210938,840.8400268554688,36.58000183105469,9.289999961853027,325.010009765625,401.239990234375,769.0599975585938,832.5599975585938,379.6499938964844,322.3500061035156,613.5399780273438,351.1199951171875,412.0899963378906,267.45001220703125,11.630000114440918,14.850000381469727,261.0,552.0599975585938,142.6999969482422,462.0899963378906
2026-08-20,311.29998779296875,261.8299865722656,272.2200012207031,370.239990234375,290.5199890136719,229.3000030517578,496.2099914550781,469.4599914550781,431.2099914550781,260.1099853515625,183.75,28.649999618530273,250.72000122070312,1750.31005859375,364.0299987792969,164.49000549316406,214.35000610351562,65.47000122070312,110.88999938964844,156.44000244140625,95.58999633789062,313.5899963378906,272.9200134277344,392.4800109863281,290.0299987792969,231.35000610351562,205.42999267578125,190.33999633789062,89.76000213623047,232.5500030517578,434.7799987792969,194.3000030517578,3.140000104904175,144.6300048828125,1082.6099853515625,415.2900085449219,966.010009765625,143.44000244140625,340.6700134277344,52.88999938964844,233.69000244140625,92.12999725341797,42.599998474121094,374.4800109863281,266.0578308105469,185.86000061035156,176.1300048828125,1244.4000244140625,310.5299987792969,75.35661315917969,545.8300170898438,1310.5999755859375,148.99000549316406,133.32000732421875,251.00999450683594,481.1499938964844,974.3300170898438,220.11000061035156,278.9100036621094,18.229999542236328,129.75,115.36000061035156,216.85000610351562,46.13999938964844,156.24000549316406,10.220000267028809,222.97000122070312,41.65999984741211,74.70999908447266,142.07000732421875,349.55999755859375,27.790000915527344,173.9600067138672,160.74000549316406,826.6400146484375,36.5,9.069999694824219,321.2900085449219,397.9200134277344,762.5999755859375,850.239990234375,383.1499938964844,316.989990234375,627.5499877929688,345.1300048828125,416.0,265.6000061035156,11.149999618530273,13.899999618530273,264.6300048828125,540.260009765625,138.94000244140625,469.04998779296875
2026-08-21,309.3500061035156,264.9599914550781,275.29998779296875,373.0899963378906,284.9700012207031,236.22000122070312,492.32000732421875,473.25,439.3299865722656,258.6300048828125,188.64999389648438,27.209999084472656,243.32000732421875,1763.760009765625,368.45001220703125,165.97999572753906,216.77999877929688,67.01000213623047,116.56999969482422,156.77999877929688,102.51000213623047,319.0199890136719,272.8800048828125,395.7900085449219,289.5199890136719,230.57000732421875,209.1699981689453,191.9499969482422,87.8499984741211,235.6199951171875,442.0799865722656,190.6199951171875,3.5,143.66000366210938,1065.3900146484375,419.20001220703125,956.8499755859375,146.1199951171875,344.82000732421875,53.45000076293945,235.67999267578125,90.06999969482422,41.880001068115234,378.80999755859375,268.9137268066406,183.99000549316406,186.25999450683594,1255.4000244140625,314.0,75.625,549.9000244140625,1316.280029296875,152.5500030517578,145.1300048828125,237.0399932861328,483.239990234375,966.780029296875,219.1300048828125,293.1400146484375,18.850000381469727,128.47999572753906,113.11000061035156,214.72000122070312,46.7400016784668,158.86000061035156,10.859999656677246,225.55999755859375,42.09000015258789,74.20999908447266,146.47000122070312,357.8699951171875,28.06999969482422,179.94000244140625,160.75,834.0399780273438,37.2400016784668,9.399999618530273,332.7799987792969,397.8699951171875,765.719970703125,850.0,375.739990234375,314.4599914550781,629.27001953125,362.8599853515625,418.95001220703125,264.3599853515625,12.760000228881836,15.140000343322754,261.95001220703125,548.0499877929688,136.2100067138672,459.44000244140625
2026-08-24,310.3399963378906,264.5199890136719,276.2699890136719,371.1700134277344,277.5299987792969,236.00999450683594,484.19000244140625,456.75,443.8399963378906,262.07000732421875,188.14999389648438,26.889999389648438,238.77999877929688,1740.1300048828125,358.760009765625,166.7100067138672,218.1199951171875,67.27999877929688,112.81999969482422,149.52000427246094,102.2699966430664,315.9200134277344,273.42999267578125,371.95001220703125,275.489990234375,222.61000061035156,209.05999755859375,190.67999267578125,86.25,225.77000427246094,433.19000244140625,188.5500030517578,3.5399999618530273,138.25,1055.199951171875,408.6700134277344,942.0999755859375,146.74000549316406,348.05999755859375,52.43000030517578,231.0399932861328,87.26000213623047,39.810001373291016,373.57000732421875,271.70001220703125,181.57000732421875,177.13999938964844,1246.9300537109375,310.1700134277344,74.20999908447266,559.02001953125,1285.030029296875,150.66000366210938,138.88999938964844,229.2899932861328,487.30999755859375,910.4299926757812,210.91000366210938,280.3500061035156,18.270000457763672,128.0500030517578,111.77999877929688,208.47999572753906,46.91999816894531,158.02000427246094,10.930000305175781,222.44000244140625,39.689998626708984,71.93000030517578,142.4499969482422,350.8999938964844,27.969999313354492,175.88999938964844,158.52999877929688,828.5,35.16999816894531,9.050000190734863,322.7799987792969,394.510009765625,763.469970703125,794.6500244140625,364.8999938964844,305.5350036621094,628.739990234375,348.95001220703125,410.1199951171875,258.94000244140625,12.510000228881836,14.880000114440918,254.97000122070312,547.5900268554688,135.66000366210938,435.3800048828125
2026-08-25,309.8999938964844,265.7900085449219,273.9200134277344,373.6600036621094,282.6499938964844,240.0800018310547,480.0400085449219,479.17999267578125,442.239990234375,261.05999755859375,190.94000244140625,28.850000381469727,241.55999755859375,1744.1600341796875,356.739990234375,169.66000366210938,220.77000427246094,67.91999816894531,114.05000305175781,149.72999572753906,106.95999908447266,331.8999938964844,278.4200134277344,387.6600036621094,288.1400146484375,226.50999450683594,205.69000244140625,185.3800048828125,88.04000091552734,222.99000549316406,451.5,192.32000732421875,3.7200000286102295,138.8699951171875,1073.43994140625,409.20001220703125,926.72998046875,148.77000427246094,346.9599914550781,53.439998626708984,234.19000244140625,87.4800033569336,42.209999084472656,371.8399963378906,273.1400146484375,183.33999633789062,193.38999938964844,1233.6600341796875,314.6600036621094,73.5,570.0499877929688,1304.1500244140625,156.4499969482422,158.8300018310547,240.3800048828125,491.7099914550781,932.969970703125,221.97000122070312,277.5799865722656,19.239999771118164,127.0,113.61000061035156,213.0500030517578,48.65999984741211,159.97999572753906,11.210000038146973,224.75,44.27000045776367,72.51000213623047,144.75999450683594,339.8999938964844,28.56999969482422,172.72999572753906,160.55999755859375,833.5599975585938,38.459999084472656,9.8100004196167,317.0199890136719,408.7900085449219,765.9099731445312,821.6699829101562,366.42999267578125,307.6700134277344,628.1500244140625,350.25,417.4100036621094,260.04998779296875,13.270000457763672,15.970000267028809,255.75,552.8499755859375,139.02999877929688,450.75
2026-08-26,313.45001220703125,262.8999938964844,273.4700012207031,371.79998779296875,290.29998779296875,239.0,479.760009765625,480.92999267578125,440.3399963378906,260.2799987792969,202.25,26.8700008392334,251.05999755859375,1745.6400146484375,355.5899963378906,166.27000427246094,221.07000732421875,67.56999969482422,112.55999755859375,153.16000366210938,107.36000061035156,334.67999267578125,279.5199890136719,404.0299987792969,294.3699951171875,226.49000549316406,205.6199951171875,189.17999267578125,88.01000213623047,227.6699981689453,463.82000732421875,193.42999267578125,3.630000114440918,142.4600067138672,1079.6099853515625,419.44000244140625,953.0900268554688,148.08999633789062,342.0,55.22999954223633,229.8699951171875,88.23999786376953,39.58000183105469,370.4200134277344,270.0,183.8300018310547,187.6300048828125,1189.4100341796875,312.8800048828125,74.05000305175781,576.1400146484375,1303.8800048828125,153.10000610351562,149.66000366210938,245.11000061035156,496.3699951171875,938.4000244140625,213.92999267578125,284.8900146484375,18.5,125.80000305175781,116.13999938964844,209.66000366210938,47.189998626708984,157.5399932861328,11.069999694824219,223.14999389648438,41.599998474121094,73.22000122070312,148.8699951171875,339.30999755859375,28.299999237060547,177.5,163.72000122070312,814.7899780273438,37.38999938964844,9.270000457763672,315.3699951171875,410.0,766.0800170898438,846.3699951171875,363.1000061035156,306.2900085449219,633.7100219726562,345.82000732421875,417.69000244140625,261.7699890136719,13.130000114440918,15.699999809265137,263.80999755859375,547.2899780273438,140.02999877929688,468.8800048828125
2026-08-27,314.5799865722656,258.1499938964844,289.1499938964844,374.5199890136719,304.0899963378906,236.55999755859375,482.3599853515625,476.6700134277344,436.989990234375,256.260009765625,201.08999633789062,27.440000534057617,255.2100067138672,1735.010009765625,371.5400085449219,164.52000427246094,221.5,66.94999694824219,111.4000015258789,155.85000610351562,106.33000183105469,347.54998779296875,282.4100036621094,399.8500061035156,295.3900146484375,240.24000549316406,252.0500030517578,227.9600067138672,86.80000305175781,242.92999267578125,472.260009765625,192.10000610351562,3.6700000762939453,145.30999755859375,1076.449951171875,416.0400085449219,953.8300170898438,148.86000061035156,340.6499938964844,54.40999984741211,238.7899932861328,92.08999633789062,40.529998779296875,367.07000732421875,265.7699890136719,183.77000427246094,194.77999877929688,1176.0999755859375,318.5799865722656,75.48999786376953,571.0999755859375,1311.0799560546875,149.5399932861328,142.77000427246094,241.4499969482422,505.05999755859375,935.3900146484375,218.47999572753906,308.2300109863281,19.239999771118164,138.42999267578125,114.41000366210938,227.97999572753906,46.2599983215332,154.64999389648438,11.1899995803833,225.86000061035156,42.529998779296875,74.80000305175781,151.94000244140625,382.8500061035156,28.020000457763672,185.92999267578125,164.77999877929688,807.7100219726562,38.459999084472656,9.739999771118164,329.1099853515625,464.8900146484375,771.0999755859375,847.2000122070312,372.05999755859375,304.5799865722656,630.7000122070312,354.80999755859375,427.29998779296875,266.5400085449219,13.619999885559082,15.739999771118164,269.2799987792969,547.5499877929688,139.80999755859375,462.0
2026-08-28,319.70001220703125,255.47999572753906,291.5199890136719,361.7799987792969,289.4700012207031,237.10000610351562,461.6700134277344,465.5799865722656,432.4200134277344,266.42999267578125,195.3800048828125,25.34000015258789,239.0500030517578,1696.1600341796875,368.7900085449219,162.6999969482422,218.5,66.58000183105469,102.07499694824219,152.85000610351562,100.01000213623047,340.3900146484375,276.75,378.44000244140625,279.20001220703125,232.75,256.0,218.39999389648438,84.2300033569336,236.97999572753906,456.239990234375,185.47000122070312,3.390000104904175,134.9199981689453,1044.4100341796875,402.7799987792969,911.9299926757812,145.67999267578125,346.5899963378906,52.310001373291016,235.58999633789062,89.47000122070312,35.45000076293945,372.6000061035156,268.0400085449219,175.5399932861328,175.77999877929688,1174.6099853515625,301.8999938964844,72.93000030517578,578.02001953125,1256.260009765625,148.35000610351562,137.99000549316406,216.6199951171875,513.530029296875,932.8599853515625,209.17999267578125,299.8399963378906,17.969999313354492,144.7100067138672,111.12000274658203,217.5500030517578,45.61000061035156,153.80999755859375,10.399999618530273,223.5800018310547,40.13999938964844,72.61000061035156,150.85000610351562,371.5899963378906,27.959999084472656,186.2899932861328,164.19000244140625,794.1900024414062,37.08000183105469,9.289999961853027,328.0,442.6099853515625,769.3499755859375,829.760009765625,354.9700012207031,296.1050109863281,622.1799926757812,348.75,417.5199890136719,258.6400146484375,12.399999618530273,14.670000076293945,257.0799865722656,541.6900024414062,137.08999633789062,459.45001220703125
